comment_id,post_id,timestamp,date,category,issue,opinion,group,num_reactions,reactions_like,reactions_love,reactions_haha,reactions_wow,reactions_sad,reactions_angry,link,text,comment_summary,post_text,post_summary
4641088776037610,4641060889373732,2026-07-29T16:20:30+00:00,2026-07-29,Businesses,Business Closures Safety,Antisocial behavior condemnation,"Beechdale, Birchills, Leamore and Reedswood.",2,2,0,0,0,0,0,https://www.facebook.com/groups/654222854724242/posts/4641060889373732?comment_id=4641088776037610,The low life scum will have to find somewhere else.,"Expresses approval of the shop closure, characterizing those responsible for the safety concerns as contemptible individuals who will be forced to relocate their problematic behavior elsewhere. Implies support for removing antisocial elements from the community.",Today morrisons daily/post office on Stephenson Square have decided in the best interest of the safe and well-being of the staff to CLOSE with IMMEDIATE effect. We would like to say thank you to our loyal customers and a final farewell to all that have supported the shop these past few years🫶.,"The immediate closure of the Morrisons Daily and Post Office on Stephenson Square is due to persistent safety concerns and antisocial behaviour, prompting supportive reactions from the local community."
4641094442703710,4641060889373732,2026-07-29T16:25:20+00:00,2026-07-29,Businesses,Business Closures Safety,Support for closure decision,"Beechdale, Birchills, Leamore and Reedswood.",2,2,0,0,0,0,0,https://www.facebook.com/groups/654222854724242/posts/4641060889373732?comment_id=4641094442703710,Don’t blame you,Expresses understanding and sympathy for the shop's decision to close immediately. Implies agreement that the closure was justified given the circumstances affecting staff safety.,Today morrisons daily/post office on Stephenson Square have decided in the best interest of the safe and well-being of the staff to CLOSE with IMMEDIATE effect. We would like to say thank you to our loyal customers and a final farewell to all that have supported the shop these past few years🫶.,"The immediate closure of the Morrisons Daily and Post Office on Stephenson Square is due to persistent safety concerns and antisocial behaviour, prompting supportive reactions from the local community."
4641101992702955,4641060889373732,2026-07-29T16:31:11+00:00,2026-07-29,Businesses,Business Closures Safety,Personal loss and sadness,"Beechdale, Birchills, Leamore and Reedswood.",2,1,1,0,0,0,0,https://www.facebook.com/groups/654222854724242/posts/4641060889373732?comment_id=4641101992702955,Omg stacey me an vay will miss ur smile on a morning look after yourself beaut hopefully c u around x,"Expresses personal sadness about Stacey's departure from the shop, mentioning missing her friendly demeanor during morning visits. Wishes her well and hopes to see her around the community in the future.",Today morrisons daily/post office on Stephenson Square have decided in the best interest of the safe and well-being of the staff to CLOSE with IMMEDIATE effect. We would like to say thank you to our loyal customers and a final farewell to all that have supported the shop these past few years🫶.,"The immediate closure of the Morrisons Daily and Post Office on Stephenson Square is due to persistent safety concerns and antisocial behaviour, prompting supportive reactions from the local community."
4641163566030131,4641060889373732,2026-07-29T17:26:30+00:00,2026-07-29,Businesses,Business Closures Safety,Personal loss and sadness,"Beechdale, Birchills, Leamore and Reedswood.",2,1,1,0,0,0,0,https://www.facebook.com/groups/654222854724242/posts/4641060889373732?comment_id=4641163566030131,Sad to it go,Expresses sadness about the closure of the Morrisons Daily and Post Office on Stephenson Square. The commenter appears to be a customer who valued the shop and regrets its departure.,Today morrisons daily/post office on Stephenson Square have decided in the best interest of the safe and well-being of the staff to CLOSE with IMMEDIATE effect. We would like to say thank you to our loyal customers and a final farewell to all that have supported the shop these past few years🫶.,"The immediate closure of the Morrisons Daily and Post Office on Stephenson Square is due to persistent safety concerns and antisocial behaviour, prompting supportive reactions from the local community."
4641179846028503,4641060889373732,2026-07-29T17:41:29+00:00,2026-07-29,Businesses,Business Closures Safety,Staff safety priority validation,"Beechdale, Birchills, Leamore and Reedswood.",2,1,1,0,0,0,0,https://www.facebook.com/groups/654222854724242/posts/4641060889373732?comment_id=4641179846028503,This is such ashame . You Have endured years of this so I don't blame you .you've made the Right desicion . Nobody should have to go to work full of fear all the best to you all x,"Expresses sympathy for the staff's decision to close, validating their experience of years of safety concerns and affirming that no worker should endure a fearful work environment. Offers supportive wishes to the departing staff.",Today morrisons daily/post office on Stephenson Square have decided in the best interest of the safe and well-being of the staff to CLOSE with IMMEDIATE effect. We would like to say thank you to our loyal customers and a final farewell to all that have supported the shop these past few years🫶.,"The immediate closure of the Morrisons Daily and Post Office on Stephenson Square is due to persistent safety concerns and antisocial behaviour, prompting supportive reactions from the local community."
4641198982693256,4641060889373732,2026-07-29T18:00:23+00:00,2026-07-29,Businesses,Business Closures Safety,Practical service concerns,"Beechdale, Birchills, Leamore and Reedswood.",1,1,0,0,0,0,0,https://www.facebook.com/groups/654222854724242/posts/4641060889373732?comment_id=4641198982693256,Call me stupid is this just the post office thats closing or Morrisons as well?,"Questions whether the closure announcement refers only to the Post Office or includes the Morrisons store as well, using self-deprecating language to soften what may be perceived as a naive question.",Today morrisons daily/post office on Stephenson Square have decided in the best interest of the safe and well-being of the staff to CLOSE with IMMEDIATE effect. We would like to say thank you to our loyal customers and a final farewell to all that have supported the shop these past few years🫶.,"The immediate closure of the Morrisons Daily and Post Office on Stephenson Square is due to persistent safety concerns and antisocial behaviour, prompting supportive reactions from the local community."
4641247172688437,4641060889373732,2026-07-29T18:39:57+00:00,2026-07-29,Businesses,Business Closures Safety,Practical service concerns,"Beechdale, Birchills, Leamore and Reedswood.",1,0,1,0,0,0,0,https://www.facebook.com/groups/654222854724242/posts/4641060889373732?comment_id=4641247172688437,"I'm sorry to hear this I hope you're all safe, could I please ask if any parcels will be collected and processed?","Expresses sympathy for the closure and concern for staff safety, then asks a practical question about whether parcels will continue to be collected and processed despite the immediate shutdown. The commenter appears to be a customer with pending parcels affected by the closure.",Today morrisons daily/post office on Stephenson Square have decided in the best interest of the safe and well-being of the staff to CLOSE with IMMEDIATE effect. We would like to say thank you to our loyal customers and a final farewell to all that have supported the shop these past few years🫶.,"The immediate closure of the Morrisons Daily and Post Office on Stephenson Square is due to persistent safety concerns and antisocial behaviour, prompting supportive reactions from the local community."
4642512692561885,4641060889373732,2026-07-30T16:09:26+00:00,2026-07-30,Businesses,Business Closures Safety,Staff safety priority validation,"Beechdale, Birchills, Leamore and Reedswood.",1,1,0,0,0,0,0,https://www.facebook.com/groups/654222854724242/posts/4641060889373732?comment_id=4642512692561885,"So sorry that you have to make this move, but you need to consider your own safety and well being. All the best.",Expresses sympathy for the shop's closure while validating the decision to prioritize staff safety and well-being. Offers supportive wishes for the future.,Today morrisons daily/post office on Stephenson Square have decided in the best interest of the safe and well-being of the staff to CLOSE with IMMEDIATE effect. We would like to say thank you to our loyal customers and a final farewell to all that have supported the shop these past few years🫶.,"The immediate closure of the Morrisons Daily and Post Office on Stephenson Square is due to persistent safety concerns and antisocial behaviour, prompting supportive reactions from the local community."
2229357367606191,2229336074274987,2026-08-05T16:31:07+00:00,2026-08-05,Businesses,Street Trading Disputes,Systemic problem across locations,Bloxwich Community Group,4,4,0,0,0,0,0,https://www.facebook.com/groups/846204072588201/posts/2229336074274987?comment_id=2229357367606191,It as been like that since it opened the same with the one up High St by the desolate arcade and the other one next to red lion pub the pavement and walkways rules don't apply for those id also point out it was the same under other councillors control.,"Argues that pavement obstruction by retail displays has been a longstanding problem across multiple locations in the town, and suggests this issue persists regardless of which political party controls the council, implying systemic enforcement failure rather than current mismanagement.","How do I complain and to whom about this sort of thing?... is what people have been asking: The Councillor with paid Portfolio responsibility for ""Street Scene and Enforcement"" is: Councillor Ian Benton (Reform) Address: Council House Lichfield Street Walsall WS1 1TW Email: Cllr.Ian.Benton@walsall.gov.uk Work Telephone No: 07584886907 How do I complain and to whom about this sort of thing?... is what people have been asking: The Councillor with paid Portfolio responsibility for ""Street Scene and Enforcement"" is: Councillor Ian Benton (Reform) Address: Council House Lichfield Street Walsall WS1 1TW Email: Cllr.Ian.Benton@walsall.gov.uk Work Telephone No: 07584886907","The community is divided over the use of pedestrian pavements for outdoor retail displays, debating whether such practices represent a public obstruction or a necessary means of revitalising the local economy and town centre vibrancy."
2229361617605766,2229336074274987,2026-08-05T16:36:59+00:00,2026-08-05,Businesses,Street Trading Disputes,,Bloxwich Community Group,3,3,0,0,0,0,0,https://www.facebook.com/groups/846204072588201/posts/2229336074274987?comment_id=2229361617605766,I walked past there this morning and thought jeeeeessssusss it looks like the Coventry or Stratford rd in Birmingham they will be open 24/7 soon just like them,"Criticizes the appearance and condition of the local area by comparing it unfavorably to neglected streets in Birmingham, suggesting that the situation is deteriorating and will worsen further with 24/7 retail operations. Implies concern that the town center is becoming increasingly run-down and commercialized in an undesirable way.","How do I complain and to whom about this sort of thing?... is what people have been asking: The Councillor with paid Portfolio responsibility for ""Street Scene and Enforcement"" is: Councillor Ian Benton (Reform) Address: Council House Lichfield Street Walsall WS1 1TW Email: Cllr.Ian.Benton@walsall.gov.uk Work Telephone No: 07584886907 How do I complain and to whom about this sort of thing?... is what people have been asking: The Councillor with paid Portfolio responsibility for ""Street Scene and Enforcement"" is: Councillor Ian Benton (Reform) Address: Council House Lichfield Street Walsall WS1 1TW Email: Cllr.Ian.Benton@walsall.gov.uk Work Telephone No: 07584886907","The community is divided over the use of pedestrian pavements for outdoor retail displays, debating whether such practices represent a public obstruction or a necessary means of revitalising the local economy and town centre vibrancy."
2229367330938528,2229336074274987,2026-08-05T16:44:18+00:00,2026-08-05,Businesses,Street Trading Disputes,,Bloxwich Community Group,7,7,0,0,0,0,0,https://www.facebook.com/groups/846204072588201/posts/2229336074274987?comment_id=2229367330938528,Awful,"Expresses strong disapproval of the situation described in the post, likely referring to either the street obstruction caused by retail displays on pavements or the perceived inadequacy of the council's enforcement response. The brevity makes the specific target ambiguous, though context suggests criticism of either the retailers' practices or the councillor's handling of street scene enforcement.","How do I complain and to whom about this sort of thing?... is what people have been asking: The Councillor with paid Portfolio responsibility for ""Street Scene and Enforcement"" is: Councillor Ian Benton (Reform) Address: Council House Lichfield Street Walsall WS1 1TW Email: Cllr.Ian.Benton@walsall.gov.uk Work Telephone No: 07584886907 How do I complain and to whom about this sort of thing?... is what people have been asking: The Councillor with paid Portfolio responsibility for ""Street Scene and Enforcement"" is: Councillor Ian Benton (Reform) Address: Council House Lichfield Street Walsall WS1 1TW Email: Cllr.Ian.Benton@walsall.gov.uk Work Telephone No: 07584886907","The community is divided over the use of pedestrian pavements for outdoor retail displays, debating whether such practices represent a public obstruction or a necessary means of revitalising the local economy and town centre vibrancy."
2229375230937738,2229336074274987,2026-08-05T16:54:10+00:00,2026-08-05,Businesses,Street Trading Disputes,Provides complaint contact information,Bloxwich Community Group,2,2,0,0,0,0,0,https://www.facebook.com/groups/846204072588201/posts/2229336074274987?comment_id=2229375230937738,Report it in writing not over the phone .,Advises that complaints about street scene and enforcement issues should be submitted in writing rather than by telephone to the relevant councillor. This suggests a preference for documented communication that creates an official record.,"How do I complain and to whom about this sort of thing?... is what people have been asking: The Councillor with paid Portfolio responsibility for ""Street Scene and Enforcement"" is: Councillor Ian Benton (Reform) Address: Council House Lichfield Street Walsall WS1 1TW Email: Cllr.Ian.Benton@walsall.gov.uk Work Telephone No: 07584886907 How do I complain and to whom about this sort of thing?... is what people have been asking: The Councillor with paid Portfolio responsibility for ""Street Scene and Enforcement"" is: Councillor Ian Benton (Reform) Address: Council House Lichfield Street Walsall WS1 1TW Email: Cllr.Ian.Benton@walsall.gov.uk Work Telephone No: 07584886907","The community is divided over the use of pedestrian pavements for outdoor retail displays, debating whether such practices represent a public obstruction or a necessary means of revitalising the local economy and town centre vibrancy."
2229377577604170,2229336074274987,2026-08-05T16:57:09+00:00,2026-08-05,Businesses,Street Trading Disputes,Adequate space for pedestrians,Bloxwich Community Group,34,31,1,0,2,0,0,https://www.facebook.com/groups/846204072588201/posts/2229336074274987?comment_id=2229377577604170,I don't have a problem with it ..there's plenty of room to walk ..they are just trying to attract business,"Defends the practice of displaying retail goods on pavements, arguing there is sufficient space for pedestrians to walk around the displays and that businesses are simply attempting to generate trade. Takes a permissive stance against those complaining about the obstruction.","How do I complain and to whom about this sort of thing?... is what people have been asking: The Councillor with paid Portfolio responsibility for ""Street Scene and Enforcement"" is: Councillor Ian Benton (Reform) Address: Council House Lichfield Street Walsall WS1 1TW Email: Cllr.Ian.Benton@walsall.gov.uk Work Telephone No: 07584886907 How do I complain and to whom about this sort of thing?... is what people have been asking: The Councillor with paid Portfolio responsibility for ""Street Scene and Enforcement"" is: Councillor Ian Benton (Reform) Address: Council House Lichfield Street Walsall WS1 1TW Email: Cllr.Ian.Benton@walsall.gov.uk Work Telephone No: 07584886907","The community is divided over the use of pedestrian pavements for outdoor retail displays, debating whether such practices represent a public obstruction or a necessary means of revitalising the local economy and town centre vibrancy."
2229380180937243,2229336074274987,2026-08-05T17:00:14+00:00,2026-08-05,Businesses,Street Trading Disputes,,Bloxwich Community Group,30,29,0,1,0,0,0,https://www.facebook.com/groups/846204072588201/posts/2229336074274987?comment_id=2229380180937243,Every day our town gets more like some Asian street market . This is England i hope the council can put a stop to this and the many illegal businesses,Expresses concern that the town is becoming increasingly like an Asian street market and appeals to the council to stop this trend and address illegal businesses. The comment implies disapproval of the current retail practices and suggests they are culturally incompatible with England.,"How do I complain and to whom about this sort of thing?... is what people have been asking: The Councillor with paid Portfolio responsibility for ""Street Scene and Enforcement"" is: Councillor Ian Benton (Reform) Address: Council House Lichfield Street Walsall WS1 1TW Email: Cllr.Ian.Benton@walsall.gov.uk Work Telephone No: 07584886907 How do I complain and to whom about this sort of thing?... is what people have been asking: The Councillor with paid Portfolio responsibility for ""Street Scene and Enforcement"" is: Councillor Ian Benton (Reform) Address: Council House Lichfield Street Walsall WS1 1TW Email: Cllr.Ian.Benton@walsall.gov.uk Work Telephone No: 07584886907","The community is divided over the use of pedestrian pavements for outdoor retail displays, debating whether such practices represent a public obstruction or a necessary means of revitalising the local economy and town centre vibrancy."
2229382157603712,2229336074274987,2026-08-05T17:03:02+00:00,2026-08-05,Businesses,Street Trading Disputes,Dismisses complaints as trivial,Bloxwich Community Group,35,35,0,0,0,0,0,https://www.facebook.com/groups/846204072588201/posts/2229336074274987?comment_id=2229382157603712,"You know what while your at ask them to close all the shops like you haven’t got enough room to walk through or round it’s a pedestrianised area how much room do you need it’s a minor inconvenience anyone would think it’s the end of the world if your going to complain about something at least let it be about complaining like it seems the traffic wardens have forgotten about all the cars being parked outside the garage in proffit street I wonder why 🤔 now the cars and vans parked are a danger to other traffic, but no let’s trifle on about someone using part of the pavement to sell their wears 😂😂","Criticizes the original complaint about pavement retail displays as trivial and disproportionate, arguing that pedestrians have sufficient space in the pedestrianized area and should accept minor inconveniences. Redirects focus to what the commenter views as a more serious enforcement failure: illegally parked cars and vans on Proffit Street near the garage, which pose genuine traffic hazards but are being ignored by traffic wardens, suggesting selective or negligent enforcement by local authorities.","How do I complain and to whom about this sort of thing?... is what people have been asking: The Councillor with paid Portfolio responsibility for ""Street Scene and Enforcement"" is: Councillor Ian Benton (Reform) Address: Council House Lichfield Street Walsall WS1 1TW Email: Cllr.Ian.Benton@walsall.gov.uk Work Telephone No: 07584886907 How do I complain and to whom about this sort of thing?... is what people have been asking: The Councillor with paid Portfolio responsibility for ""Street Scene and Enforcement"" is: Councillor Ian Benton (Reform) Address: Council House Lichfield Street Walsall WS1 1TW Email: Cllr.Ian.Benton@walsall.gov.uk Work Telephone No: 07584886907","The community is divided over the use of pedestrian pavements for outdoor retail displays, debating whether such practices represent a public obstruction or a necessary means of revitalising the local economy and town centre vibrancy."
2229382930936968,2229336074274987,2026-08-05T17:04:10+00:00,2026-08-05,Businesses,Street Trading Disputes,Misplaced priorities argument,Bloxwich Community Group,44,43,0,0,0,0,0,https://www.facebook.com/groups/846204072588201/posts/2229336074274987?comment_id=2229382930936968,I think walsall has more pressing matters to be concerned with rather than wasting energy on this. Its like an actual ghost town nothing like it was 20 years ago. Its a real shame.,"Argues that Walsall has more significant problems to address than the pavement display issue and expresses nostalgia for the town's past, lamenting its current decline compared to 20 years ago. Implies that the council should prioritize broader economic and social revitalization rather than enforcement of street trading regulations.","How do I complain and to whom about this sort of thing?... is what people have been asking: The Councillor with paid Portfolio responsibility for ""Street Scene and Enforcement"" is: Councillor Ian Benton (Reform) Address: Council House Lichfield Street Walsall WS1 1TW Email: Cllr.Ian.Benton@walsall.gov.uk Work Telephone No: 07584886907 How do I complain and to whom about this sort of thing?... is what people have been asking: The Councillor with paid Portfolio responsibility for ""Street Scene and Enforcement"" is: Councillor Ian Benton (Reform) Address: Council House Lichfield Street Walsall WS1 1TW Email: Cllr.Ian.Benton@walsall.gov.uk Work Telephone No: 07584886907","The community is divided over the use of pedestrian pavements for outdoor retail displays, debating whether such practices represent a public obstruction or a necessary means of revitalising the local economy and town centre vibrancy."
2229397084268886,2229336074274987,2026-08-05T17:22:33+00:00,2026-08-05,Businesses,Street Trading Disputes,Council enforcement failure,Bloxwich Community Group,8,6,0,2,0,0,0,https://www.facebook.com/groups/846204072588201/posts/2229336074274987?comment_id=2229397084268886,"Pete Smith I’ve already raised this prior to our new Reform UK Party - Walsall taking council and I’ve brought it up with Richard Tapper! I’ve been asking for two years regarding these shops and taking up the path ways… regardless if there’s space to walk or not we don’t see Poundland, boots, Superdrug show casing they’re stock on the high street! I even sent pictures regarding this two Christmas’s ago when the town was actually packed and people where bumping into exchother getting around these pathetic stands And when they decided to erect scaffolding around the outside I sent pictures now they have gazebos? WHAT BEING DONE? The leather museum as been sorted now sort this tacky shops out","Criticizes the council and Reform UK for failing to address the obstruction of pavements by retail displays from shops like Poundland, Boots, and Superdrug despite raising the issue for two years with councillor Richard Tapper, providing photographic evidence, and noting the problem worsened during busy periods and after temporary structures were erected. Expresses frustration that while the leather museum received attention, these 'tacky shops' remain unresolved and demands action.","How do I complain and to whom about this sort of thing?... is what people have been asking: The Councillor with paid Portfolio responsibility for ""Street Scene and Enforcement"" is: Councillor Ian Benton (Reform) Address: Council House Lichfield Street Walsall WS1 1TW Email: Cllr.Ian.Benton@walsall.gov.uk Work Telephone No: 07584886907 How do I complain and to whom about this sort of thing?... is what people have been asking: The Councillor with paid Portfolio responsibility for ""Street Scene and Enforcement"" is: Councillor Ian Benton (Reform) Address: Council House Lichfield Street Walsall WS1 1TW Email: Cllr.Ian.Benton@walsall.gov.uk Work Telephone No: 07584886907","The community is divided over the use of pedestrian pavements for outdoor retail displays, debating whether such practices represent a public obstruction or a necessary means of revitalising the local economy and town centre vibrancy."
2229406620934599,2229336074274987,2026-08-05T17:34:33+00:00,2026-08-05,Businesses,Street Trading Disputes,Council enforcement failure,Bloxwich Community Group,6,6,0,0,0,0,0,https://www.facebook.com/groups/846204072588201/posts/2229336074274987?comment_id=2229406620934599,I'm guessing the council couldn't give a shit as long as the shop is paying its rates,"Expresses cynicism about local council priorities, suggesting that the council is indifferent to pavement obstruction issues as long as the offending shop continues paying business rates. Implies that financial considerations override enforcement of street scene regulations.","How do I complain and to whom about this sort of thing?... is what people have been asking: The Councillor with paid Portfolio responsibility for ""Street Scene and Enforcement"" is: Councillor Ian Benton (Reform) Address: Council House Lichfield Street Walsall WS1 1TW Email: Cllr.Ian.Benton@walsall.gov.uk Work Telephone No: 07584886907 How do I complain and to whom about this sort of thing?... is what people have been asking: The Councillor with paid Portfolio responsibility for ""Street Scene and Enforcement"" is: Councillor Ian Benton (Reform) Address: Council House Lichfield Street Walsall WS1 1TW Email: Cllr.Ian.Benton@walsall.gov.uk Work Telephone No: 07584886907","The community is divided over the use of pedestrian pavements for outdoor retail displays, debating whether such practices represent a public obstruction or a necessary means of revitalising the local economy and town centre vibrancy."
2229411760934085,2229336074274987,2026-08-05T17:41:35+00:00,2026-08-05,Businesses,Street Trading Disputes,Systemic problem across locations,Bloxwich Community Group,6,6,0,0,0,0,0,https://www.facebook.com/groups/846204072588201/posts/2229336074274987?comment_id=2229411760934085,"It’s been like this for absolutely ages, how come people are just asking the question now?","Questions why community members are only now raising complaints about a longstanding issue with pavement obstructions, implying frustration that the problem has existed for a considerable time without prior action or attention.","How do I complain and to whom about this sort of thing?... is what people have been asking: The Councillor with paid Portfolio responsibility for ""Street Scene and Enforcement"" is: Councillor Ian Benton (Reform) Address: Council House Lichfield Street Walsall WS1 1TW Email: Cllr.Ian.Benton@walsall.gov.uk Work Telephone No: 07584886907 How do I complain and to whom about this sort of thing?... is what people have been asking: The Councillor with paid Portfolio responsibility for ""Street Scene and Enforcement"" is: Councillor Ian Benton (Reform) Address: Council House Lichfield Street Walsall WS1 1TW Email: Cllr.Ian.Benton@walsall.gov.uk Work Telephone No: 07584886907","The community is divided over the use of pedestrian pavements for outdoor retail displays, debating whether such practices represent a public obstruction or a necessary means of revitalising the local economy and town centre vibrancy."
2229411987600729,2229336074274987,2026-08-05T17:41:50+00:00,2026-08-05,Businesses,Street Trading Disputes,Dismisses complaints as trivial,Bloxwich Community Group,21,21,0,0,0,0,0,https://www.facebook.com/groups/846204072588201/posts/2229336074274987?comment_id=2229411987600729,I don't know what people's problem is tbf at the end of the day it's not in the way just walk on the other side if there's a problem they trying to attract business and u got people moaning 🤷‍♂️,"Dismisses complaints about pavement retail displays as unreasonable, arguing they pose no genuine obstruction since pedestrians can simply walk around them, and suggests critics should accept this practice as a legitimate business attraction strategy for the town centre. Implies that complainants are being overly fussy and obstructive to local economic revival efforts.","How do I complain and to whom about this sort of thing?... is what people have been asking: The Councillor with paid Portfolio responsibility for ""Street Scene and Enforcement"" is: Councillor Ian Benton (Reform) Address: Council House Lichfield Street Walsall WS1 1TW Email: Cllr.Ian.Benton@walsall.gov.uk Work Telephone No: 07584886907 How do I complain and to whom about this sort of thing?... is what people have been asking: The Councillor with paid Portfolio responsibility for ""Street Scene and Enforcement"" is: Councillor Ian Benton (Reform) Address: Council House Lichfield Street Walsall WS1 1TW Email: Cllr.Ian.Benton@walsall.gov.uk Work Telephone No: 07584886907","The community is divided over the use of pedestrian pavements for outdoor retail displays, debating whether such practices represent a public obstruction or a necessary means of revitalising the local economy and town centre vibrancy."
2229417994266795,2229336074274987,2026-08-05T17:49:19+00:00,2026-08-05,Businesses,Street Trading Disputes,Supports displays as economic necessity,Bloxwich Community Group,23,23,0,0,0,0,0,https://www.facebook.com/groups/846204072588201/posts/2229336074274987?comment_id=2229417994266795,Some will moan about this. Some are happy enough. Prefer too see this then empty shops myself glad there making a few pounds too keep them open.,"Acknowledges that the pavement retail displays will provoke complaints from some residents but expresses personal support for the practice as preferable to empty shops, viewing it as economically beneficial for keeping local businesses viable.","How do I complain and to whom about this sort of thing?... is what people have been asking: The Councillor with paid Portfolio responsibility for ""Street Scene and Enforcement"" is: Councillor Ian Benton (Reform) Address: Council House Lichfield Street Walsall WS1 1TW Email: Cllr.Ian.Benton@walsall.gov.uk Work Telephone No: 07584886907 How do I complain and to whom about this sort of thing?... is what people have been asking: The Councillor with paid Portfolio responsibility for ""Street Scene and Enforcement"" is: Councillor Ian Benton (Reform) Address: Council House Lichfield Street Walsall WS1 1TW Email: Cllr.Ian.Benton@walsall.gov.uk Work Telephone No: 07584886907","The community is divided over the use of pedestrian pavements for outdoor retail displays, debating whether such practices represent a public obstruction or a necessary means of revitalising the local economy and town centre vibrancy."
2229418810933380,2229336074274987,2026-08-05T17:50:39+00:00,2026-08-05,Businesses,Street Trading Disputes,Systemic problem across locations,Bloxwich Community Group,4,4,0,0,0,0,0,https://www.facebook.com/groups/846204072588201/posts/2229336074274987?comment_id=2229418810933380,This was happening long before reform got in,"Suggests that the street obstruction issue predates the current Reform-led council administration, implying that blaming the Reform councillor is unfair or that the problem is not new. This deflects responsibility from the current administration by pointing to historical precedent.","How do I complain and to whom about this sort of thing?... is what people have been asking: The Councillor with paid Portfolio responsibility for ""Street Scene and Enforcement"" is: Councillor Ian Benton (Reform) Address: Council House Lichfield Street Walsall WS1 1TW Email: Cllr.Ian.Benton@walsall.gov.uk Work Telephone No: 07584886907 How do I complain and to whom about this sort of thing?... is what people have been asking: The Councillor with paid Portfolio responsibility for ""Street Scene and Enforcement"" is: Councillor Ian Benton (Reform) Address: Council House Lichfield Street Walsall WS1 1TW Email: Cllr.Ian.Benton@walsall.gov.uk Work Telephone No: 07584886907","The community is divided over the use of pedestrian pavements for outdoor retail displays, debating whether such practices represent a public obstruction or a necessary means of revitalising the local economy and town centre vibrancy."
2229426057599322,2229336074274987,2026-08-05T18:01:12+00:00,2026-08-05,Businesses,Street Trading Disputes,Supports displays as economic necessity,Bloxwich Community Group,84,81,2,1,0,0,0,https://www.facebook.com/groups/846204072588201/posts/2229336074274987?comment_id=2229426057599322,people moan about walsall been dead and the shops empty but then try and get their businesses closed. pathetic.,Criticizes community members for complaining about Walsall's economic decline while simultaneously attempting to shut down local businesses through enforcement complaints. Implies that such actions are hypocritical and counterproductive to revitalizing the town centre.,"How do I complain and to whom about this sort of thing?... is what people have been asking: The Councillor with paid Portfolio responsibility for ""Street Scene and Enforcement"" is: Councillor Ian Benton (Reform) Address: Council House Lichfield Street Walsall WS1 1TW Email: Cllr.Ian.Benton@walsall.gov.uk Work Telephone No: 07584886907 How do I complain and to whom about this sort of thing?... is what people have been asking: The Councillor with paid Portfolio responsibility for ""Street Scene and Enforcement"" is: Councillor Ian Benton (Reform) Address: Council House Lichfield Street Walsall WS1 1TW Email: Cllr.Ian.Benton@walsall.gov.uk Work Telephone No: 07584886907","The community is divided over the use of pedestrian pavements for outdoor retail displays, debating whether such practices represent a public obstruction or a necessary means of revitalising the local economy and town centre vibrancy."
2229433907598537,2229336074274987,2026-08-05T18:11:19+00:00,2026-08-05,Businesses,Street Trading Disputes,Dismisses complaints as trivial,Bloxwich Community Group,5,5,0,0,0,0,0,https://www.facebook.com/groups/846204072588201/posts/2229336074274987?comment_id=2229433907598537,Complain about what ?,"Questions what specific issue the post is referring to, implying skepticism about whether there is actually a legitimate complaint to be made regarding the street scene matter being discussed.","How do I complain and to whom about this sort of thing?... is what people have been asking: The Councillor with paid Portfolio responsibility for ""Street Scene and Enforcement"" is: Councillor Ian Benton (Reform) Address: Council House Lichfield Street Walsall WS1 1TW Email: Cllr.Ian.Benton@walsall.gov.uk Work Telephone No: 07584886907 How do I complain and to whom about this sort of thing?... is what people have been asking: The Councillor with paid Portfolio responsibility for ""Street Scene and Enforcement"" is: Councillor Ian Benton (Reform) Address: Council House Lichfield Street Walsall WS1 1TW Email: Cllr.Ian.Benton@walsall.gov.uk Work Telephone No: 07584886907","The community is divided over the use of pedestrian pavements for outdoor retail displays, debating whether such practices represent a public obstruction or a necessary means of revitalising the local economy and town centre vibrancy."
2229447730930488,2229336074274987,2026-08-05T18:30:14+00:00,2026-08-05,Businesses,Street Trading Disputes,,Bloxwich Community Group,5,5,0,0,0,0,0,https://www.facebook.com/groups/846204072588201/posts/2229336074274987?comment_id=2229447730930488,Might only be one doing this today but if this doesnt get stopped asap the next thing is all the shops will be doing it’ 😏😏,"Warns that if the current practice of displaying retail goods on pavements is not stopped immediately, it will become normalized and spread to all shops in the area. Expresses concern about the escalation of this behavior through sarcastic tone.","How do I complain and to whom about this sort of thing?... is what people have been asking: The Councillor with paid Portfolio responsibility for ""Street Scene and Enforcement"" is: Councillor Ian Benton (Reform) Address: Council House Lichfield Street Walsall WS1 1TW Email: Cllr.Ian.Benton@walsall.gov.uk Work Telephone No: 07584886907 How do I complain and to whom about this sort of thing?... is what people have been asking: The Councillor with paid Portfolio responsibility for ""Street Scene and Enforcement"" is: Councillor Ian Benton (Reform) Address: Council House Lichfield Street Walsall WS1 1TW Email: Cllr.Ian.Benton@walsall.gov.uk Work Telephone No: 07584886907","The community is divided over the use of pedestrian pavements for outdoor retail displays, debating whether such practices represent a public obstruction or a necessary means of revitalising the local economy and town centre vibrancy."
2229458047596123,2229336074274987,2026-08-05T18:44:38+00:00,2026-08-05,Businesses,Street Trading Disputes,,Bloxwich Community Group,0,0,0,0,0,0,0,https://www.facebook.com/groups/846204072588201/posts/2229336074274987?comment_id=2229458047596123,"To be honest I see both sides ,, it is obstruction of public walk way and they don’t have a license to trade outside the building ,,, but I also see that businesses , do tout on to the street in order to attract customers ,,,","Acknowledges both the legitimate enforcement concern that street displays obstruct public walkways and lack proper trading licenses, while also recognizing that businesses commonly use street frontage displays as a practical marketing strategy to attract customers. Implies the issue involves competing valid interests rather than a clear-cut violation.","How do I complain and to whom about this sort of thing?... is what people have been asking: The Councillor with paid Portfolio responsibility for ""Street Scene and Enforcement"" is: Councillor Ian Benton (Reform) Address: Council House Lichfield Street Walsall WS1 1TW Email: Cllr.Ian.Benton@walsall.gov.uk Work Telephone No: 07584886907 How do I complain and to whom about this sort of thing?... is what people have been asking: The Councillor with paid Portfolio responsibility for ""Street Scene and Enforcement"" is: Councillor Ian Benton (Reform) Address: Council House Lichfield Street Walsall WS1 1TW Email: Cllr.Ian.Benton@walsall.gov.uk Work Telephone No: 07584886907","The community is divided over the use of pedestrian pavements for outdoor retail displays, debating whether such practices represent a public obstruction or a necessary means of revitalising the local economy and town centre vibrancy."
2229466730928588,2229336074274987,2026-08-05T18:56:47+00:00,2026-08-05,Businesses,Street Trading Disputes,Accessibility concerns for disabled,Bloxwich Community Group,26,25,0,1,0,0,0,https://www.facebook.com/groups/846204072588201/posts/2229336074274987?comment_id=2229466730928588,Arrogant behaviour because nobody complains. If Tesco put loads of pallets outside on the pavement causing risk to disabled people (blind people especially) then there'd be uproar. Why is this shop any different?,"Criticizes a local shop for displaying merchandise on the pavement as arrogant behavior that creates accessibility hazards for disabled people, particularly those who are blind. Argues this practice should face the same enforcement scrutiny and public outcry that would occur if a major retailer like Tesco engaged in similar obstruction.","How do I complain and to whom about this sort of thing?... is what people have been asking: The Councillor with paid Portfolio responsibility for ""Street Scene and Enforcement"" is: Councillor Ian Benton (Reform) Address: Council House Lichfield Street Walsall WS1 1TW Email: Cllr.Ian.Benton@walsall.gov.uk Work Telephone No: 07584886907 How do I complain and to whom about this sort of thing?... is what people have been asking: The Councillor with paid Portfolio responsibility for ""Street Scene and Enforcement"" is: Councillor Ian Benton (Reform) Address: Council House Lichfield Street Walsall WS1 1TW Email: Cllr.Ian.Benton@walsall.gov.uk Work Telephone No: 07584886907","The community is divided over the use of pedestrian pavements for outdoor retail displays, debating whether such practices represent a public obstruction or a necessary means of revitalising the local economy and town centre vibrancy."
2229481917593736,2229336074274987,2026-08-05T19:18:05+00:00,2026-08-05,Businesses,Street Trading Disputes,Supports displays as economic necessity,Bloxwich Community Group,36,36,0,0,0,0,0,https://www.facebook.com/groups/846204072588201/posts/2229336074274987?comment_id=2229481917593736,"This is one issue I am not with you on because in my view we want more like it. Not only is it convenient for shoppers it adds vibrancy and character to the town. Cheap stuff? Yes but because they can't compete with online shopping and the goods they sell is not feasible to post. This could be the beginning of Walsall's recovery by attracting outside buyers and help our market regrow. If anything, these money laundering hairdressers and vape shops deserve our attention more.","Argues in favor of pavement retail displays as beneficial for town revival and consumer convenience, defending them against criticism by noting they serve goods unsuitable for online delivery and help local businesses compete. Redirects concern toward what the commenter views as more serious issues, specifically alleging that hairdressers and vape shops engage in money laundering.","How do I complain and to whom about this sort of thing?... is what people have been asking: The Councillor with paid Portfolio responsibility for ""Street Scene and Enforcement"" is: Councillor Ian Benton (Reform) Address: Council House Lichfield Street Walsall WS1 1TW Email: Cllr.Ian.Benton@walsall.gov.uk Work Telephone No: 07584886907 How do I complain and to whom about this sort of thing?... is what people have been asking: The Councillor with paid Portfolio responsibility for ""Street Scene and Enforcement"" is: Councillor Ian Benton (Reform) Address: Council House Lichfield Street Walsall WS1 1TW Email: Cllr.Ian.Benton@walsall.gov.uk Work Telephone No: 07584886907","The community is divided over the use of pedestrian pavements for outdoor retail displays, debating whether such practices represent a public obstruction or a necessary means of revitalising the local economy and town centre vibrancy."
2229489280926333,2229336074274987,2026-08-05T19:29:11+00:00,2026-08-05,Businesses,Street Trading Disputes,Dismisses complaints as trivial,Bloxwich Community Group,4,4,0,0,0,0,0,https://www.facebook.com/groups/846204072588201/posts/2229336074274987?comment_id=2229489280926333,There's a bench there to sit on - somewhere .Do you really want to sit down surrounded by white pillows etc,"Suggests that seating is already available in the area and questions whether people would actually want to sit surrounded by retail merchandise displays like pillows. Implies skepticism about complaints regarding the pavement obstruction, using sarcasm to defend the current retail display practices.","How do I complain and to whom about this sort of thing?... is what people have been asking: The Councillor with paid Portfolio responsibility for ""Street Scene and Enforcement"" is: Councillor Ian Benton (Reform) Address: Council House Lichfield Street Walsall WS1 1TW Email: Cllr.Ian.Benton@walsall.gov.uk Work Telephone No: 07584886907 How do I complain and to whom about this sort of thing?... is what people have been asking: The Councillor with paid Portfolio responsibility for ""Street Scene and Enforcement"" is: Councillor Ian Benton (Reform) Address: Council House Lichfield Street Walsall WS1 1TW Email: Cllr.Ian.Benton@walsall.gov.uk Work Telephone No: 07584886907","The community is divided over the use of pedestrian pavements for outdoor retail displays, debating whether such practices represent a public obstruction or a necessary means of revitalising the local economy and town centre vibrancy."
2229507907591137,2229336074274987,2026-08-05T19:57:24+00:00,2026-08-05,Businesses,Street Trading Disputes,Dismisses complaints as trivial,Bloxwich Community Group,0,0,0,0,0,0,0,https://www.facebook.com/groups/846204072588201/posts/2229336074274987?comment_id=2229507907591137,"It’s a shame those moaning don’t get off their backsides and do something to help rejuvenate Walsall, like open up shops and businesses to attract people and profit to the town. This is the least of Walsall’s problems. There are so many deprived areas, rubbish being dumped or not collected by the council for starters. Have you seen the rat problem in areas like Pleck?! Huge rats in the streets and no one taking responsibility for getting rid of them. I think that’s more serious than a few bits in a pedestrianised area where hardly any shops exist anymore. It’s a real sad state of affairs.","Criticizes complainants for not taking initiative to improve Walsall through business development, and argues that pavement retail displays are a minor issue compared to more serious problems like waste collection failures and rat infestations in deprived areas like Pleck. Implies the town's decline is due to lack of entrepreneurship and council neglect of greater priorities.","How do I complain and to whom about this sort of thing?... is what people have been asking: The Councillor with paid Portfolio responsibility for ""Street Scene and Enforcement"" is: Councillor Ian Benton (Reform) Address: Council House Lichfield Street Walsall WS1 1TW Email: Cllr.Ian.Benton@walsall.gov.uk Work Telephone No: 07584886907 How do I complain and to whom about this sort of thing?... is what people have been asking: The Councillor with paid Portfolio responsibility for ""Street Scene and Enforcement"" is: Councillor Ian Benton (Reform) Address: Council House Lichfield Street Walsall WS1 1TW Email: Cllr.Ian.Benton@walsall.gov.uk Work Telephone No: 07584886907","The community is divided over the use of pedestrian pavements for outdoor retail displays, debating whether such practices represent a public obstruction or a necessary means of revitalising the local economy and town centre vibrancy."
2229512637590664,2229336074274987,2026-08-05T20:04:03+00:00,2026-08-05,Businesses,Street Trading Disputes,Dismisses complaints as trivial,Bloxwich Community Group,3,3,0,0,0,0,0,https://www.facebook.com/groups/846204072588201/posts/2229336074274987?comment_id=2229512637590664,Bloody hell Get a grip Moan moan moan,"Dismisses the concerns raised in the post as excessive complaining, telling people to stop whining and take action themselves rather than continuing to voice grievances. Expresses frustration with what the commenter perceives as unproductive venting about the street display issue.","How do I complain and to whom about this sort of thing?... is what people have been asking: The Councillor with paid Portfolio responsibility for ""Street Scene and Enforcement"" is: Councillor Ian Benton (Reform) Address: Council House Lichfield Street Walsall WS1 1TW Email: Cllr.Ian.Benton@walsall.gov.uk Work Telephone No: 07584886907 How do I complain and to whom about this sort of thing?... is what people have been asking: The Councillor with paid Portfolio responsibility for ""Street Scene and Enforcement"" is: Councillor Ian Benton (Reform) Address: Council House Lichfield Street Walsall WS1 1TW Email: Cllr.Ian.Benton@walsall.gov.uk Work Telephone No: 07584886907","The community is divided over the use of pedestrian pavements for outdoor retail displays, debating whether such practices represent a public obstruction or a necessary means of revitalising the local economy and town centre vibrancy."
2229525447589383,2229336074274987,2026-08-05T20:25:46+00:00,2026-08-05,Businesses,Street Trading Disputes,Council enforcement failure,Bloxwich Community Group,4,3,0,1,0,0,0,https://www.facebook.com/groups/846204072588201/posts/2229336074274987?comment_id=2229525447589383,If it was our shop this would no be allowed put it one rule for them and one rule for us this pavement for the pedestrian not for obstruction,"Criticizes what the commenter perceives as a double standard in enforcement, arguing that if a private shop owner displayed goods on the pavement they would face penalties, but apparently a business is being allowed to do so. Asserts that pavements are designated for pedestrian use and should not be obstructed by retail displays.","How do I complain and to whom about this sort of thing?... is what people have been asking: The Councillor with paid Portfolio responsibility for ""Street Scene and Enforcement"" is: Councillor Ian Benton (Reform) Address: Council House Lichfield Street Walsall WS1 1TW Email: Cllr.Ian.Benton@walsall.gov.uk Work Telephone No: 07584886907 How do I complain and to whom about this sort of thing?... is what people have been asking: The Councillor with paid Portfolio responsibility for ""Street Scene and Enforcement"" is: Councillor Ian Benton (Reform) Address: Council House Lichfield Street Walsall WS1 1TW Email: Cllr.Ian.Benton@walsall.gov.uk Work Telephone No: 07584886907","The community is divided over the use of pedestrian pavements for outdoor retail displays, debating whether such practices represent a public obstruction or a necessary means of revitalising the local economy and town centre vibrancy."
2229526950922566,2229336074274987,2026-08-05T20:28:55+00:00,2026-08-05,Businesses,Street Trading Disputes,Dismisses complaints as trivial,Bloxwich Community Group,1,1,0,0,0,0,0,https://www.facebook.com/groups/846204072588201/posts/2229336074274987?comment_id=2229526950922566,Just be thankful there are still shops open in Walsall. Its a dive,"Expresses a dismissive view of Walsall's retail situation, suggesting that residents should be grateful for any shops remaining open while characterizing the town as undesirable. Implies broader dissatisfaction with the town's condition and vibrancy.","How do I complain and to whom about this sort of thing?... is what people have been asking: The Councillor with paid Portfolio responsibility for ""Street Scene and Enforcement"" is: Councillor Ian Benton (Reform) Address: Council House Lichfield Street Walsall WS1 1TW Email: Cllr.Ian.Benton@walsall.gov.uk Work Telephone No: 07584886907 How do I complain and to whom about this sort of thing?... is what people have been asking: The Councillor with paid Portfolio responsibility for ""Street Scene and Enforcement"" is: Councillor Ian Benton (Reform) Address: Council House Lichfield Street Walsall WS1 1TW Email: Cllr.Ian.Benton@walsall.gov.uk Work Telephone No: 07584886907","The community is divided over the use of pedestrian pavements for outdoor retail displays, debating whether such practices represent a public obstruction or a necessary means of revitalising the local economy and town centre vibrancy."
2229539847587943,2229336074274987,2026-08-05T20:50:40+00:00,2026-08-05,Businesses,Street Trading Disputes,Supports displays as economic necessity,Bloxwich Community Group,1,1,0,0,0,0,0,https://www.facebook.com/groups/846204072588201/posts/2229336074274987?comment_id=2229539847587943,"I get where you’re coming from. It is a bit of a pain having to walk around it. But please put your energy into something more positive. Us retailers in Walsall are clinging on! Walsall council don’t help us, the police are so far stretched that they can’t help us. Having to go around this sort of thing is the least of our worries, honestly. I know you mean well, but getting another shop closed down is not the answer. They’re actually really nice folk in there too, don’t be someone who makes them loose their job, please.","Urges the original poster to redirect their complaint efforts toward more constructive causes, arguing that local retailers are struggling and that pursuing enforcement action against the shop could result in job losses. Implicitly criticizes the post's complaint approach as counterproductive to community wellbeing, while defending the shop owners as decent people.","How do I complain and to whom about this sort of thing?... is what people have been asking: The Councillor with paid Portfolio responsibility for ""Street Scene and Enforcement"" is: Councillor Ian Benton (Reform) Address: Council House Lichfield Street Walsall WS1 1TW Email: Cllr.Ian.Benton@walsall.gov.uk Work Telephone No: 07584886907 How do I complain and to whom about this sort of thing?... is what people have been asking: The Councillor with paid Portfolio responsibility for ""Street Scene and Enforcement"" is: Councillor Ian Benton (Reform) Address: Council House Lichfield Street Walsall WS1 1TW Email: Cllr.Ian.Benton@walsall.gov.uk Work Telephone No: 07584886907","The community is divided over the use of pedestrian pavements for outdoor retail displays, debating whether such practices represent a public obstruction or a necessary means of revitalising the local economy and town centre vibrancy."
2229563640918897,2229336074274987,2026-08-05T21:33:31+00:00,2026-08-05,Businesses,Street Trading Disputes,Supports displays as economic necessity,Bloxwich Community Group,0,0,0,0,0,0,0,https://www.facebook.com/groups/846204072588201/posts/2229336074274987?comment_id=2229563640918897,"I think if it's either illegal both business and/or workers, un-insured or unsafe for workers/public yes absolutely report/complain and get it closed down. But all in all it's nice to actually see a shop making and effort that isn't a chain store. We should be supporting self employed and private businesses over these franchise and big corporate businesses.","Advocates for reporting businesses only if they violate legal, safety, or insurance requirements, while expressing support for independent retailers over chain stores and corporate franchises as a matter of local economic preference. Implies that enforcement should be selective and balanced against the value of supporting small business.","How do I complain and to whom about this sort of thing?... is what people have been asking: The Councillor with paid Portfolio responsibility for ""Street Scene and Enforcement"" is: Councillor Ian Benton (Reform) Address: Council House Lichfield Street Walsall WS1 1TW Email: Cllr.Ian.Benton@walsall.gov.uk Work Telephone No: 07584886907 How do I complain and to whom about this sort of thing?... is what people have been asking: The Councillor with paid Portfolio responsibility for ""Street Scene and Enforcement"" is: Councillor Ian Benton (Reform) Address: Council House Lichfield Street Walsall WS1 1TW Email: Cllr.Ian.Benton@walsall.gov.uk Work Telephone No: 07584886907","The community is divided over the use of pedestrian pavements for outdoor retail displays, debating whether such practices represent a public obstruction or a necessary means of revitalising the local economy and town centre vibrancy."
2229565967585331,2229336074274987,2026-08-05T21:37:41+00:00,2026-08-05,Businesses,Street Trading Disputes,,Bloxwich Community Group,0,0,0,0,0,0,0,https://www.facebook.com/groups/846204072588201/posts/2229336074274987?comment_id=2229565967585331,"Never trusted,respected. As a councillor in ur own area. Why bother take on an area where u drink to excess in ?","Criticizes Councillor Ian Benton for lacking trustworthiness and respect, questioning why he would take on a council position in an area where he allegedly drinks excessively. The comment implies the councillor is unfit for his role due to personal conduct.","How do I complain and to whom about this sort of thing?... is what people have been asking: The Councillor with paid Portfolio responsibility for ""Street Scene and Enforcement"" is: Councillor Ian Benton (Reform) Address: Council House Lichfield Street Walsall WS1 1TW Email: Cllr.Ian.Benton@walsall.gov.uk Work Telephone No: 07584886907 How do I complain and to whom about this sort of thing?... is what people have been asking: The Councillor with paid Portfolio responsibility for ""Street Scene and Enforcement"" is: Councillor Ian Benton (Reform) Address: Council House Lichfield Street Walsall WS1 1TW Email: Cllr.Ian.Benton@walsall.gov.uk Work Telephone No: 07584886907","The community is divided over the use of pedestrian pavements for outdoor retail displays, debating whether such practices represent a public obstruction or a necessary means of revitalising the local economy and town centre vibrancy."
2229573107584617,2229336074274987,2026-08-05T21:50:34+00:00,2026-08-05,Businesses,Street Trading Disputes,Council enforcement failure,Bloxwich Community Group,0,0,0,0,0,0,0,https://www.facebook.com/groups/846204072588201/posts/2229336074274987?comment_id=2229573107584617,"There’s no point emailing or complaining to the council they don’t want to know , I called them about how tall the grass is kids can’t ride their bikes or can’t walk the dog , they ask for photo’s , why do they need photos there not cutting the grass or cutting bushes back , look at the state of Stafford street how all the shops have been decrepit for over 25 years or more all falling down , Walsall council could step in and ask the landlords to sort the old broken derelict shops out but they would rather leave them rotting . They do nothing apart from waste money on nonsense .","Criticizes Walsall Council for ineffectiveness and unresponsiveness, citing personal experience with ignored complaints about overgrown grass and arguing the council neglects enforcement action against landlords of derelict shops on Stafford Street while wasting money on other priorities. Expresses skepticism about the value of formal complaints, suggesting the council is indifferent to community concerns.","How do I complain and to whom about this sort of thing?... is what people have been asking: The Councillor with paid Portfolio responsibility for ""Street Scene and Enforcement"" is: Councillor Ian Benton (Reform) Address: Council House Lichfield Street Walsall WS1 1TW Email: Cllr.Ian.Benton@walsall.gov.uk Work Telephone No: 07584886907 How do I complain and to whom about this sort of thing?... is what people have been asking: The Councillor with paid Portfolio responsibility for ""Street Scene and Enforcement"" is: Councillor Ian Benton (Reform) Address: Council House Lichfield Street Walsall WS1 1TW Email: Cllr.Ian.Benton@walsall.gov.uk Work Telephone No: 07584886907","The community is divided over the use of pedestrian pavements for outdoor retail displays, debating whether such practices represent a public obstruction or a necessary means of revitalising the local economy and town centre vibrancy."
2229582374250357,2229336074274987,2026-08-05T22:08:19+00:00,2026-08-05,Businesses,Street Trading Disputes,,Bloxwich Community Group,1,1,0,0,0,0,0,https://www.facebook.com/groups/846204072588201/posts/2229336074274987?comment_id=2229582374250357,"Half of the people moaning about shops using outside to advertise are same people who park there cars on curbs obstructing public paths causing children, pets and adults to walk in roads😬","Criticizes the hypocrisy of residents who complain about shops using pavements for advertising while themselves illegally parking on curbs and obstructing public paths, forcing pedestrians and children into the road. Implies that complainants lack moral standing to criticize pavement obstruction given their own contribution to public space obstruction.","How do I complain and to whom about this sort of thing?... is what people have been asking: The Councillor with paid Portfolio responsibility for ""Street Scene and Enforcement"" is: Councillor Ian Benton (Reform) Address: Council House Lichfield Street Walsall WS1 1TW Email: Cllr.Ian.Benton@walsall.gov.uk Work Telephone No: 07584886907 How do I complain and to whom about this sort of thing?... is what people have been asking: The Councillor with paid Portfolio responsibility for ""Street Scene and Enforcement"" is: Councillor Ian Benton (Reform) Address: Council House Lichfield Street Walsall WS1 1TW Email: Cllr.Ian.Benton@walsall.gov.uk Work Telephone No: 07584886907","The community is divided over the use of pedestrian pavements for outdoor retail displays, debating whether such practices represent a public obstruction or a necessary means of revitalising the local economy and town centre vibrancy."
2229584030916858,2229336074274987,2026-08-05T22:10:19+00:00,2026-08-05,Businesses,Street Trading Disputes,,Bloxwich Community Group,0,0,0,0,0,0,0,https://www.facebook.com/groups/846204072588201/posts/2229336074274987?comment_id=2229584030916858,Absolute joke amd those workers are very rude had a bad experience with my kids and block the walk way for people,"Criticizes workers for being rude and obstructing the pavement, citing a negative personal experience involving their children. Expresses frustration with the situation by calling it an 'absolute joke,' implying support for enforcement action against such practices.","How do I complain and to whom about this sort of thing?... is what people have been asking: The Councillor with paid Portfolio responsibility for ""Street Scene and Enforcement"" is: Councillor Ian Benton (Reform) Address: Council House Lichfield Street Walsall WS1 1TW Email: Cllr.Ian.Benton@walsall.gov.uk Work Telephone No: 07584886907 How do I complain and to whom about this sort of thing?... is what people have been asking: The Councillor with paid Portfolio responsibility for ""Street Scene and Enforcement"" is: Councillor Ian Benton (Reform) Address: Council House Lichfield Street Walsall WS1 1TW Email: Cllr.Ian.Benton@walsall.gov.uk Work Telephone No: 07584886907","The community is divided over the use of pedestrian pavements for outdoor retail displays, debating whether such practices represent a public obstruction or a necessary means of revitalising the local economy and town centre vibrancy."
2229586840916577,2229336074274987,2026-08-05T22:15:31+00:00,2026-08-05,Businesses,Street Trading Disputes,Systemic problem across locations,Bloxwich Community Group,0,0,0,0,0,0,0,https://www.facebook.com/groups/846204072588201/posts/2229336074274987?comment_id=2229586840916577,If you want to complain and get something sorted get the baggers that are by the traffic lights near Morrisons and the Arboretum ￼as there need moving as it dangerous because if you don’t give them money thay threaten you or thay damage your car and restrict the amount of baggers in the town and up by Asda as well ￼￼,"Urges residents to complain to the councillor about street vendors (referred to as 'baggers') near Morrisons and the Arboretum, alleging they engage in extortion and vehicle damage while demanding payment, and calls for restrictions on vendor numbers in the town centre and near Asda. The commenter frames this as a safety and public order issue requiring enforcement action.","How do I complain and to whom about this sort of thing?... is what people have been asking: The Councillor with paid Portfolio responsibility for ""Street Scene and Enforcement"" is: Councillor Ian Benton (Reform) Address: Council House Lichfield Street Walsall WS1 1TW Email: Cllr.Ian.Benton@walsall.gov.uk Work Telephone No: 07584886907 How do I complain and to whom about this sort of thing?... is what people have been asking: The Councillor with paid Portfolio responsibility for ""Street Scene and Enforcement"" is: Councillor Ian Benton (Reform) Address: Council House Lichfield Street Walsall WS1 1TW Email: Cllr.Ian.Benton@walsall.gov.uk Work Telephone No: 07584886907","The community is divided over the use of pedestrian pavements for outdoor retail displays, debating whether such practices represent a public obstruction or a necessary means of revitalising the local economy and town centre vibrancy."
2229630204245574,2229336074274987,2026-08-05T23:35:15+00:00,2026-08-05,Businesses,Street Trading Disputes,Supports displays as economic necessity,Bloxwich Community Group,1,1,0,0,0,0,0,https://www.facebook.com/groups/846204072588201/posts/2229336074274987?comment_id=2229630204245574,Why try shut down even more shops you idiot. You wont have a town to walk round 🙄🙄🙄,"Criticizes enforcement actions against street traders as counterproductive, arguing that shutting down more shops will further damage the town's vibrancy and leave it with nothing to offer residents. Dismisses the person raising the complaint as an idiot for supporting such measures.","How do I complain and to whom about this sort of thing?... is what people have been asking: The Councillor with paid Portfolio responsibility for ""Street Scene and Enforcement"" is: Councillor Ian Benton (Reform) Address: Council House Lichfield Street Walsall WS1 1TW Email: Cllr.Ian.Benton@walsall.gov.uk Work Telephone No: 07584886907 How do I complain and to whom about this sort of thing?... is what people have been asking: The Councillor with paid Portfolio responsibility for ""Street Scene and Enforcement"" is: Councillor Ian Benton (Reform) Address: Council House Lichfield Street Walsall WS1 1TW Email: Cllr.Ian.Benton@walsall.gov.uk Work Telephone No: 07584886907","The community is divided over the use of pedestrian pavements for outdoor retail displays, debating whether such practices represent a public obstruction or a necessary means of revitalising the local economy and town centre vibrancy."
2229703907571537,2229336074274987,2026-08-06T01:48:31+00:00,2026-08-06,Businesses,Street Trading Disputes,,Bloxwich Community Group,0,0,0,0,0,0,0,https://www.facebook.com/groups/846204072588201/posts/2229336074274987?comment_id=2229703907571537,"Sheila Grosvenor I didn’t expect to see you, hope you had a lovely shopping spree ☺️","Addresses another commenter with a friendly, casual greeting expressing surprise at encountering them, likely in a shopping context. The tone suggests either genuine coincidence or possible light sarcasm, though the comment lacks clear connection to the post's discussion about street obstruction complaints.","How do I complain and to whom about this sort of thing?... is what people have been asking: The Councillor with paid Portfolio responsibility for ""Street Scene and Enforcement"" is: Councillor Ian Benton (Reform) Address: Council House Lichfield Street Walsall WS1 1TW Email: Cllr.Ian.Benton@walsall.gov.uk Work Telephone No: 07584886907 How do I complain and to whom about this sort of thing?... is what people have been asking: The Councillor with paid Portfolio responsibility for ""Street Scene and Enforcement"" is: Councillor Ian Benton (Reform) Address: Council House Lichfield Street Walsall WS1 1TW Email: Cllr.Ian.Benton@walsall.gov.uk Work Telephone No: 07584886907","The community is divided over the use of pedestrian pavements for outdoor retail displays, debating whether such practices represent a public obstruction or a necessary means of revitalising the local economy and town centre vibrancy."
2229769487564979,2229336074274987,2026-08-06T03:37:19+00:00,2026-08-06,Businesses,Street Trading Disputes,,Bloxwich Community Group,0,0,0,0,0,0,0,https://www.facebook.com/groups/846204072588201/posts/2229336074274987?comment_id=2229769487564979,Why are you complaining to Facebook? Its not even Bloxwich,"Questions why the complaint is being directed to Facebook, suggesting the issue is outside Facebook's jurisdiction. Implies the matter is not relevant to Bloxwich specifically, possibly indicating the commenter believes the complaint has been misdirected or is geographically inappropriate.","How do I complain and to whom about this sort of thing?... is what people have been asking: The Councillor with paid Portfolio responsibility for ""Street Scene and Enforcement"" is: Councillor Ian Benton (Reform) Address: Council House Lichfield Street Walsall WS1 1TW Email: Cllr.Ian.Benton@walsall.gov.uk Work Telephone No: 07584886907 How do I complain and to whom about this sort of thing?... is what people have been asking: The Councillor with paid Portfolio responsibility for ""Street Scene and Enforcement"" is: Councillor Ian Benton (Reform) Address: Council House Lichfield Street Walsall WS1 1TW Email: Cllr.Ian.Benton@walsall.gov.uk Work Telephone No: 07584886907","The community is divided over the use of pedestrian pavements for outdoor retail displays, debating whether such practices represent a public obstruction or a necessary means of revitalising the local economy and town centre vibrancy."
2229815327560395,2229336074274987,2026-08-06T04:52:35+00:00,2026-08-06,Businesses,Street Trading Disputes,Dismisses complaints as trivial,Bloxwich Community Group,1,1,0,0,0,0,0,https://www.facebook.com/groups/846204072588201/posts/2229336074274987?comment_id=2229815327560395,Its been there for years and now you want to do something about it 🤣,"Expresses skepticism about the sudden urgency to address a long-standing issue, using sarcasm to suggest that the problem has existed for years without action being taken until now. Implies criticism of the delayed response or questions the motivation behind the current complaint effort.","How do I complain and to whom about this sort of thing?... is what people have been asking: The Councillor with paid Portfolio responsibility for ""Street Scene and Enforcement"" is: Councillor Ian Benton (Reform) Address: Council House Lichfield Street Walsall WS1 1TW Email: Cllr.Ian.Benton@walsall.gov.uk Work Telephone No: 07584886907 How do I complain and to whom about this sort of thing?... is what people have been asking: The Councillor with paid Portfolio responsibility for ""Street Scene and Enforcement"" is: Councillor Ian Benton (Reform) Address: Council House Lichfield Street Walsall WS1 1TW Email: Cllr.Ian.Benton@walsall.gov.uk Work Telephone No: 07584886907","The community is divided over the use of pedestrian pavements for outdoor retail displays, debating whether such practices represent a public obstruction or a necessary means of revitalising the local economy and town centre vibrancy."
2229833254225269,2229336074274987,2026-08-06T05:23:24+00:00,2026-08-06,Businesses,Street Trading Disputes,Supports displays as economic necessity,Bloxwich Community Group,1,1,0,0,0,0,0,https://www.facebook.com/groups/846204072588201/posts/2229336074274987?comment_id=2229833254225269,"Can't see what the problem is this was common in the 60s,70s and early 80s it's how shop keepers made a living","Argues that pavement retail displays are not problematic, citing their historical prevalence as a common shopkeeping practice in the 1960s-1980s. Implies that such displays were a legitimate and necessary business practice that should not be subject to complaint or enforcement action.","How do I complain and to whom about this sort of thing?... is what people have been asking: The Councillor with paid Portfolio responsibility for ""Street Scene and Enforcement"" is: Councillor Ian Benton (Reform) Address: Council House Lichfield Street Walsall WS1 1TW Email: Cllr.Ian.Benton@walsall.gov.uk Work Telephone No: 07584886907 How do I complain and to whom about this sort of thing?... is what people have been asking: The Councillor with paid Portfolio responsibility for ""Street Scene and Enforcement"" is: Councillor Ian Benton (Reform) Address: Council House Lichfield Street Walsall WS1 1TW Email: Cllr.Ian.Benton@walsall.gov.uk Work Telephone No: 07584886907","The community is divided over the use of pedestrian pavements for outdoor retail displays, debating whether such practices represent a public obstruction or a necessary means of revitalising the local economy and town centre vibrancy."
2229839960891265,2229336074274987,2026-08-06T05:35:28+00:00,2026-08-06,Businesses,Street Trading Disputes,Dismisses complaints as trivial,Bloxwich Community Group,17,17,0,0,0,0,0,https://www.facebook.com/groups/846204072588201/posts/2229336074274987?comment_id=2229839960891265,Leave alone its not a problem go get a life you miserable sod,Dismisses the concern about pavement retail displays as trivial and tells those complaining to stop being negative and move on with their lives. Implies the issue is not worth the community's attention or effort to escalate to councillors.,"How do I complain and to whom about this sort of thing?... is what people have been asking: The Councillor with paid Portfolio responsibility for ""Street Scene and Enforcement"" is: Councillor Ian Benton (Reform) Address: Council House Lichfield Street Walsall WS1 1TW Email: Cllr.Ian.Benton@walsall.gov.uk Work Telephone No: 07584886907 How do I complain and to whom about this sort of thing?... is what people have been asking: The Councillor with paid Portfolio responsibility for ""Street Scene and Enforcement"" is: Councillor Ian Benton (Reform) Address: Council House Lichfield Street Walsall WS1 1TW Email: Cllr.Ian.Benton@walsall.gov.uk Work Telephone No: 07584886907","The community is divided over the use of pedestrian pavements for outdoor retail displays, debating whether such practices represent a public obstruction or a necessary means of revitalising the local economy and town centre vibrancy."
2229840107557917,2229336074274987,2026-08-06T05:35:42+00:00,2026-08-06,Businesses,Street Trading Disputes,Licensing and legal compliance,Bloxwich Community Group,0,0,0,0,0,0,0,https://www.facebook.com/groups/846204072588201/posts/2229336074274987?comment_id=2229840107557917,By law you can only come out one meture but only if there is room,"States that by law, retail displays can only extend one meter onto the pavement, but only if sufficient space remains for pedestrian passage. Appears to be citing a regulation relevant to the debate about sidewalk obstruction by shop displays.","How do I complain and to whom about this sort of thing?... is what people have been asking: The Councillor with paid Portfolio responsibility for ""Street Scene and Enforcement"" is: Councillor Ian Benton (Reform) Address: Council House Lichfield Street Walsall WS1 1TW Email: Cllr.Ian.Benton@walsall.gov.uk Work Telephone No: 07584886907 How do I complain and to whom about this sort of thing?... is what people have been asking: The Councillor with paid Portfolio responsibility for ""Street Scene and Enforcement"" is: Councillor Ian Benton (Reform) Address: Council House Lichfield Street Walsall WS1 1TW Email: Cllr.Ian.Benton@walsall.gov.uk Work Telephone No: 07584886907","The community is divided over the use of pedestrian pavements for outdoor retail displays, debating whether such practices represent a public obstruction or a necessary means of revitalising the local economy and town centre vibrancy."
2229843657557562,2229336074274987,2026-08-06T05:40:55+00:00,2026-08-06,Businesses,Street Trading Disputes,Adequate space for pedestrians,Bloxwich Community Group,1,1,0,0,0,0,0,https://www.facebook.com/groups/846204072588201/posts/2229336074274987?comment_id=2229843657557562,They always leave a good pathway? Ive found? No problem and its tidy?,"Disputes the premise of the complaint by asserting that retailers consistently maintain clear pathways and keep the area tidy. Implies that the pavement displays do not constitute a genuine obstruction problem, potentially suggesting the complaint is unfounded or exaggerated.","How do I complain and to whom about this sort of thing?... is what people have been asking: The Councillor with paid Portfolio responsibility for ""Street Scene and Enforcement"" is: Councillor Ian Benton (Reform) Address: Council House Lichfield Street Walsall WS1 1TW Email: Cllr.Ian.Benton@walsall.gov.uk Work Telephone No: 07584886907 How do I complain and to whom about this sort of thing?... is what people have been asking: The Councillor with paid Portfolio responsibility for ""Street Scene and Enforcement"" is: Councillor Ian Benton (Reform) Address: Council House Lichfield Street Walsall WS1 1TW Email: Cllr.Ian.Benton@walsall.gov.uk Work Telephone No: 07584886907","The community is divided over the use of pedestrian pavements for outdoor retail displays, debating whether such practices represent a public obstruction or a necessary means of revitalising the local economy and town centre vibrancy."
2229859247556003,2229336074274987,2026-08-06T06:08:15+00:00,2026-08-06,Businesses,Street Trading Disputes,Dismisses complaints as trivial,Bloxwich Community Group,0,0,0,0,0,0,0,https://www.facebook.com/groups/846204072588201/posts/2229336074274987?comment_id=2229859247556003,Thats the least of your problems round that way .,"Suggests that the pavement obstruction issue raised in the post is a minor concern compared to other, more serious problems affecting the area. Implies broader dissatisfaction with local conditions beyond the specific street scene enforcement matter being discussed.","How do I complain and to whom about this sort of thing?... is what people have been asking: The Councillor with paid Portfolio responsibility for ""Street Scene and Enforcement"" is: Councillor Ian Benton (Reform) Address: Council House Lichfield Street Walsall WS1 1TW Email: Cllr.Ian.Benton@walsall.gov.uk Work Telephone No: 07584886907 How do I complain and to whom about this sort of thing?... is what people have been asking: The Councillor with paid Portfolio responsibility for ""Street Scene and Enforcement"" is: Councillor Ian Benton (Reform) Address: Council House Lichfield Street Walsall WS1 1TW Email: Cllr.Ian.Benton@walsall.gov.uk Work Telephone No: 07584886907","The community is divided over the use of pedestrian pavements for outdoor retail displays, debating whether such practices represent a public obstruction or a necessary means of revitalising the local economy and town centre vibrancy."
2229864874222107,2229336074274987,2026-08-06T06:17:51+00:00,2026-08-06,Businesses,Street Trading Disputes,Dismisses complaints as trivial,Bloxwich Community Group,6,6,0,0,0,0,0,https://www.facebook.com/groups/846204072588201/posts/2229336074274987?comment_id=2229864874222107,Oh dear.. There’s always one 🙄,"Expresses exasperation at what is implied to be a predictable or inevitable complaint or objection in the community discussion, using the phrase 'there's always one' to suggest someone is being difficult or raising an unwelcome point. The comment is dismissive in tone but remains ambiguous about which party or position is being criticized.","How do I complain and to whom about this sort of thing?... is what people have been asking: The Councillor with paid Portfolio responsibility for ""Street Scene and Enforcement"" is: Councillor Ian Benton (Reform) Address: Council House Lichfield Street Walsall WS1 1TW Email: Cllr.Ian.Benton@walsall.gov.uk Work Telephone No: 07584886907 How do I complain and to whom about this sort of thing?... is what people have been asking: The Councillor with paid Portfolio responsibility for ""Street Scene and Enforcement"" is: Councillor Ian Benton (Reform) Address: Council House Lichfield Street Walsall WS1 1TW Email: Cllr.Ian.Benton@walsall.gov.uk Work Telephone No: 07584886907","The community is divided over the use of pedestrian pavements for outdoor retail displays, debating whether such practices represent a public obstruction or a necessary means of revitalising the local economy and town centre vibrancy."
2229866640888597,2229336074274987,2026-08-06T06:20:55+00:00,2026-08-06,Businesses,Street Trading Disputes,,Bloxwich Community Group,0,0,0,0,0,0,0,https://www.facebook.com/groups/846204072588201/posts/2229336074274987?comment_id=2229866640888597,I actually do not like all this street trading.....it's not necessary,"Expresses opposition to street trading activities, asserting that such commercial use of public pavements is unnecessary. Implicitly supports enforcement action against street vendors by agreeing with the concern raised in the post about regulating these practices.","How do I complain and to whom about this sort of thing?... is what people have been asking: The Councillor with paid Portfolio responsibility for ""Street Scene and Enforcement"" is: Councillor Ian Benton (Reform) Address: Council House Lichfield Street Walsall WS1 1TW Email: Cllr.Ian.Benton@walsall.gov.uk Work Telephone No: 07584886907 How do I complain and to whom about this sort of thing?... is what people have been asking: The Councillor with paid Portfolio responsibility for ""Street Scene and Enforcement"" is: Councillor Ian Benton (Reform) Address: Council House Lichfield Street Walsall WS1 1TW Email: Cllr.Ian.Benton@walsall.gov.uk Work Telephone No: 07584886907","The community is divided over the use of pedestrian pavements for outdoor retail displays, debating whether such practices represent a public obstruction or a necessary means of revitalising the local economy and town centre vibrancy."
2229869194221675,2229336074274987,2026-08-06T06:25:01+00:00,2026-08-06,Businesses,Street Trading Disputes,Dismisses complaints as trivial,Bloxwich Community Group,1,1,0,0,0,0,0,https://www.facebook.com/groups/846204072588201/posts/2229336074274987?comment_id=2229869194221675,What a load of Karen’s Moning !!! Get a life,"Dismisses the community's concerns about pavement obstructions as trivial complaining, using a derogatory gendered insult ('Karens') to mock those raising the issue. Suggests that people should stop engaging with the complaint process and move on.","How do I complain and to whom about this sort of thing?... is what people have been asking: The Councillor with paid Portfolio responsibility for ""Street Scene and Enforcement"" is: Councillor Ian Benton (Reform) Address: Council House Lichfield Street Walsall WS1 1TW Email: Cllr.Ian.Benton@walsall.gov.uk Work Telephone No: 07584886907 How do I complain and to whom about this sort of thing?... is what people have been asking: The Councillor with paid Portfolio responsibility for ""Street Scene and Enforcement"" is: Councillor Ian Benton (Reform) Address: Council House Lichfield Street Walsall WS1 1TW Email: Cllr.Ian.Benton@walsall.gov.uk Work Telephone No: 07584886907","The community is divided over the use of pedestrian pavements for outdoor retail displays, debating whether such practices represent a public obstruction or a necessary means of revitalising the local economy and town centre vibrancy."
2229874024221192,2229336074274987,2026-08-06T06:33:54+00:00,2026-08-06,Businesses,Street Trading Disputes,,Bloxwich Community Group,0,0,0,0,0,0,0,https://www.facebook.com/groups/846204072588201/posts/2229336074274987?comment_id=2229874024221192,Its a shithole,"Expresses strong disapproval of the local area, likely referring to the street scene conditions shown in the post (retail goods displayed on pavements). The comment suggests frustration with the state of the town centre and implicitly supports complaints to the councillor about these conditions.","How do I complain and to whom about this sort of thing?... is what people have been asking: The Councillor with paid Portfolio responsibility for ""Street Scene and Enforcement"" is: Councillor Ian Benton (Reform) Address: Council House Lichfield Street Walsall WS1 1TW Email: Cllr.Ian.Benton@walsall.gov.uk Work Telephone No: 07584886907 How do I complain and to whom about this sort of thing?... is what people have been asking: The Councillor with paid Portfolio responsibility for ""Street Scene and Enforcement"" is: Councillor Ian Benton (Reform) Address: Council House Lichfield Street Walsall WS1 1TW Email: Cllr.Ian.Benton@walsall.gov.uk Work Telephone No: 07584886907","The community is divided over the use of pedestrian pavements for outdoor retail displays, debating whether such practices represent a public obstruction or a necessary means of revitalising the local economy and town centre vibrancy."
2229883734220221,2229336074274987,2026-08-06T06:51:03+00:00,2026-08-06,Businesses,Street Trading Disputes,Dismisses complaints as trivial,Bloxwich Community Group,1,1,0,0,0,0,0,https://www.facebook.com/groups/846204072588201/posts/2229336074274987?comment_id=2229883734220221,You poor miserable sad pathetic person. 🤦‍♂️🤦‍♂️🤦‍♂️🤦‍♂️🤦‍♂️🤦‍♂️🤦‍♂️🤦‍♂️🤦‍♂️ go and take ya face for a shit and have a good day and mind ur own fucking business. Looser,"Attacks the original poster with insulting language and personal abuse, telling them to mind their own business regarding the street scene complaint. The commenter appears to oppose the post's effort to escalate the issue to local authorities, though their specific position on the underlying pavement display controversy is unclear.","How do I complain and to whom about this sort of thing?... is what people have been asking: The Councillor with paid Portfolio responsibility for ""Street Scene and Enforcement"" is: Councillor Ian Benton (Reform) Address: Council House Lichfield Street Walsall WS1 1TW Email: Cllr.Ian.Benton@walsall.gov.uk Work Telephone No: 07584886907 How do I complain and to whom about this sort of thing?... is what people have been asking: The Councillor with paid Portfolio responsibility for ""Street Scene and Enforcement"" is: Councillor Ian Benton (Reform) Address: Council House Lichfield Street Walsall WS1 1TW Email: Cllr.Ian.Benton@walsall.gov.uk Work Telephone No: 07584886907","The community is divided over the use of pedestrian pavements for outdoor retail displays, debating whether such practices represent a public obstruction or a necessary means of revitalising the local economy and town centre vibrancy."
2229885017553426,2229336074274987,2026-08-06T06:53:06+00:00,2026-08-06,Businesses,Street Trading Disputes,Council enforcement failure,Bloxwich Community Group,0,0,0,0,0,0,0,https://www.facebook.com/groups/846204072588201/posts/2229336074274987?comment_id=2229885017553426,If you tell people about god in Walsall the police will ask you to leave or arest you but if you speek about Muslim Mohamad who likes children who tells Muslim to kill jews and Christians to slarter this is allowed Walsall in new Afghanistan it's not a safe place the local council no this it's full of Muslims who follow the same sick wayb,"Alleges that authorities in Walsall selectively enforce laws by suppressing Christian speech while permitting Islamic speech, and claims the town has become unsafe due to a large Muslim population. Implies the local council is complicit in this alleged bias and compares Walsall to Afghanistan.","How do I complain and to whom about this sort of thing?... is what people have been asking: The Councillor with paid Portfolio responsibility for ""Street Scene and Enforcement"" is: Councillor Ian Benton (Reform) Address: Council House Lichfield Street Walsall WS1 1TW Email: Cllr.Ian.Benton@walsall.gov.uk Work Telephone No: 07584886907 How do I complain and to whom about this sort of thing?... is what people have been asking: The Councillor with paid Portfolio responsibility for ""Street Scene and Enforcement"" is: Councillor Ian Benton (Reform) Address: Council House Lichfield Street Walsall WS1 1TW Email: Cllr.Ian.Benton@walsall.gov.uk Work Telephone No: 07584886907","The community is divided over the use of pedestrian pavements for outdoor retail displays, debating whether such practices represent a public obstruction or a necessary means of revitalising the local economy and town centre vibrancy."
2229885507553377,2229336074274987,2026-08-06T06:53:55+00:00,2026-08-06,Businesses,Street Trading Disputes,Dismisses complaints as trivial,Bloxwich Community Group,1,1,0,0,0,0,0,https://www.facebook.com/groups/846204072588201/posts/2229336074274987?comment_id=2229885507553377,Bitchin about nothing businesses providing a service get a life,"Dismisses community complaints about pavement retail displays as trivial complaining, arguing that businesses providing a service should be left alone. Implies that those raising concerns should stop wasting time on minor issues.","How do I complain and to whom about this sort of thing?... is what people have been asking: The Councillor with paid Portfolio responsibility for ""Street Scene and Enforcement"" is: Councillor Ian Benton (Reform) Address: Council House Lichfield Street Walsall WS1 1TW Email: Cllr.Ian.Benton@walsall.gov.uk Work Telephone No: 07584886907 How do I complain and to whom about this sort of thing?... is what people have been asking: The Councillor with paid Portfolio responsibility for ""Street Scene and Enforcement"" is: Councillor Ian Benton (Reform) Address: Council House Lichfield Street Walsall WS1 1TW Email: Cllr.Ian.Benton@walsall.gov.uk Work Telephone No: 07584886907","The community is divided over the use of pedestrian pavements for outdoor retail displays, debating whether such practices represent a public obstruction or a necessary means of revitalising the local economy and town centre vibrancy."
2229894674219127,2229336074274987,2026-08-06T07:05:53+00:00,2026-08-06,Businesses,Street Trading Disputes,Accessibility concerns for disabled,Bloxwich Community Group,0,0,0,0,0,0,0,https://www.facebook.com/groups/846204072588201/posts/2229336074274987?comment_id=2229894674219127,It shouldn’t matter who owns the shop. But it should matter how far that shop ￼encroaches onto the public walkway. Perhaps if the council charges them extra rates for the amount of space they take up outside their shop they might not do it. Me personally I think they do look a mess. Plus a hazard to visually impaired people.,"Argues that shop ownership is irrelevant but that the extent of encroachment onto public pavements matters significantly, suggesting the council should charge higher rates to discourage excessive outdoor displays. Criticizes the aesthetic appearance of such displays and raises concerns about accessibility hazards for visually impaired people.","How do I complain and to whom about this sort of thing?... is what people have been asking: The Councillor with paid Portfolio responsibility for ""Street Scene and Enforcement"" is: Councillor Ian Benton (Reform) Address: Council House Lichfield Street Walsall WS1 1TW Email: Cllr.Ian.Benton@walsall.gov.uk Work Telephone No: 07584886907 How do I complain and to whom about this sort of thing?... is what people have been asking: The Councillor with paid Portfolio responsibility for ""Street Scene and Enforcement"" is: Councillor Ian Benton (Reform) Address: Council House Lichfield Street Walsall WS1 1TW Email: Cllr.Ian.Benton@walsall.gov.uk Work Telephone No: 07584886907","The community is divided over the use of pedestrian pavements for outdoor retail displays, debating whether such practices represent a public obstruction or a necessary means of revitalising the local economy and town centre vibrancy."
2229905960884665,2229336074274987,2026-08-06T07:25:19+00:00,2026-08-06,Businesses,Street Trading Disputes,Supports displays as economic necessity,Bloxwich Community Group,1,1,0,0,0,0,0,https://www.facebook.com/groups/846204072588201/posts/2229336074274987?comment_id=2229905960884665,I can’t see anything wrong just someone trying to make a living,"Defends the practice of displaying retail goods on pavements as a legitimate business activity, implying there is nothing objectionable about it and characterizing it as someone simply trying to earn a living.","How do I complain and to whom about this sort of thing?... is what people have been asking: The Councillor with paid Portfolio responsibility for ""Street Scene and Enforcement"" is: Councillor Ian Benton (Reform) Address: Council House Lichfield Street Walsall WS1 1TW Email: Cllr.Ian.Benton@walsall.gov.uk Work Telephone No: 07584886907 How do I complain and to whom about this sort of thing?... is what people have been asking: The Councillor with paid Portfolio responsibility for ""Street Scene and Enforcement"" is: Councillor Ian Benton (Reform) Address: Council House Lichfield Street Walsall WS1 1TW Email: Cllr.Ian.Benton@walsall.gov.uk Work Telephone No: 07584886907","The community is divided over the use of pedestrian pavements for outdoor retail displays, debating whether such practices represent a public obstruction or a necessary means of revitalising the local economy and town centre vibrancy."
2229910147550913,2229336074274987,2026-08-06T07:32:44+00:00,2026-08-06,Businesses,Street Trading Disputes,,Bloxwich Community Group,0,0,0,0,0,0,0,https://www.facebook.com/groups/846204072588201/posts/2229336074274987?comment_id=2229910147550913,"Ahh a former counceller, probably pissed he lost his job. W⚓️","Suggests that the councillor named in the post is a disgruntled former councillor motivated by personal grievance over losing his position rather than genuine concern for the community issue. The anchor emoji appears to be used as slang, though its specific meaning here is unclear.","How do I complain and to whom about this sort of thing?... is what people have been asking: The Councillor with paid Portfolio responsibility for ""Street Scene and Enforcement"" is: Councillor Ian Benton (Reform) Address: Council House Lichfield Street Walsall WS1 1TW Email: Cllr.Ian.Benton@walsall.gov.uk Work Telephone No: 07584886907 How do I complain and to whom about this sort of thing?... is what people have been asking: The Councillor with paid Portfolio responsibility for ""Street Scene and Enforcement"" is: Councillor Ian Benton (Reform) Address: Council House Lichfield Street Walsall WS1 1TW Email: Cllr.Ian.Benton@walsall.gov.uk Work Telephone No: 07584886907","The community is divided over the use of pedestrian pavements for outdoor retail displays, debating whether such practices represent a public obstruction or a necessary means of revitalising the local economy and town centre vibrancy."
2229912594217335,2229336074274987,2026-08-06T07:36:57+00:00,2026-08-06,Businesses,Street Trading Disputes,Supports displays as economic necessity,Bloxwich Community Group,0,0,0,0,0,0,0,https://www.facebook.com/groups/846204072588201/posts/2229336074274987?comment_id=2229912594217335,"At least its an "" open "" shop and not boarded up like most of Walsall","Expresses a backhanded compliment about the shop being open, implying that this is noteworthy because most of Walsall's shops are boarded up. Suggests broader concern about economic decline and vacant storefronts in the town centre.","How do I complain and to whom about this sort of thing?... is what people have been asking: The Councillor with paid Portfolio responsibility for ""Street Scene and Enforcement"" is: Councillor Ian Benton (Reform) Address: Council House Lichfield Street Walsall WS1 1TW Email: Cllr.Ian.Benton@walsall.gov.uk Work Telephone No: 07584886907 How do I complain and to whom about this sort of thing?... is what people have been asking: The Councillor with paid Portfolio responsibility for ""Street Scene and Enforcement"" is: Councillor Ian Benton (Reform) Address: Council House Lichfield Street Walsall WS1 1TW Email: Cllr.Ian.Benton@walsall.gov.uk Work Telephone No: 07584886907","The community is divided over the use of pedestrian pavements for outdoor retail displays, debating whether such practices represent a public obstruction or a necessary means of revitalising the local economy and town centre vibrancy."
2229913687550559,2229336074274987,2026-08-06T07:38:47+00:00,2026-08-06,Businesses,Street Trading Disputes,,Bloxwich Community Group,0,0,0,0,0,0,0,https://www.facebook.com/groups/846204072588201/posts/2229336074274987?comment_id=2229913687550559,,,"How do I complain and to whom about this sort of thing?... is what people have been asking: The Councillor with paid Portfolio responsibility for ""Street Scene and Enforcement"" is: Councillor Ian Benton (Reform) Address: Council House Lichfield Street Walsall WS1 1TW Email: Cllr.Ian.Benton@walsall.gov.uk Work Telephone No: 07584886907 How do I complain and to whom about this sort of thing?... is what people have been asking: The Councillor with paid Portfolio responsibility for ""Street Scene and Enforcement"" is: Councillor Ian Benton (Reform) Address: Council House Lichfield Street Walsall WS1 1TW Email: Cllr.Ian.Benton@walsall.gov.uk Work Telephone No: 07584886907","The community is divided over the use of pedestrian pavements for outdoor retail displays, debating whether such practices represent a public obstruction or a necessary means of revitalising the local economy and town centre vibrancy."
2229915560883705,2229336074274987,2026-08-06T07:42:08+00:00,2026-08-06,Businesses,Street Trading Disputes,Dismisses complaints as trivial,Bloxwich Community Group,0,0,0,0,0,0,0,https://www.facebook.com/groups/846204072588201/posts/2229336074274987?comment_id=2229915560883705,Just walk round. I don't see the problem at all tbf easy to rob by the looks of it .,"Suggests that the solution is simply to walk around the obstruction, implying there is no legitimate problem with retail goods blocking the pavement. Implies the displayed items are vulnerable to theft, possibly suggesting the retailer is at fault for poor security rather than the pavement obstruction being a civic concern.","How do I complain and to whom about this sort of thing?... is what people have been asking: The Councillor with paid Portfolio responsibility for ""Street Scene and Enforcement"" is: Councillor Ian Benton (Reform) Address: Council House Lichfield Street Walsall WS1 1TW Email: Cllr.Ian.Benton@walsall.gov.uk Work Telephone No: 07584886907 How do I complain and to whom about this sort of thing?... is what people have been asking: The Councillor with paid Portfolio responsibility for ""Street Scene and Enforcement"" is: Councillor Ian Benton (Reform) Address: Council House Lichfield Street Walsall WS1 1TW Email: Cllr.Ian.Benton@walsall.gov.uk Work Telephone No: 07584886907","The community is divided over the use of pedestrian pavements for outdoor retail displays, debating whether such practices represent a public obstruction or a necessary means of revitalising the local economy and town centre vibrancy."
2229917244216870,2229336074274987,2026-08-06T07:45:00+00:00,2026-08-06,Businesses,Street Trading Disputes,Dismisses complaints as trivial,Bloxwich Community Group,0,0,0,0,0,0,0,https://www.facebook.com/groups/846204072588201/posts/2229336074274987?comment_id=2229917244216870,Oh god get a hobby,Dismisses the community discussion about pavement obstruction complaints as unworthy of attention. Suggests that those engaging in this civic matter should redirect their energy toward more productive pursuits.,"How do I complain and to whom about this sort of thing?... is what people have been asking: The Councillor with paid Portfolio responsibility for ""Street Scene and Enforcement"" is: Councillor Ian Benton (Reform) Address: Council House Lichfield Street Walsall WS1 1TW Email: Cllr.Ian.Benton@walsall.gov.uk Work Telephone No: 07584886907 How do I complain and to whom about this sort of thing?... is what people have been asking: The Councillor with paid Portfolio responsibility for ""Street Scene and Enforcement"" is: Councillor Ian Benton (Reform) Address: Council House Lichfield Street Walsall WS1 1TW Email: Cllr.Ian.Benton@walsall.gov.uk Work Telephone No: 07584886907","The community is divided over the use of pedestrian pavements for outdoor retail displays, debating whether such practices represent a public obstruction or a necessary means of revitalising the local economy and town centre vibrancy."
2229919894216605,2229336074274987,2026-08-06T07:49:00+00:00,2026-08-06,Businesses,Street Trading Disputes,Provides complaint contact information,Bloxwich Community Group,0,0,0,0,0,0,0,https://www.facebook.com/groups/846204072588201/posts/2229336074274987?comment_id=2229919894216605,"Just find out what care home shes from and call the concierge desk, Pretty simple!",Suggests an alternative approach to addressing the pavement obstruction issue by contacting the care home directly rather than going through official council channels. Implies this direct method would be simpler and more efficient than the formal complaint process outlined in the post.,"How do I complain and to whom about this sort of thing?... is what people have been asking: The Councillor with paid Portfolio responsibility for ""Street Scene and Enforcement"" is: Councillor Ian Benton (Reform) Address: Council House Lichfield Street Walsall WS1 1TW Email: Cllr.Ian.Benton@walsall.gov.uk Work Telephone No: 07584886907 How do I complain and to whom about this sort of thing?... is what people have been asking: The Councillor with paid Portfolio responsibility for ""Street Scene and Enforcement"" is: Councillor Ian Benton (Reform) Address: Council House Lichfield Street Walsall WS1 1TW Email: Cllr.Ian.Benton@walsall.gov.uk Work Telephone No: 07584886907","The community is divided over the use of pedestrian pavements for outdoor retail displays, debating whether such practices represent a public obstruction or a necessary means of revitalising the local economy and town centre vibrancy."
2229927634215831,2229336074274987,2026-08-06T08:01:56+00:00,2026-08-06,Businesses,Street Trading Disputes,Dismisses complaints as trivial,Bloxwich Community Group,2,2,0,0,0,0,0,https://www.facebook.com/groups/846204072588201/posts/2229336074274987?comment_id=2229927634215831,All the shit going on in Walsall and youre whinging about this ? Get a life,"Dismisses the concern about pavement retail displays as trivial compared to other problems affecting Walsall, implying the original poster should prioritize more serious local issues. Uses confrontational language to suggest the complaint is unworthy of community attention.","How do I complain and to whom about this sort of thing?... is what people have been asking: The Councillor with paid Portfolio responsibility for ""Street Scene and Enforcement"" is: Councillor Ian Benton (Reform) Address: Council House Lichfield Street Walsall WS1 1TW Email: Cllr.Ian.Benton@walsall.gov.uk Work Telephone No: 07584886907 How do I complain and to whom about this sort of thing?... is what people have been asking: The Councillor with paid Portfolio responsibility for ""Street Scene and Enforcement"" is: Councillor Ian Benton (Reform) Address: Council House Lichfield Street Walsall WS1 1TW Email: Cllr.Ian.Benton@walsall.gov.uk Work Telephone No: 07584886907","The community is divided over the use of pedestrian pavements for outdoor retail displays, debating whether such practices represent a public obstruction or a necessary means of revitalising the local economy and town centre vibrancy."
2229928960882365,2229336074274987,2026-08-06T08:04:08+00:00,2026-08-06,Businesses,Street Trading Disputes,Accessibility concerns for disabled,Bloxwich Community Group,0,0,0,0,0,0,0,https://www.facebook.com/groups/846204072588201/posts/2229336074274987?comment_id=2229928960882365,"🫣 seeing a lot of people saying “what’s the problem?” Imagine you were blind or hard of seeing and walked into all that. Not to mention you normally need permission do host on the street, much like market stalls who rent and restaurants who also need permission. It doesn’t matter who owns the shop, it matters than some businesses aren’t taking the rules seriously.","Criticizes those dismissing concerns about street displays by highlighting accessibility issues for blind and visually impaired pedestrians, and argues that businesses must comply with street-use regulations regardless of ownership, suggesting some local businesses are flouting these rules.","How do I complain and to whom about this sort of thing?... is what people have been asking: The Councillor with paid Portfolio responsibility for ""Street Scene and Enforcement"" is: Councillor Ian Benton (Reform) Address: Council House Lichfield Street Walsall WS1 1TW Email: Cllr.Ian.Benton@walsall.gov.uk Work Telephone No: 07584886907 How do I complain and to whom about this sort of thing?... is what people have been asking: The Councillor with paid Portfolio responsibility for ""Street Scene and Enforcement"" is: Councillor Ian Benton (Reform) Address: Council House Lichfield Street Walsall WS1 1TW Email: Cllr.Ian.Benton@walsall.gov.uk Work Telephone No: 07584886907","The community is divided over the use of pedestrian pavements for outdoor retail displays, debating whether such practices represent a public obstruction or a necessary means of revitalising the local economy and town centre vibrancy."
2229933914215203,2229336074274987,2026-08-06T08:12:07+00:00,2026-08-06,Businesses,Street Trading Disputes,Misplaced priorities argument,Bloxwich Community Group,0,0,0,0,0,0,0,https://www.facebook.com/groups/846204072588201/posts/2229336074274987?comment_id=2229933914215203,"Is that the biggest issue the town is facing, why waste time money and effort on something like this","Questions the priority of addressing pavement retail displays, suggesting this is not a significant enough issue to warrant council resources and effort. Implies the town has more pressing problems that should take precedence.","How do I complain and to whom about this sort of thing?... is what people have been asking: The Councillor with paid Portfolio responsibility for ""Street Scene and Enforcement"" is: Councillor Ian Benton (Reform) Address: Council House Lichfield Street Walsall WS1 1TW Email: Cllr.Ian.Benton@walsall.gov.uk Work Telephone No: 07584886907 How do I complain and to whom about this sort of thing?... is what people have been asking: The Councillor with paid Portfolio responsibility for ""Street Scene and Enforcement"" is: Councillor Ian Benton (Reform) Address: Council House Lichfield Street Walsall WS1 1TW Email: Cllr.Ian.Benton@walsall.gov.uk Work Telephone No: 07584886907","The community is divided over the use of pedestrian pavements for outdoor retail displays, debating whether such practices represent a public obstruction or a necessary means of revitalising the local economy and town centre vibrancy."
2229934624215132,2229336074274987,2026-08-06T08:12:57+00:00,2026-08-06,Businesses,Street Trading Disputes,,Bloxwich Community Group,0,0,0,0,0,0,0,https://www.facebook.com/groups/846204072588201/posts/2229336074274987?comment_id=2229934624215132,It’s wat the shop profits fund is wat I would b worried about,"Expresses concern that the primary worry should be how shop profits from pavement displays are being used or allocated, rather than focusing solely on the obstruction issue. Implies skepticism about where revenue generated by retail displays on public pavements is directed.","How do I complain and to whom about this sort of thing?... is what people have been asking: The Councillor with paid Portfolio responsibility for ""Street Scene and Enforcement"" is: Councillor Ian Benton (Reform) Address: Council House Lichfield Street Walsall WS1 1TW Email: Cllr.Ian.Benton@walsall.gov.uk Work Telephone No: 07584886907 How do I complain and to whom about this sort of thing?... is what people have been asking: The Councillor with paid Portfolio responsibility for ""Street Scene and Enforcement"" is: Councillor Ian Benton (Reform) Address: Council House Lichfield Street Walsall WS1 1TW Email: Cllr.Ian.Benton@walsall.gov.uk Work Telephone No: 07584886907","The community is divided over the use of pedestrian pavements for outdoor retail displays, debating whether such practices represent a public obstruction or a necessary means of revitalising the local economy and town centre vibrancy."
2229935777548350,2229336074274987,2026-08-06T08:14:31+00:00,2026-08-06,Businesses,Street Trading Disputes,,Bloxwich Community Group,0,0,0,0,0,0,0,https://www.facebook.com/groups/846204072588201/posts/2229336074274987?comment_id=2229935777548350,Makes me feel like I’m up Blackpool this shop does 😂😂,"Compares the shop's sidewalk display practices unfavorably to Blackpool, a seaside town known for tacky tourist commercialism, implying the retail clutter makes the local area look cheap and poorly maintained. Uses humor to express disapproval of the street scene enforcement issue being discussed.","How do I complain and to whom about this sort of thing?... is what people have been asking: The Councillor with paid Portfolio responsibility for ""Street Scene and Enforcement"" is: Councillor Ian Benton (Reform) Address: Council House Lichfield Street Walsall WS1 1TW Email: Cllr.Ian.Benton@walsall.gov.uk Work Telephone No: 07584886907 How do I complain and to whom about this sort of thing?... is what people have been asking: The Councillor with paid Portfolio responsibility for ""Street Scene and Enforcement"" is: Councillor Ian Benton (Reform) Address: Council House Lichfield Street Walsall WS1 1TW Email: Cllr.Ian.Benton@walsall.gov.uk Work Telephone No: 07584886907","The community is divided over the use of pedestrian pavements for outdoor retail displays, debating whether such practices represent a public obstruction or a necessary means of revitalising the local economy and town centre vibrancy."
2229941687547759,2229336074274987,2026-08-06T08:24:00+00:00,2026-08-06,Businesses,Street Trading Disputes,Adequate space for pedestrians,Bloxwich Community Group,0,0,0,0,0,0,0,https://www.facebook.com/groups/846204072588201/posts/2229336074274987?comment_id=2229941687547759,"The pedestrian walk way through the town is massive...there's NO obstruction here, unless ur looking to make an insurance claim..","Argues that the pedestrian walkway obstruction is not actually a significant problem, implying that complaints about retail displays blocking the pavement are exaggerated. Suggests sarcastically that people complaining may have ulterior motives, such as seeking insurance claims rather than genuinely addressing a public safety or access issue.","How do I complain and to whom about this sort of thing?... is what people have been asking: The Councillor with paid Portfolio responsibility for ""Street Scene and Enforcement"" is: Councillor Ian Benton (Reform) Address: Council House Lichfield Street Walsall WS1 1TW Email: Cllr.Ian.Benton@walsall.gov.uk Work Telephone No: 07584886907 How do I complain and to whom about this sort of thing?... is what people have been asking: The Councillor with paid Portfolio responsibility for ""Street Scene and Enforcement"" is: Councillor Ian Benton (Reform) Address: Council House Lichfield Street Walsall WS1 1TW Email: Cllr.Ian.Benton@walsall.gov.uk Work Telephone No: 07584886907","The community is divided over the use of pedestrian pavements for outdoor retail displays, debating whether such practices represent a public obstruction or a necessary means of revitalising the local economy and town centre vibrancy."
2229949160880345,2229336074274987,2026-08-06T08:35:39+00:00,2026-08-06,Businesses,Street Trading Disputes,Licensing and legal compliance,Bloxwich Community Group,0,0,0,0,0,0,0,https://www.facebook.com/groups/846204072588201/posts/2229336074274987?comment_id=2229949160880345,To have a stall in the street you need a traders license. I wonder if they have one. If not needs removing if yes . There's nothing you can do.,"Questions whether the street vendor has obtained the required traders license, suggesting that if they lack one, the stall should be removed by authorities, but implying that if they do have proper licensing, there is no legitimate basis for complaint. The comment expresses skepticism about enforcement while acknowledging the legal framework exists.","How do I complain and to whom about this sort of thing?... is what people have been asking: The Councillor with paid Portfolio responsibility for ""Street Scene and Enforcement"" is: Councillor Ian Benton (Reform) Address: Council House Lichfield Street Walsall WS1 1TW Email: Cllr.Ian.Benton@walsall.gov.uk Work Telephone No: 07584886907 How do I complain and to whom about this sort of thing?... is what people have been asking: The Councillor with paid Portfolio responsibility for ""Street Scene and Enforcement"" is: Councillor Ian Benton (Reform) Address: Council House Lichfield Street Walsall WS1 1TW Email: Cllr.Ian.Benton@walsall.gov.uk Work Telephone No: 07584886907","The community is divided over the use of pedestrian pavements for outdoor retail displays, debating whether such practices represent a public obstruction or a necessary means of revitalising the local economy and town centre vibrancy."
2229958010879460,2229336074274987,2026-08-06T08:49:17+00:00,2026-08-06,Businesses,Street Trading Disputes,Supports displays as economic necessity,Bloxwich Community Group,2,2,0,0,0,0,0,https://www.facebook.com/groups/846204072588201/posts/2229336074274987?comment_id=2229958010879460,"Business owner, just trying to Drum up some trade, If they pay business rates it adds to the councils budget, which helps the council maintain public services","Defends business owners displaying goods on pavements as a legitimate economic activity, arguing that businesses paying rates contribute to council budgets and public services. Implies that enforcement against such practices may be counterproductive to local economic vitality.","How do I complain and to whom about this sort of thing?... is what people have been asking: The Councillor with paid Portfolio responsibility for ""Street Scene and Enforcement"" is: Councillor Ian Benton (Reform) Address: Council House Lichfield Street Walsall WS1 1TW Email: Cllr.Ian.Benton@walsall.gov.uk Work Telephone No: 07584886907 How do I complain and to whom about this sort of thing?... is what people have been asking: The Councillor with paid Portfolio responsibility for ""Street Scene and Enforcement"" is: Councillor Ian Benton (Reform) Address: Council House Lichfield Street Walsall WS1 1TW Email: Cllr.Ian.Benton@walsall.gov.uk Work Telephone No: 07584886907","The community is divided over the use of pedestrian pavements for outdoor retail displays, debating whether such practices represent a public obstruction or a necessary means of revitalising the local economy and town centre vibrancy."
2229959220879339,2229336074274987,2026-08-06T08:51:14+00:00,2026-08-06,Businesses,Street Trading Disputes,Licensing and legal compliance,Bloxwich Community Group,0,0,0,0,0,0,0,https://www.facebook.com/groups/846204072588201/posts/2229336074274987?comment_id=2229959220879339,Contact the highway authority to see if they have a licence.,Suggests contacting the highway authority to determine whether the retail displays on the pavement have the necessary licence to operate. Implies that such a licence may be required and could be a basis for enforcement action.,"How do I complain and to whom about this sort of thing?... is what people have been asking: The Councillor with paid Portfolio responsibility for ""Street Scene and Enforcement"" is: Councillor Ian Benton (Reform) Address: Council House Lichfield Street Walsall WS1 1TW Email: Cllr.Ian.Benton@walsall.gov.uk Work Telephone No: 07584886907 How do I complain and to whom about this sort of thing?... is what people have been asking: The Councillor with paid Portfolio responsibility for ""Street Scene and Enforcement"" is: Councillor Ian Benton (Reform) Address: Council House Lichfield Street Walsall WS1 1TW Email: Cllr.Ian.Benton@walsall.gov.uk Work Telephone No: 07584886907","The community is divided over the use of pedestrian pavements for outdoor retail displays, debating whether such practices represent a public obstruction or a necessary means of revitalising the local economy and town centre vibrancy."
2229965704212024,2229336074274987,2026-08-06T09:01:24+00:00,2026-08-06,Businesses,Street Trading Disputes,,Bloxwich Community Group,0,0,0,0,0,0,0,https://www.facebook.com/groups/846204072588201/posts/2229336074274987?comment_id=2229965704212024,"A shop is to sell stuff inside only how much stuff do they want to sell ,inside only in my opinion","Criticizes shops for displaying merchandise on pavements outside their premises, arguing this practice is excessive and should be restricted to indoor sales only. Implies that outdoor retail displays represent an unreasonable use of public space.","How do I complain and to whom about this sort of thing?... is what people have been asking: The Councillor with paid Portfolio responsibility for ""Street Scene and Enforcement"" is: Councillor Ian Benton (Reform) Address: Council House Lichfield Street Walsall WS1 1TW Email: Cllr.Ian.Benton@walsall.gov.uk Work Telephone No: 07584886907 How do I complain and to whom about this sort of thing?... is what people have been asking: The Councillor with paid Portfolio responsibility for ""Street Scene and Enforcement"" is: Councillor Ian Benton (Reform) Address: Council House Lichfield Street Walsall WS1 1TW Email: Cllr.Ian.Benton@walsall.gov.uk Work Telephone No: 07584886907","The community is divided over the use of pedestrian pavements for outdoor retail displays, debating whether such practices represent a public obstruction or a necessary means of revitalising the local economy and town centre vibrancy."
2229968417545086,2229336074274987,2026-08-06T09:05:28+00:00,2026-08-06,Businesses,Street Trading Disputes,Council enforcement failure,Bloxwich Community Group,0,0,0,0,0,0,0,https://www.facebook.com/groups/846204072588201/posts/2229336074274987?comment_id=2229968417545086,Could a homeless person put a tent there ? What would happen if they did ?,Questions the inconsistent enforcement of pavement obstruction rules by asking whether homeless people would be permitted to pitch tents on the same pavements where retail displays are currently allowed. Implies criticism of selective enforcement that permits commercial obstruction while presumably prohibiting homeless encampments.,"How do I complain and to whom about this sort of thing?... is what people have been asking: The Councillor with paid Portfolio responsibility for ""Street Scene and Enforcement"" is: Councillor Ian Benton (Reform) Address: Council House Lichfield Street Walsall WS1 1TW Email: Cllr.Ian.Benton@walsall.gov.uk Work Telephone No: 07584886907 How do I complain and to whom about this sort of thing?... is what people have been asking: The Councillor with paid Portfolio responsibility for ""Street Scene and Enforcement"" is: Councillor Ian Benton (Reform) Address: Council House Lichfield Street Walsall WS1 1TW Email: Cllr.Ian.Benton@walsall.gov.uk Work Telephone No: 07584886907","The community is divided over the use of pedestrian pavements for outdoor retail displays, debating whether such practices represent a public obstruction or a necessary means of revitalising the local economy and town centre vibrancy."
2229990527542875,2229336074274987,2026-08-06T09:39:05+00:00,2026-08-06,Businesses,Street Trading Disputes,Dismisses complaints as trivial,Bloxwich Community Group,1,1,0,0,0,0,0,https://www.facebook.com/groups/846204072588201/posts/2229336074274987?comment_id=2229990527542875,Complain why? Is it hurting anyone?,"Questions why people should complain about pavement retail displays, implying they cause no harm. Suggests the practice is harmless and therefore not worthy of formal complaints to local authorities.","How do I complain and to whom about this sort of thing?... is what people have been asking: The Councillor with paid Portfolio responsibility for ""Street Scene and Enforcement"" is: Councillor Ian Benton (Reform) Address: Council House Lichfield Street Walsall WS1 1TW Email: Cllr.Ian.Benton@walsall.gov.uk Work Telephone No: 07584886907 How do I complain and to whom about this sort of thing?... is what people have been asking: The Councillor with paid Portfolio responsibility for ""Street Scene and Enforcement"" is: Councillor Ian Benton (Reform) Address: Council House Lichfield Street Walsall WS1 1TW Email: Cllr.Ian.Benton@walsall.gov.uk Work Telephone No: 07584886907","The community is divided over the use of pedestrian pavements for outdoor retail displays, debating whether such practices represent a public obstruction or a necessary means of revitalising the local economy and town centre vibrancy."
2230002570875004,2229336074274987,2026-08-06T09:57:17+00:00,2026-08-06,Businesses,Street Trading Disputes,Dismisses complaints as trivial,Bloxwich Community Group,1,1,0,0,0,0,0,https://www.facebook.com/groups/846204072588201/posts/2229336074274987?comment_id=2230002570875004,Get a grip 😭 people older and younger than you disagree with u feel like ur just trying to complain about anything. Shops like that have been open for YEARS and there are a lot more like it in way nicer areas. We are in Walsall actually get a grip man 😭. These shops are useful what would u do if every single one closed. Nothing. Thought so,"Dismisses the original complaint as unfounded whining, arguing that similar shops have operated for years in nicer areas and serve a useful purpose for the community. Implies the complainant is being unreasonable and suggests that closing such shops would be detrimental, using sarcasm to mock the complainant's position.","How do I complain and to whom about this sort of thing?... is what people have been asking: The Councillor with paid Portfolio responsibility for ""Street Scene and Enforcement"" is: Councillor Ian Benton (Reform) Address: Council House Lichfield Street Walsall WS1 1TW Email: Cllr.Ian.Benton@walsall.gov.uk Work Telephone No: 07584886907 How do I complain and to whom about this sort of thing?... is what people have been asking: The Councillor with paid Portfolio responsibility for ""Street Scene and Enforcement"" is: Councillor Ian Benton (Reform) Address: Council House Lichfield Street Walsall WS1 1TW Email: Cllr.Ian.Benton@walsall.gov.uk Work Telephone No: 07584886907","The community is divided over the use of pedestrian pavements for outdoor retail displays, debating whether such practices represent a public obstruction or a necessary means of revitalising the local economy and town centre vibrancy."
2230007454207849,2229336074274987,2026-08-06T10:05:02+00:00,2026-08-06,Businesses,Street Trading Disputes,Supports displays as economic necessity,Bloxwich Community Group,2,2,0,0,0,0,0,https://www.facebook.com/groups/846204072588201/posts/2229336074274987?comment_id=2230007454207849,"WHY? Walsall town centre is dying, has been dying through all the years Mr Pete Smith sat in the council chamber claiming his 15k but doesn't say anything about those up Caldmore? A trader is trying to get business, yes not the best image but they are paying business rates, paying staff, creating footfall. Maybe Mr Smith concentrates on why people refused to re-elect him rather than trying to put hardworking people out of business. Gravy boats ended Smithy","Criticizes former Councillor Pete Smith for inaction on town centre decline while attacking a trader for pavement displays, arguing the trader contributes economically through business rates and employment. Implies Smith should focus on his electoral defeat and suggests councillors prioritize economic revitalization over enforcement against small businesses.","How do I complain and to whom about this sort of thing?... is what people have been asking: The Councillor with paid Portfolio responsibility for ""Street Scene and Enforcement"" is: Councillor Ian Benton (Reform) Address: Council House Lichfield Street Walsall WS1 1TW Email: Cllr.Ian.Benton@walsall.gov.uk Work Telephone No: 07584886907 How do I complain and to whom about this sort of thing?... is what people have been asking: The Councillor with paid Portfolio responsibility for ""Street Scene and Enforcement"" is: Councillor Ian Benton (Reform) Address: Council House Lichfield Street Walsall WS1 1TW Email: Cllr.Ian.Benton@walsall.gov.uk Work Telephone No: 07584886907","The community is divided over the use of pedestrian pavements for outdoor retail displays, debating whether such practices represent a public obstruction or a necessary means of revitalising the local economy and town centre vibrancy."
2230009250874336,2229336074274987,2026-08-06T10:07:44+00:00,2026-08-06,Businesses,Street Trading Disputes,Cultural or ethnic targeting,Bloxwich Community Group,0,0,0,0,0,0,0,https://www.facebook.com/groups/846204072588201/posts/2229336074274987?comment_id=2230009250874336,My post has nothing to do with the ethnic background of whoever owns/runs the shops.I wish to make this clear.,Clarifies that previous complaints about pavement retail displays are not motivated by the ethnic background of shop owners or operators. Seeks to preempt accusations of discrimination by explicitly distancing the concern from any ethnic dimension.,"How do I complain and to whom about this sort of thing?... is what people have been asking: The Councillor with paid Portfolio responsibility for ""Street Scene and Enforcement"" is: Councillor Ian Benton (Reform) Address: Council House Lichfield Street Walsall WS1 1TW Email: Cllr.Ian.Benton@walsall.gov.uk Work Telephone No: 07584886907 How do I complain and to whom about this sort of thing?... is what people have been asking: The Councillor with paid Portfolio responsibility for ""Street Scene and Enforcement"" is: Councillor Ian Benton (Reform) Address: Council House Lichfield Street Walsall WS1 1TW Email: Cllr.Ian.Benton@walsall.gov.uk Work Telephone No: 07584886907","The community is divided over the use of pedestrian pavements for outdoor retail displays, debating whether such practices represent a public obstruction or a necessary means of revitalising the local economy and town centre vibrancy."
2230010790874182,2229336074274987,2026-08-06T10:10:13+00:00,2026-08-06,Businesses,Street Trading Disputes,Licensing and legal compliance,Bloxwich Community Group,0,0,0,0,0,0,0,https://www.facebook.com/groups/846204072588201/posts/2229336074274987?comment_id=2230010790874182,The pitch in the middle is rented by them and a daily fee is paid to the council some people just can’t stop h8ing,"Defends the street traders by noting they pay a daily fee to the council for use of the pitch, implying their presence is legitimate and authorized. Dismisses criticism of the traders as mere 'hating' rather than substantive concern.","How do I complain and to whom about this sort of thing?... is what people have been asking: The Councillor with paid Portfolio responsibility for ""Street Scene and Enforcement"" is: Councillor Ian Benton (Reform) Address: Council House Lichfield Street Walsall WS1 1TW Email: Cllr.Ian.Benton@walsall.gov.uk Work Telephone No: 07584886907 How do I complain and to whom about this sort of thing?... is what people have been asking: The Councillor with paid Portfolio responsibility for ""Street Scene and Enforcement"" is: Councillor Ian Benton (Reform) Address: Council House Lichfield Street Walsall WS1 1TW Email: Cllr.Ian.Benton@walsall.gov.uk Work Telephone No: 07584886907","The community is divided over the use of pedestrian pavements for outdoor retail displays, debating whether such practices represent a public obstruction or a necessary means of revitalising the local economy and town centre vibrancy."
2230017824206812,2229336074274987,2026-08-06T10:19:27+00:00,2026-08-06,Businesses,Street Trading Disputes,Dismisses complaints as trivial,Bloxwich Community Group,0,0,0,0,0,0,0,https://www.facebook.com/groups/846204072588201/posts/2229336074274987?comment_id=2230017824206812,What we trying to stop?,"Questions what specific issue or problem the community is attempting to address, suggesting uncertainty about the complaint's target. Likely implies skepticism about whether the pavement retail displays are actually a problem worth escalating to the councillor.","How do I complain and to whom about this sort of thing?... is what people have been asking: The Councillor with paid Portfolio responsibility for ""Street Scene and Enforcement"" is: Councillor Ian Benton (Reform) Address: Council House Lichfield Street Walsall WS1 1TW Email: Cllr.Ian.Benton@walsall.gov.uk Work Telephone No: 07584886907 How do I complain and to whom about this sort of thing?... is what people have been asking: The Councillor with paid Portfolio responsibility for ""Street Scene and Enforcement"" is: Councillor Ian Benton (Reform) Address: Council House Lichfield Street Walsall WS1 1TW Email: Cllr.Ian.Benton@walsall.gov.uk Work Telephone No: 07584886907","The community is divided over the use of pedestrian pavements for outdoor retail displays, debating whether such practices represent a public obstruction or a necessary means of revitalising the local economy and town centre vibrancy."
2230038004204794,2229336074274987,2026-08-06T10:46:55+00:00,2026-08-06,Businesses,Street Trading Disputes,Dismisses complaints as trivial,Bloxwich Community Group,0,0,0,0,0,0,0,https://www.facebook.com/groups/846204072588201/posts/2229336074274987?comment_id=2230038004204794,Ffs get a life .ppl trying to make a living theres plenty of space .,"Dismisses concerns about pavement retail displays as trivial and defends street traders' right to conduct business, arguing there is sufficient space for both pedestrian use and commercial activity. Implies that critics should focus their energy elsewhere rather than complaining about traders attempting to earn a living.","How do I complain and to whom about this sort of thing?... is what people have been asking: The Councillor with paid Portfolio responsibility for ""Street Scene and Enforcement"" is: Councillor Ian Benton (Reform) Address: Council House Lichfield Street Walsall WS1 1TW Email: Cllr.Ian.Benton@walsall.gov.uk Work Telephone No: 07584886907 How do I complain and to whom about this sort of thing?... is what people have been asking: The Councillor with paid Portfolio responsibility for ""Street Scene and Enforcement"" is: Councillor Ian Benton (Reform) Address: Council House Lichfield Street Walsall WS1 1TW Email: Cllr.Ian.Benton@walsall.gov.uk Work Telephone No: 07584886907","The community is divided over the use of pedestrian pavements for outdoor retail displays, debating whether such practices represent a public obstruction or a necessary means of revitalising the local economy and town centre vibrancy."
2230038734204721,2229336074274987,2026-08-06T10:47:49+00:00,2026-08-06,Businesses,Street Trading Disputes,Dismisses complaints as trivial,Bloxwich Community Group,0,0,0,0,0,0,0,https://www.facebook.com/groups/846204072588201/posts/2229336074274987?comment_id=2230038734204721,"Complain about what, people with sticks? 🤷‍♂️","Questions the legitimacy of complaints about retail displays on pavements by sarcastically dismissing them as merely ""people with sticks,"" implying the issue is trivial or overblown. Suggests skepticism toward the enforcement effort being promoted in the post.","How do I complain and to whom about this sort of thing?... is what people have been asking: The Councillor with paid Portfolio responsibility for ""Street Scene and Enforcement"" is: Councillor Ian Benton (Reform) Address: Council House Lichfield Street Walsall WS1 1TW Email: Cllr.Ian.Benton@walsall.gov.uk Work Telephone No: 07584886907 How do I complain and to whom about this sort of thing?... is what people have been asking: The Councillor with paid Portfolio responsibility for ""Street Scene and Enforcement"" is: Councillor Ian Benton (Reform) Address: Council House Lichfield Street Walsall WS1 1TW Email: Cllr.Ian.Benton@walsall.gov.uk Work Telephone No: 07584886907","The community is divided over the use of pedestrian pavements for outdoor retail displays, debating whether such practices represent a public obstruction or a necessary means of revitalising the local economy and town centre vibrancy."
2230039454204649,2229336074274987,2026-08-06T10:48:38+00:00,2026-08-06,Businesses,Street Trading Disputes,Adequate space for pedestrians,Bloxwich Community Group,1,1,0,0,0,0,0,https://www.facebook.com/groups/846204072588201/posts/2229336074274987?comment_id=2230039454204649,"What’s wrong with that? There is plenty of room to walk at least town doesn’t look bare! I am sure you’ve seen other high street shops with there plants outside, like Asda & Tesco stores!","Defends the practice of displaying retail goods on pavements, arguing there is sufficient space for pedestrians to walk and citing comparable practices at major supermarket chains like Asda and Tesco as justification for the town centre displays.","How do I complain and to whom about this sort of thing?... is what people have been asking: The Councillor with paid Portfolio responsibility for ""Street Scene and Enforcement"" is: Councillor Ian Benton (Reform) Address: Council House Lichfield Street Walsall WS1 1TW Email: Cllr.Ian.Benton@walsall.gov.uk Work Telephone No: 07584886907 How do I complain and to whom about this sort of thing?... is what people have been asking: The Councillor with paid Portfolio responsibility for ""Street Scene and Enforcement"" is: Councillor Ian Benton (Reform) Address: Council House Lichfield Street Walsall WS1 1TW Email: Cllr.Ian.Benton@walsall.gov.uk Work Telephone No: 07584886907","The community is divided over the use of pedestrian pavements for outdoor retail displays, debating whether such practices represent a public obstruction or a necessary means of revitalising the local economy and town centre vibrancy."
2230044424204152,2229336074274987,2026-08-06T10:56:31+00:00,2026-08-06,Businesses,Street Trading Disputes,Misplaced priorities argument,Bloxwich Community Group,0,0,0,0,0,0,0,https://www.facebook.com/groups/846204072588201/posts/2229336074274987?comment_id=2230044424204152,Next post will be about the lack of shops in the town centre 🙄,"Expresses cynical skepticism that future community complaints will follow a predictable pattern, with the next post likely addressing the shortage of retail shops in the town centre. Implies frustration with recurring local grievances and suggests the community's concerns are becoming repetitive or cyclical.","How do I complain and to whom about this sort of thing?... is what people have been asking: The Councillor with paid Portfolio responsibility for ""Street Scene and Enforcement"" is: Councillor Ian Benton (Reform) Address: Council House Lichfield Street Walsall WS1 1TW Email: Cllr.Ian.Benton@walsall.gov.uk Work Telephone No: 07584886907 How do I complain and to whom about this sort of thing?... is what people have been asking: The Councillor with paid Portfolio responsibility for ""Street Scene and Enforcement"" is: Councillor Ian Benton (Reform) Address: Council House Lichfield Street Walsall WS1 1TW Email: Cllr.Ian.Benton@walsall.gov.uk Work Telephone No: 07584886907","The community is divided over the use of pedestrian pavements for outdoor retail displays, debating whether such practices represent a public obstruction or a necessary means of revitalising the local economy and town centre vibrancy."
2230047930870468,2229336074274987,2026-08-06T11:01:02+00:00,2026-08-06,Businesses,Street Trading Disputes,,Bloxwich Community Group,0,0,0,0,0,0,0,https://www.facebook.com/groups/846204072588201/posts/2229336074274987?comment_id=2230047930870468,Cheap tat. Need proper shops.,"Criticizes the retail goods displayed on the pavement as low-quality merchandise. Implies that the town needs established, proper retail shops rather than street-based informal retail displays.","How do I complain and to whom about this sort of thing?... is what people have been asking: The Councillor with paid Portfolio responsibility for ""Street Scene and Enforcement"" is: Councillor Ian Benton (Reform) Address: Council House Lichfield Street Walsall WS1 1TW Email: Cllr.Ian.Benton@walsall.gov.uk Work Telephone No: 07584886907 How do I complain and to whom about this sort of thing?... is what people have been asking: The Councillor with paid Portfolio responsibility for ""Street Scene and Enforcement"" is: Councillor Ian Benton (Reform) Address: Council House Lichfield Street Walsall WS1 1TW Email: Cllr.Ian.Benton@walsall.gov.uk Work Telephone No: 07584886907","The community is divided over the use of pedestrian pavements for outdoor retail displays, debating whether such practices represent a public obstruction or a necessary means of revitalising the local economy and town centre vibrancy."
2230053907536537,2229336074274987,2026-08-06T11:09:24+00:00,2026-08-06,Businesses,Street Trading Disputes,Misplaced priorities argument,Bloxwich Community Group,0,0,0,0,0,0,0,https://www.facebook.com/groups/846204072588201/posts/2229336074274987?comment_id=2230053907536537,"The photo chosen is of a pedestrianised street, therefore there will be negligible motor traffic, so wares outside a shop, while irritating, is not causing threat of injury. If your concern is about the number of “money laundering” businesses, get the evidence to close them down. Perhaps you should be petitioning the council to reduce the rates to entice bigger stores to return to the high street.","Argues that pavement displays pose minimal safety risk on pedestrianised streets and suggests that rather than complaining about street clutter, residents should focus on addressing alleged money laundering businesses with evidence or petition the council to reduce business rates to attract larger retailers back to the high street. Implies the original complaint is misplaced priority.","How do I complain and to whom about this sort of thing?... is what people have been asking: The Councillor with paid Portfolio responsibility for ""Street Scene and Enforcement"" is: Councillor Ian Benton (Reform) Address: Council House Lichfield Street Walsall WS1 1TW Email: Cllr.Ian.Benton@walsall.gov.uk Work Telephone No: 07584886907 How do I complain and to whom about this sort of thing?... is what people have been asking: The Councillor with paid Portfolio responsibility for ""Street Scene and Enforcement"" is: Councillor Ian Benton (Reform) Address: Council House Lichfield Street Walsall WS1 1TW Email: Cllr.Ian.Benton@walsall.gov.uk Work Telephone No: 07584886907","The community is divided over the use of pedestrian pavements for outdoor retail displays, debating whether such practices represent a public obstruction or a necessary means of revitalising the local economy and town centre vibrancy."
2230067487535179,2229336074274987,2026-08-06T11:27:04+00:00,2026-08-06,Businesses,Street Trading Disputes,Accessibility concerns for disabled,Bloxwich Community Group,0,0,0,0,0,0,0,https://www.facebook.com/groups/846204072588201/posts/2229336074274987?comment_id=2230067487535179,"It's not good for the blind, also if cafes have to apply for a licence to put chairs and tables ilon the pavement so should others,, I believe they also have to pay","Argues that pavement displays obstruct access for blind people and that enforcement should be consistent, suggesting that if cafes require licenses and pay fees for pavement furniture, other retailers should face the same requirements. Implies current enforcement is unequal or inadequate.","How do I complain and to whom about this sort of thing?... is what people have been asking: The Councillor with paid Portfolio responsibility for ""Street Scene and Enforcement"" is: Councillor Ian Benton (Reform) Address: Council House Lichfield Street Walsall WS1 1TW Email: Cllr.Ian.Benton@walsall.gov.uk Work Telephone No: 07584886907 How do I complain and to whom about this sort of thing?... is what people have been asking: The Councillor with paid Portfolio responsibility for ""Street Scene and Enforcement"" is: Councillor Ian Benton (Reform) Address: Council House Lichfield Street Walsall WS1 1TW Email: Cllr.Ian.Benton@walsall.gov.uk Work Telephone No: 07584886907","The community is divided over the use of pedestrian pavements for outdoor retail displays, debating whether such practices represent a public obstruction or a necessary means of revitalising the local economy and town centre vibrancy."
2230101340865127,2229336074274987,2026-08-06T12:11:47+00:00,2026-08-06,Businesses,Street Trading Disputes,Cultural or ethnic targeting,Bloxwich Community Group,0,0,0,0,0,0,0,https://www.facebook.com/groups/846204072588201/posts/2229336074274987?comment_id=2230101340865127,"I take its a asain shop that's why u want ro complain about it, it's people like u that complain about everything and anything then say walsall s hole complaints number 0 1 2 1 do 1","Accuses the original poster of targeting the business because it is Asian-owned, suggesting discriminatory motivation behind the complaint. Criticizes complainers generally as perpetually negative while ironically noting they simultaneously blame the town's problems on external factors.","How do I complain and to whom about this sort of thing?... is what people have been asking: The Councillor with paid Portfolio responsibility for ""Street Scene and Enforcement"" is: Councillor Ian Benton (Reform) Address: Council House Lichfield Street Walsall WS1 1TW Email: Cllr.Ian.Benton@walsall.gov.uk Work Telephone No: 07584886907 How do I complain and to whom about this sort of thing?... is what people have been asking: The Councillor with paid Portfolio responsibility for ""Street Scene and Enforcement"" is: Councillor Ian Benton (Reform) Address: Council House Lichfield Street Walsall WS1 1TW Email: Cllr.Ian.Benton@walsall.gov.uk Work Telephone No: 07584886907","The community is divided over the use of pedestrian pavements for outdoor retail displays, debating whether such practices represent a public obstruction or a necessary means of revitalising the local economy and town centre vibrancy."
2230116950863566,2229336074274987,2026-08-06T12:30:46+00:00,2026-08-06,Businesses,Street Trading Disputes,Licensing and legal compliance,Bloxwich Community Group,0,0,0,0,0,0,0,https://www.facebook.com/groups/846204072588201/posts/2229336074274987?comment_id=2230116950863566,I think the shops have to pay some kind of rent for the space they use outside the front of the shops otherwise I can't see why this wasn't stopped ages ago 🤔,"Suggests that shops must be paying rent or fees to the council for their pavement displays, and implies this financial arrangement explains why the council has allowed the practice to continue unchecked rather than enforcing restrictions earlier.","How do I complain and to whom about this sort of thing?... is what people have been asking: The Councillor with paid Portfolio responsibility for ""Street Scene and Enforcement"" is: Councillor Ian Benton (Reform) Address: Council House Lichfield Street Walsall WS1 1TW Email: Cllr.Ian.Benton@walsall.gov.uk Work Telephone No: 07584886907 How do I complain and to whom about this sort of thing?... is what people have been asking: The Councillor with paid Portfolio responsibility for ""Street Scene and Enforcement"" is: Councillor Ian Benton (Reform) Address: Council House Lichfield Street Walsall WS1 1TW Email: Cllr.Ian.Benton@walsall.gov.uk Work Telephone No: 07584886907","The community is divided over the use of pedestrian pavements for outdoor retail displays, debating whether such practices represent a public obstruction or a necessary means of revitalising the local economy and town centre vibrancy."
2230119544196640,2229336074274987,2026-08-06T12:34:07+00:00,2026-08-06,Businesses,Street Trading Disputes,Dismisses complaints as trivial,Bloxwich Community Group,0,0,0,0,0,0,0,https://www.facebook.com/groups/846204072588201/posts/2229336074274987?comment_id=2230119544196640,"Most of it will be nicked before the weeks out, I wouldn't worry too much 😂","Suggests that items displayed on the pavement will be stolen within a week, implying that theft is inevitable and therefore complaints about the street display issue are futile. Uses humor (laughing emoji) to express cynicism about the effectiveness of enforcement or the durability of the retail display.","How do I complain and to whom about this sort of thing?... is what people have been asking: The Councillor with paid Portfolio responsibility for ""Street Scene and Enforcement"" is: Councillor Ian Benton (Reform) Address: Council House Lichfield Street Walsall WS1 1TW Email: Cllr.Ian.Benton@walsall.gov.uk Work Telephone No: 07584886907 How do I complain and to whom about this sort of thing?... is what people have been asking: The Councillor with paid Portfolio responsibility for ""Street Scene and Enforcement"" is: Councillor Ian Benton (Reform) Address: Council House Lichfield Street Walsall WS1 1TW Email: Cllr.Ian.Benton@walsall.gov.uk Work Telephone No: 07584886907","The community is divided over the use of pedestrian pavements for outdoor retail displays, debating whether such practices represent a public obstruction or a necessary means of revitalising the local economy and town centre vibrancy."
2230153054193289,2229336074274987,2026-08-06T13:16:25+00:00,2026-08-06,Businesses,Street Trading Disputes,Dismisses complaints as trivial,Bloxwich Community Group,0,0,0,0,0,0,0,https://www.facebook.com/groups/846204072588201/posts/2229336074274987?comment_id=2230153054193289,Omg grow up. Spend a cpuple or pound there,Dismisses concerns about pavement retail displays as trivial and suggests critics should support local businesses by spending money there instead. Implies the complaint is petty and that economic benefit to shops should outweigh obstruction concerns.,"How do I complain and to whom about this sort of thing?... is what people have been asking: The Councillor with paid Portfolio responsibility for ""Street Scene and Enforcement"" is: Councillor Ian Benton (Reform) Address: Council House Lichfield Street Walsall WS1 1TW Email: Cllr.Ian.Benton@walsall.gov.uk Work Telephone No: 07584886907 How do I complain and to whom about this sort of thing?... is what people have been asking: The Councillor with paid Portfolio responsibility for ""Street Scene and Enforcement"" is: Councillor Ian Benton (Reform) Address: Council House Lichfield Street Walsall WS1 1TW Email: Cllr.Ian.Benton@walsall.gov.uk Work Telephone No: 07584886907","The community is divided over the use of pedestrian pavements for outdoor retail displays, debating whether such practices represent a public obstruction or a necessary means of revitalising the local economy and town centre vibrancy."
2230197360855525,2229336074274987,2026-08-06T14:11:14+00:00,2026-08-06,Businesses,Street Trading Disputes,Dismisses complaints as trivial,Bloxwich Community Group,2,2,0,0,0,0,0,https://www.facebook.com/groups/846204072588201/posts/2229336074274987?comment_id=2230197360855525,You need to get a life.,Dismisses the commenter's engagement in the community discussion as a waste of time. Implies that Pete Smith should focus on more important matters rather than pursuing complaints about street scene enforcement issues.,"How do I complain and to whom about this sort of thing?... is what people have been asking: The Councillor with paid Portfolio responsibility for ""Street Scene and Enforcement"" is: Councillor Ian Benton (Reform) Address: Council House Lichfield Street Walsall WS1 1TW Email: Cllr.Ian.Benton@walsall.gov.uk Work Telephone No: 07584886907 How do I complain and to whom about this sort of thing?... is what people have been asking: The Councillor with paid Portfolio responsibility for ""Street Scene and Enforcement"" is: Councillor Ian Benton (Reform) Address: Council House Lichfield Street Walsall WS1 1TW Email: Cllr.Ian.Benton@walsall.gov.uk Work Telephone No: 07584886907","The community is divided over the use of pedestrian pavements for outdoor retail displays, debating whether such practices represent a public obstruction or a necessary means of revitalising the local economy and town centre vibrancy."
2230239457517982,2229336074274987,2026-08-06T15:04:58+00:00,2026-08-06,Businesses,Street Trading Disputes,Dismisses complaints as trivial,Bloxwich Community Group,0,0,0,0,0,0,0,https://www.facebook.com/groups/846204072588201/posts/2229336074274987?comment_id=2230239457517982,What are we complaining about?,"Questions what the community is complaining about, likely expressing skepticism or disagreement with the concerns raised about pavement retail displays. The comment implies either that the issue is not worth complaining about or that the complaints are unjustified.","How do I complain and to whom about this sort of thing?... is what people have been asking: The Councillor with paid Portfolio responsibility for ""Street Scene and Enforcement"" is: Councillor Ian Benton (Reform) Address: Council House Lichfield Street Walsall WS1 1TW Email: Cllr.Ian.Benton@walsall.gov.uk Work Telephone No: 07584886907 How do I complain and to whom about this sort of thing?... is what people have been asking: The Councillor with paid Portfolio responsibility for ""Street Scene and Enforcement"" is: Councillor Ian Benton (Reform) Address: Council House Lichfield Street Walsall WS1 1TW Email: Cllr.Ian.Benton@walsall.gov.uk Work Telephone No: 07584886907","The community is divided over the use of pedestrian pavements for outdoor retail displays, debating whether such practices represent a public obstruction or a necessary means of revitalising the local economy and town centre vibrancy."
2230239790851282,2229336074274987,2026-08-06T15:05:27+00:00,2026-08-06,Businesses,Street Trading Disputes,Misplaced priorities argument,Bloxwich Community Group,0,0,0,0,0,0,0,https://www.facebook.com/groups/846204072588201/posts/2229336074274987?comment_id=2230239790851282,"I would complain more about the people from utility companies who stop you in the pathway and continue to pester you after you say ""no thank you,"" rather than complaining about the few shops left in Walsall.","Argues that utility company representatives aggressively soliciting on pavements are a greater nuisance than shops displaying goods on sidewalks, and suggests the community should prioritize complaints about the former rather than the latter. Implies that remaining shops in Walsall should be supported rather than discouraged through enforcement.","How do I complain and to whom about this sort of thing?... is what people have been asking: The Councillor with paid Portfolio responsibility for ""Street Scene and Enforcement"" is: Councillor Ian Benton (Reform) Address: Council House Lichfield Street Walsall WS1 1TW Email: Cllr.Ian.Benton@walsall.gov.uk Work Telephone No: 07584886907 How do I complain and to whom about this sort of thing?... is what people have been asking: The Councillor with paid Portfolio responsibility for ""Street Scene and Enforcement"" is: Councillor Ian Benton (Reform) Address: Council House Lichfield Street Walsall WS1 1TW Email: Cllr.Ian.Benton@walsall.gov.uk Work Telephone No: 07584886907","The community is divided over the use of pedestrian pavements for outdoor retail displays, debating whether such practices represent a public obstruction or a necessary means of revitalising the local economy and town centre vibrancy."
2230249820850279,2229336074274987,2026-08-06T15:17:19+00:00,2026-08-06,Businesses,Street Trading Disputes,Dismisses complaints as trivial,Bloxwich Community Group,0,0,0,0,0,0,0,https://www.facebook.com/groups/846204072588201/posts/2229336074274987?comment_id=2230249820850279,Honlw about minding your own business. Is it interfering with you? Probably not. Use it or lose it.,"Dismisses concerns about pavement retail displays as not warranting complaint, arguing that if the displays aren't personally affecting the commenter, others should stop interfering and let businesses use the space. Implies that complaints to the councillor are unnecessary and that the practice should continue.","How do I complain and to whom about this sort of thing?... is what people have been asking: The Councillor with paid Portfolio responsibility for ""Street Scene and Enforcement"" is: Councillor Ian Benton (Reform) Address: Council House Lichfield Street Walsall WS1 1TW Email: Cllr.Ian.Benton@walsall.gov.uk Work Telephone No: 07584886907 How do I complain and to whom about this sort of thing?... is what people have been asking: The Councillor with paid Portfolio responsibility for ""Street Scene and Enforcement"" is: Councillor Ian Benton (Reform) Address: Council House Lichfield Street Walsall WS1 1TW Email: Cllr.Ian.Benton@walsall.gov.uk Work Telephone No: 07584886907","The community is divided over the use of pedestrian pavements for outdoor retail displays, debating whether such practices represent a public obstruction or a necessary means of revitalising the local economy and town centre vibrancy."
2230289790846282,2229336074274987,2026-08-06T16:07:24+00:00,2026-08-06,Businesses,Street Trading Disputes,Dismisses complaints as trivial,Bloxwich Community Group,0,0,0,0,0,0,0,https://www.facebook.com/groups/846204072588201/posts/2229336074274987?comment_id=2230289790846282,Make karen,"Uses the term 'karen' to mock or dismiss the person complaining about street obstruction, likely suggesting their complaint is trivial or represents overreactive behavior. The comment implies skepticism toward the complaint-filing process being outlined in the post.","How do I complain and to whom about this sort of thing?... is what people have been asking: The Councillor with paid Portfolio responsibility for ""Street Scene and Enforcement"" is: Councillor Ian Benton (Reform) Address: Council House Lichfield Street Walsall WS1 1TW Email: Cllr.Ian.Benton@walsall.gov.uk Work Telephone No: 07584886907 How do I complain and to whom about this sort of thing?... is what people have been asking: The Councillor with paid Portfolio responsibility for ""Street Scene and Enforcement"" is: Councillor Ian Benton (Reform) Address: Council House Lichfield Street Walsall WS1 1TW Email: Cllr.Ian.Benton@walsall.gov.uk Work Telephone No: 07584886907","The community is divided over the use of pedestrian pavements for outdoor retail displays, debating whether such practices represent a public obstruction or a necessary means of revitalising the local economy and town centre vibrancy."
2230304280844833,2229336074274987,2026-08-06T16:27:04+00:00,2026-08-06,Businesses,Street Trading Disputes,Dismisses complaints as trivial,Bloxwich Community Group,0,0,0,0,0,0,0,https://www.facebook.com/groups/846204072588201/posts/2229336074274987?comment_id=2230304280844833,You moaning boring pathetic cunt,"Attacks the original poster with abusive language, characterizing them as tedious and contemptible for raising concerns about street obstruction. The comment dismisses the poster's complaint as unworthy of attention.","How do I complain and to whom about this sort of thing?... is what people have been asking: The Councillor with paid Portfolio responsibility for ""Street Scene and Enforcement"" is: Councillor Ian Benton (Reform) Address: Council House Lichfield Street Walsall WS1 1TW Email: Cllr.Ian.Benton@walsall.gov.uk Work Telephone No: 07584886907 How do I complain and to whom about this sort of thing?... is what people have been asking: The Councillor with paid Portfolio responsibility for ""Street Scene and Enforcement"" is: Councillor Ian Benton (Reform) Address: Council House Lichfield Street Walsall WS1 1TW Email: Cllr.Ian.Benton@walsall.gov.uk Work Telephone No: 07584886907","The community is divided over the use of pedestrian pavements for outdoor retail displays, debating whether such practices represent a public obstruction or a necessary means of revitalising the local economy and town centre vibrancy."
2230325977509330,2229336074274987,2026-08-06T16:56:56+00:00,2026-08-06,Businesses,Street Trading Disputes,Cultural or ethnic targeting,Bloxwich Community Group,2,2,0,0,0,0,0,https://www.facebook.com/groups/846204072588201/posts/2229336074274987?comment_id=2230325977509330,Oh ffs I bet if he was white though you wouldn't complain would you,"Accuses the community of applying a racial double standard, suggesting that complaints about the pavement display would not be made if the person responsible were white rather than a person of color. Implies the enforcement complaint is racially motivated.","How do I complain and to whom about this sort of thing?... is what people have been asking: The Councillor with paid Portfolio responsibility for ""Street Scene and Enforcement"" is: Councillor Ian Benton (Reform) Address: Council House Lichfield Street Walsall WS1 1TW Email: Cllr.Ian.Benton@walsall.gov.uk Work Telephone No: 07584886907 How do I complain and to whom about this sort of thing?... is what people have been asking: The Councillor with paid Portfolio responsibility for ""Street Scene and Enforcement"" is: Councillor Ian Benton (Reform) Address: Council House Lichfield Street Walsall WS1 1TW Email: Cllr.Ian.Benton@walsall.gov.uk Work Telephone No: 07584886907","The community is divided over the use of pedestrian pavements for outdoor retail displays, debating whether such practices represent a public obstruction or a necessary means of revitalising the local economy and town centre vibrancy."
2230366907505237,2229336074274987,2026-08-06T17:55:18+00:00,2026-08-06,Businesses,Street Trading Disputes,Supports displays as economic necessity,Bloxwich Community Group,2,2,0,0,0,0,0,https://www.facebook.com/groups/846204072588201/posts/2229336074274987?comment_id=2230366907505237,"I needed a hand held fan last week. Everywhere I went was out of stock (B&M, Argos, Tesco etc) Managed to get one from Walsall from one of these shops and the very nice shop owner talked me through how it works (speed settings, night light etc) As always - you can get anything from Walsall traders","Praises local Walsall traders for their product availability and customer service, citing a positive shopping experience where a shop owner provided helpful guidance on a handheld fan purchase. Implicitly supports local retail businesses as a solution to supply issues, potentially countering concerns about street-level retail displays by highlighting their value to the community.","How do I complain and to whom about this sort of thing?... is what people have been asking: The Councillor with paid Portfolio responsibility for ""Street Scene and Enforcement"" is: Councillor Ian Benton (Reform) Address: Council House Lichfield Street Walsall WS1 1TW Email: Cllr.Ian.Benton@walsall.gov.uk Work Telephone No: 07584886907 How do I complain and to whom about this sort of thing?... is what people have been asking: The Councillor with paid Portfolio responsibility for ""Street Scene and Enforcement"" is: Councillor Ian Benton (Reform) Address: Council House Lichfield Street Walsall WS1 1TW Email: Cllr.Ian.Benton@walsall.gov.uk Work Telephone No: 07584886907","The community is divided over the use of pedestrian pavements for outdoor retail displays, debating whether such practices represent a public obstruction or a necessary means of revitalising the local economy and town centre vibrancy."
2230431987498729,2229336074274987,2026-08-06T19:30:17+00:00,2026-08-06,Businesses,Street Trading Disputes,Licensing and legal compliance,Bloxwich Community Group,0,0,0,0,0,0,0,https://www.facebook.com/groups/846204072588201/posts/2229336074274987?comment_id=2230431987498729,Give em an inch they will take a Mile. What happens if someone tripped over there shit ? Bet they haven’t got public liability insurance!,"Argues that allowing retail displays on pavements will lead to escalating encroachment on public space, and raises concerns about potential liability issues if pedestrians are injured by the obstructing merchandise. Implies that businesses lack proper insurance to cover such incidents.","How do I complain and to whom about this sort of thing?... is what people have been asking: The Councillor with paid Portfolio responsibility for ""Street Scene and Enforcement"" is: Councillor Ian Benton (Reform) Address: Council House Lichfield Street Walsall WS1 1TW Email: Cllr.Ian.Benton@walsall.gov.uk Work Telephone No: 07584886907 How do I complain and to whom about this sort of thing?... is what people have been asking: The Councillor with paid Portfolio responsibility for ""Street Scene and Enforcement"" is: Councillor Ian Benton (Reform) Address: Council House Lichfield Street Walsall WS1 1TW Email: Cllr.Ian.Benton@walsall.gov.uk Work Telephone No: 07584886907","The community is divided over the use of pedestrian pavements for outdoor retail displays, debating whether such practices represent a public obstruction or a necessary means of revitalising the local economy and town centre vibrancy."
2230434187498509,2229336074274987,2026-08-06T19:34:15+00:00,2026-08-06,Businesses,Street Trading Disputes,Dismisses complaints as trivial,Bloxwich Community Group,0,0,0,0,0,0,0,https://www.facebook.com/groups/846204072588201/posts/2229336074274987?comment_id=2230434187498509,Get a life,Dismisses the commenter's engagement in the community discussion as a waste of time. Implies that discussing local governance and street scene issues is unproductive or beneath consideration.,"How do I complain and to whom about this sort of thing?... is what people have been asking: The Councillor with paid Portfolio responsibility for ""Street Scene and Enforcement"" is: Councillor Ian Benton (Reform) Address: Council House Lichfield Street Walsall WS1 1TW Email: Cllr.Ian.Benton@walsall.gov.uk Work Telephone No: 07584886907 How do I complain and to whom about this sort of thing?... is what people have been asking: The Councillor with paid Portfolio responsibility for ""Street Scene and Enforcement"" is: Councillor Ian Benton (Reform) Address: Council House Lichfield Street Walsall WS1 1TW Email: Cllr.Ian.Benton@walsall.gov.uk Work Telephone No: 07584886907","The community is divided over the use of pedestrian pavements for outdoor retail displays, debating whether such practices represent a public obstruction or a necessary means of revitalising the local economy and town centre vibrancy."
2230538064154788,2229336074274987,2026-08-06T22:38:26+00:00,2026-08-06,Businesses,Street Trading Disputes,Supports displays as economic necessity,Bloxwich Community Group,0,0,0,0,0,0,0,https://www.facebook.com/groups/846204072588201/posts/2229336074274987?comment_id=2230538064154788,"A store that is selling items outside shouldn’t be of any concern to you, I’m sure the family who own this business are trying their best to make ends meet the same way we all are in our every day jobs?","Argues that outdoor retail displays should not be a concern to community members, suggesting that business owners are simply trying to survive economically like everyone else. Implicitly criticizes those reporting the issue to enforcement authorities as unsympathetic to small business struggles.","How do I complain and to whom about this sort of thing?... is what people have been asking: The Councillor with paid Portfolio responsibility for ""Street Scene and Enforcement"" is: Councillor Ian Benton (Reform) Address: Council House Lichfield Street Walsall WS1 1TW Email: Cllr.Ian.Benton@walsall.gov.uk Work Telephone No: 07584886907 How do I complain and to whom about this sort of thing?... is what people have been asking: The Councillor with paid Portfolio responsibility for ""Street Scene and Enforcement"" is: Councillor Ian Benton (Reform) Address: Council House Lichfield Street Walsall WS1 1TW Email: Cllr.Ian.Benton@walsall.gov.uk Work Telephone No: 07584886907","The community is divided over the use of pedestrian pavements for outdoor retail displays, debating whether such practices represent a public obstruction or a necessary means of revitalising the local economy and town centre vibrancy."
2230591187482809,2229336074274987,2026-08-07T00:16:00+00:00,2026-08-07,Businesses,Street Trading Disputes,Licensing and legal compliance,Bloxwich Community Group,1,1,0,0,0,0,0,https://www.facebook.com/groups/846204072588201/posts/2229336074274987?comment_id=2230591187482809,Do they pay rent for this extra room ? Do they rent the pavement and the shop ??,"Questions whether businesses are paying appropriate fees or rent for using public pavement space to display merchandise, implying they may be illegally occupying public areas without compensation. Uses sarcasm to suggest the practice is unfair and unregulated.","How do I complain and to whom about this sort of thing?... is what people have been asking: The Councillor with paid Portfolio responsibility for ""Street Scene and Enforcement"" is: Councillor Ian Benton (Reform) Address: Council House Lichfield Street Walsall WS1 1TW Email: Cllr.Ian.Benton@walsall.gov.uk Work Telephone No: 07584886907 How do I complain and to whom about this sort of thing?... is what people have been asking: The Councillor with paid Portfolio responsibility for ""Street Scene and Enforcement"" is: Councillor Ian Benton (Reform) Address: Council House Lichfield Street Walsall WS1 1TW Email: Cllr.Ian.Benton@walsall.gov.uk Work Telephone No: 07584886907","The community is divided over the use of pedestrian pavements for outdoor retail displays, debating whether such practices represent a public obstruction or a necessary means of revitalising the local economy and town centre vibrancy."
2231072184101376,2229336074274987,2026-08-07T13:07:07+00:00,2026-08-07,Businesses,Street Trading Disputes,Misplaced priorities argument,Bloxwich Community Group,0,0,0,0,0,0,0,https://www.facebook.com/groups/846204072588201/posts/2229336074274987?comment_id=2231072184101376,Should be more concerned of getting rid of the drunks and druggies and gangs then people might feel safe coming back into the town,"Argues that addressing substance abuse, gang activity, and public safety issues should be prioritized over concerns about street-level retail displays to restore public confidence in the town centre. Implies that the current focus on pavement obstructions is misplaced given more serious antisocial behaviour problems.","How do I complain and to whom about this sort of thing?... is what people have been asking: The Councillor with paid Portfolio responsibility for ""Street Scene and Enforcement"" is: Councillor Ian Benton (Reform) Address: Council House Lichfield Street Walsall WS1 1TW Email: Cllr.Ian.Benton@walsall.gov.uk Work Telephone No: 07584886907 How do I complain and to whom about this sort of thing?... is what people have been asking: The Councillor with paid Portfolio responsibility for ""Street Scene and Enforcement"" is: Councillor Ian Benton (Reform) Address: Council House Lichfield Street Walsall WS1 1TW Email: Cllr.Ian.Benton@walsall.gov.uk Work Telephone No: 07584886907","The community is divided over the use of pedestrian pavements for outdoor retail displays, debating whether such practices represent a public obstruction or a necessary means of revitalising the local economy and town centre vibrancy."
2231288054079789,2229336074274987,2026-08-07T17:55:21+00:00,2026-08-07,Businesses,Street Trading Disputes,Supports displays as economic necessity,Bloxwich Community Group,0,0,0,0,0,0,0,https://www.facebook.com/groups/846204072588201/posts/2229336074274987?comment_id=2231288054079789,Just be grateful there are shops still open..,Dismisses concerns about pavement obstructions by suggesting people should be satisfied that retail businesses remain operational at all. Implies that complaints about street displays are ungrateful given the broader economic challenges facing local shops.,"How do I complain and to whom about this sort of thing?... is what people have been asking: The Councillor with paid Portfolio responsibility for ""Street Scene and Enforcement"" is: Councillor Ian Benton (Reform) Address: Council House Lichfield Street Walsall WS1 1TW Email: Cllr.Ian.Benton@walsall.gov.uk Work Telephone No: 07584886907 How do I complain and to whom about this sort of thing?... is what people have been asking: The Councillor with paid Portfolio responsibility for ""Street Scene and Enforcement"" is: Councillor Ian Benton (Reform) Address: Council House Lichfield Street Walsall WS1 1TW Email: Cllr.Ian.Benton@walsall.gov.uk Work Telephone No: 07584886907","The community is divided over the use of pedestrian pavements for outdoor retail displays, debating whether such practices represent a public obstruction or a necessary means of revitalising the local economy and town centre vibrancy."
2233154160559845,2229336074274987,2026-08-09T20:47:14+00:00,2026-08-09,Businesses,Street Trading Disputes,Dismisses complaints as trivial,Bloxwich Community Group,0,0,0,0,0,0,0,https://www.facebook.com/groups/846204072588201/posts/2229336074274987?comment_id=2233154160559845,Are you seriously complaining about THINGS FOR SALE being outside the shop?? Come on 😂🤣 I could understand if the entire walkway was blocked but there’s an obvious space to walk through and the entire other half of the street! This is probably the most pathetic complaint I’ve seen and to be honest it’s just laughable that you’d even go as far as to post about it never mind think it 🤣😂 seriously mate grow up and get a life they’re just trying to earn a living!,"Dismisses the complaint about shop displays on pavements as trivial and exaggerated, arguing there is sufficient space to walk around them and that the business owners deserve support for trying to earn a living. Attacks the original complainant's credibility by characterizing their concern as pathetic and immature.","How do I complain and to whom about this sort of thing?... is what people have been asking: The Councillor with paid Portfolio responsibility for ""Street Scene and Enforcement"" is: Councillor Ian Benton (Reform) Address: Council House Lichfield Street Walsall WS1 1TW Email: Cllr.Ian.Benton@walsall.gov.uk Work Telephone No: 07584886907 How do I complain and to whom about this sort of thing?... is what people have been asking: The Councillor with paid Portfolio responsibility for ""Street Scene and Enforcement"" is: Councillor Ian Benton (Reform) Address: Council House Lichfield Street Walsall WS1 1TW Email: Cllr.Ian.Benton@walsall.gov.uk Work Telephone No: 07584886907","The community is divided over the use of pedestrian pavements for outdoor retail displays, debating whether such practices represent a public obstruction or a necessary means of revitalising the local economy and town centre vibrancy."
2233158290559432,2229336074274987,2026-08-09T20:54:33+00:00,2026-08-09,Businesses,Street Trading Disputes,Misplaced priorities argument,Bloxwich Community Group,0,0,0,0,0,0,0,https://www.facebook.com/groups/846204072588201/posts/2229336074274987?comment_id=2233158290559432,Makes me laugh u complain about this due to “lack of walking space or for the disabled” yet u haven’t mentioned the construction works that’s blocking over half of park street further down 🤣 pathetic man you are PETE SMITH!,Accuses Pete Smith of hypocrisy for complaining about pavement obstructions blocking walking space for disabled people while ignoring construction works that block Park Street. Uses sarcasm and mockery to suggest Smith's complaint is selective and therefore lacks credibility.,"How do I complain and to whom about this sort of thing?... is what people have been asking: The Councillor with paid Portfolio responsibility for ""Street Scene and Enforcement"" is: Councillor Ian Benton (Reform) Address: Council House Lichfield Street Walsall WS1 1TW Email: Cllr.Ian.Benton@walsall.gov.uk Work Telephone No: 07584886907 How do I complain and to whom about this sort of thing?... is what people have been asking: The Councillor with paid Portfolio responsibility for ""Street Scene and Enforcement"" is: Councillor Ian Benton (Reform) Address: Council House Lichfield Street Walsall WS1 1TW Email: Cllr.Ian.Benton@walsall.gov.uk Work Telephone No: 07584886907","The community is divided over the use of pedestrian pavements for outdoor retail displays, debating whether such practices represent a public obstruction or a necessary means of revitalising the local economy and town centre vibrancy."
3442536805916285,3442444475925518,2026-08-12T02:25:08+00:00,2026-08-12,Businesses,Pavement Obstruction,Safety hazard for vulnerable pedestrians,Bloxwich Chit Chat,3,3,0,0,0,0,0,https://www.facebook.com/groups/2369573043212672/posts/3442444475925518?comment_id=3442536805916285,"Definitely needs checking! with the items outside the shop, especially where there is also the parking sign (the pole being on the pavement) leaves a reduced gap which is dangerous for sight impaired, wheels chairs and mobility scooters and those with additional needs. We would all want the same care and consideration it was our mom, dad, brother, sister, son or daughter and that as we all know should come as standard in 2026! Not forgetting parents with prams pushchairs and young children in tow !! Children make me nervous by the busy roads anyway but when space is reduced it pushes people closer to the road and that section of path does not have the railings by the road. I just don’t think it’s safe and for the sake of plastic chairs, sweeping brushes and storage boxes, it’s not worth the risk.","Criticizes shops placing items on pavements as a serious safety hazard that reduces accessibility for vulnerable groups including sight-impaired people, wheelchair users, parents with prams, and children, arguing the risk outweighs any commercial benefit. Implies that basic accessibility standards should be non-negotiable community expectations.",Richard Tapper Thank you for looking into this.,"Local residents are debating the safety and aesthetic impact of shops obstructing pavements with outdoor displays, highlighting concerns for pedestrian accessibility versus the potential decline of the high street."
3442593182577314,3442444475925518,2026-08-12T03:48:34+00:00,2026-08-12,Businesses,Pavement Obstruction,Neighborhood aesthetic decline and disorder,Bloxwich Chit Chat,8,8,0,0,0,0,0,https://www.facebook.com/groups/2369573043212672/posts/3442444475925518?comment_id=3442593182577314,Looking more like a shanty town week by week,"Criticizes the local area's appearance and conditions as deteriorating progressively, using the metaphor of a 'shanty town' to suggest the neighborhood is becoming increasingly run-down and disorderly. Implies frustration with the ongoing decline in aesthetic standards and quality of the local environment.",Richard Tapper Thank you for looking into this.,"Local residents are debating the safety and aesthetic impact of shops obstructing pavements with outdoor displays, highlighting concerns for pedestrian accessibility versus the potential decline of the high street."
3442614065908559,3442444475925518,2026-08-12T04:21:27+00:00,2026-08-12,Businesses,Pavement Obstruction,Neighborhood aesthetic decline and disorder,Bloxwich Chit Chat,7,7,0,0,0,0,0,https://www.facebook.com/groups/2369573043212672/posts/3442444475925518?comment_id=3442614065908559,Like driving down the soho road West Brom . Get rid of,"Compares the current situation to the cluttered state of Soho Road in West Bromwich, implying the outdoor displays create similar obstruction and disorder. Advocates for removing the displays to improve the area's condition.",Richard Tapper Thank you for looking into this.,"Local residents are debating the safety and aesthetic impact of shops obstructing pavements with outdoor displays, highlighting concerns for pedestrian accessibility versus the potential decline of the high street."
3442617952574837,3442444475925518,2026-08-12T04:27:26+00:00,2026-08-12,Businesses,Pavement Obstruction,Complaints threaten business viability,Bloxwich Chit Chat,7,7,0,0,0,0,0,https://www.facebook.com/groups/2369573043212672/posts/3442444475925518?comment_id=3442617952574837,"When all the shops are shut the same people complaining will be moaning there’s no shops left it’s like a ghost town be careful what you wish for it really is petty, with all the things wrong with Walsall and some people are transfixed with this topic I’m sorry but get a life.","Argues that complaints about shop displays obstructing pavements are counterproductive and will lead to shop closures, making the high street a ghost town. Dismisses the concern as petty and trivial compared to other problems facing Walsall, suggesting complainants should focus their energy elsewhere.",Richard Tapper Thank you for looking into this.,"Local residents are debating the safety and aesthetic impact of shops obstructing pavements with outdoor displays, highlighting concerns for pedestrian accessibility versus the potential decline of the high street."
3442622945907671,3442444475925518,2026-08-12T04:35:11+00:00,2026-08-12,Businesses,Pavement Obstruction,Skepticism about enforcement effectiveness,Bloxwich Chit Chat,2,2,0,0,0,0,0,https://www.facebook.com/groups/2369573043212672/posts/3442444475925518?comment_id=3442622945907671,"What a mess, will probably all get nicked anyway","Expresses pessimism about the proposed solution to the pavement obstruction issue, suggesting that any outdoor displays will likely be stolen regardless. Implies skepticism about the effectiveness of addressing the high street decline through this approach.",Richard Tapper Thank you for looking into this.,"Local residents are debating the safety and aesthetic impact of shops obstructing pavements with outdoor displays, highlighting concerns for pedestrian accessibility versus the potential decline of the high street."
3442646405905325,3442444475925518,2026-08-12T05:11:23+00:00,2026-08-12,Businesses,Pavement Obstruction,Shops have adequate indoor space,Bloxwich Chit Chat,2,2,0,0,0,0,0,https://www.facebook.com/groups/2369573043212672/posts/3442444475925518?comment_id=3442646405905325,They are turning bloxwich into another Walsall 🤬 the size of that shop why do they need to put it out on the pavement,"Criticizes a shop's decision to place displays on the pavement, arguing the shop is large enough not to need the extra space and expressing concern that such commercial practices are degrading Bloxwich's character to resemble Walsall (implying negative comparison).",Richard Tapper Thank you for looking into this.,"Local residents are debating the safety and aesthetic impact of shops obstructing pavements with outdoor displays, highlighting concerns for pedestrian accessibility versus the potential decline of the high street."
