comment_id,post_id,timestamp,date,category,issue,opinion,group,num_reactions,reactions_like,reactions_love,reactions_haha,reactions_wow,reactions_sad,reactions_angry,link,text,comment_summary,post_text,post_summary
2155945854982340,2155897034987222,2026-07-30T08:15:28+00:00,2026-07-30,Local Government,Councillor Communication,Support for centralized councillor information,Beechdale Community Partnership,1,1,0,0,0,0,0,https://www.facebook.com/groups/1457262554850677/posts/2155897034987222?comment_id=2155945854982340,Good idea people need to see what is happening in their area and have contact with their councillors,"Endorses the initiative to create a centralized page for tracking local councillors, arguing that increased transparency and accessibility to councillor contact information serves the public interest by enabling residents to stay informed about local issues and engage with their representatives.","Hey all i created a page so that you can follow your local councillors in one place Beechdale, Leamore & Reedswood Councillors All of our contact details and drop in session details are on the leaflet too.","Local residents and a former councillor are expressing significant dissatisfaction with Reform UK representatives over issues including HMO planning approvals, perceived political bias in development projects, and a failure to address anti-social behaviour and declining local amenities."
2155963111647281,2155897034987222,2026-07-30T08:44:36+00:00,2026-07-30,Local Government,Councillor Communication,Councillors failing on anti-social behaviour,Beechdale Community Partnership,2,2,0,0,0,0,0,https://www.facebook.com/groups/1457262554850677/posts/2155897034987222?comment_id=2155963111647281,Need to address the trouble on beechdale and the impacts it has on the estate.,"Calls for the councillors to address anti-social behaviour and related problems on Beechdale and their negative effects on the local estate. Implies that current councillors have failed to tackle these issues, positioning this as a key concern they should address.","Hey all i created a page so that you can follow your local councillors in one place Beechdale, Leamore & Reedswood Councillors All of our contact details and drop in session details are on the leaflet too.","Local residents and a former councillor are expressing significant dissatisfaction with Reform UK representatives over issues including HMO planning approvals, perceived political bias in development projects, and a failure to address anti-social behaviour and declining local amenities."
2155969204980005,2155897034987222,2026-07-30T08:54:30+00:00,2026-07-30,Local Government,Councillor Communication,Politically motivated planning decisions,Beechdale Community Partnership,5,5,0,0,0,0,0,https://www.facebook.com/groups/1457262554850677/posts/2155897034987222?comment_id=2155969204980005,And what’s happening Trevor Manc Bailey have they stopped any illegal immigrants lately Nah they just granted permission for a twelve bedded HMO in Willenhall to accommodate them. They can’t stop a planning application for HMOs because as Scott said “he can’t see any structural reason not too” what does that even mean? But they can overturn the application to relocate the leather Museum. Because it’s one of Elaine’s pet Projects. they are blowing smoke up the backsides of Beechdale residents over the change of use for jubilee house (Ambulance station) with their meetings as it’s already decided and it will be an HMO. Now there is a good reason to protest about that but I don’t see Councillor Elaine Williams waving her placard about that. We are coming for you in May so enjoy the ride !! And you Trevor choose a lane my old pal. Author Former Councillor Carol Rose ( Birchills/Leamore Ward),"Criticizes local Reform UK councillors (particularly Trevor and Elaine Williams) for approving HMO planning applications while blocking other projects, suggesting decisions are politically motivated rather than based on planning merit, and warns of electoral consequences in May. Implies the councillors are hypocritical in their selective enforcement and dismisses their community engagement as performative.","Hey all i created a page so that you can follow your local councillors in one place Beechdale, Leamore & Reedswood Councillors All of our contact details and drop in session details are on the leaflet too.","Local residents and a former councillor are expressing significant dissatisfaction with Reform UK representatives over issues including HMO planning approvals, perceived political bias in development projects, and a failure to address anti-social behaviour and declining local amenities."
2155978858312373,2155897034987222,2026-07-30T09:10:58+00:00,2026-07-30,Local Government,Councillor Communication,Councillors failing on anti-social behaviour,Beechdale Community Partnership,1,1,0,0,0,0,0,https://www.facebook.com/groups/1457262554850677/posts/2155897034987222?comment_id=2155978858312373,Won't do nothing about the trouble at the shops though will you,Expresses skepticism that the councillors being promoted will take action on anti-social behaviour and crime issues at local shops. Implies the councillors have failed to address this problem despite their public availability.,"Hey all i created a page so that you can follow your local councillors in one place Beechdale, Leamore & Reedswood Councillors All of our contact details and drop in session details are on the leaflet too.","Local residents and a former councillor are expressing significant dissatisfaction with Reform UK representatives over issues including HMO planning approvals, perceived political bias in development projects, and a failure to address anti-social behaviour and declining local amenities."
2155981278312131,2155897034987222,2026-07-30T09:15:02+00:00,2026-07-30,Local Government,Councillor Communication,Broken promises on development,Beechdale Community Partnership,1,1,0,0,0,0,0,https://www.facebook.com/groups/1457262554850677/posts/2155897034987222?comment_id=2155981278312131,Why did you promise to not build on reedswood but now it looks like you are?,"Questions the councillors' credibility by accusing them of breaking a promise not to build on Reedswood, suggesting that development is now proceeding despite this commitment. Implies the councillors have failed to honour their pledges to constituents.","Hey all i created a page so that you can follow your local councillors in one place Beechdale, Leamore & Reedswood Councillors All of our contact details and drop in session details are on the leaflet too.","Local residents and a former councillor are expressing significant dissatisfaction with Reform UK representatives over issues including HMO planning approvals, perceived political bias in development projects, and a failure to address anti-social behaviour and declining local amenities."
2156199111623681,2155897034987222,2026-07-30T14:36:31+00:00,2026-07-30,Local Government,Councillor Communication,Support for centralized councillor information,Beechdale Community Partnership,0,0,0,0,0,0,0,https://www.facebook.com/groups/1457262554850677/posts/2155897034987222?comment_id=2156199111623681,This is good,Expresses approval of Matthew Eason's initiative to create a centralized page for tracking local councillors' information and contact details. The commenter views this as a positive contribution to community engagement.,"Hey all i created a page so that you can follow your local councillors in one place Beechdale, Leamore & Reedswood Councillors All of our contact details and drop in session details are on the leaflet too.","Local residents and a former councillor are expressing significant dissatisfaction with Reform UK representatives over issues including HMO planning approvals, perceived political bias in development projects, and a failure to address anti-social behaviour and declining local amenities."
2156210174955908,2155897034987222,2026-07-30T14:51:57+00:00,2026-07-30,Local Government,Councillor Communication,Decline of local services and amenities,Beechdale Community Partnership,0,0,0,0,0,0,0,https://www.facebook.com/groups/1457262554850677/posts/2155897034987222?comment_id=2156210174955908,No post office now this estate getting worse,"Expresses frustration about the closure of a local post office, characterizing it as evidence that the estate is deteriorating. Implies that local councillors and representatives are failing to prevent the decline of essential services and amenities in the area.","Hey all i created a page so that you can follow your local councillors in one place Beechdale, Leamore & Reedswood Councillors All of our contact details and drop in session details are on the leaflet too.","Local residents and a former councillor are expressing significant dissatisfaction with Reform UK representatives over issues including HMO planning approvals, perceived political bias in development projects, and a failure to address anti-social behaviour and declining local amenities."
2156275318282727,2155897034987222,2026-07-30T16:21:33+00:00,2026-07-30,Local Government,Councillor Communication,Councillors failing on anti-social behaviour,Beechdale Community Partnership,0,0,0,0,0,0,0,https://www.facebook.com/groups/1457262554850677/posts/2155897034987222?comment_id=2156275318282727,Picture taken right accross the road of Asbo city. What are they doing ? Put masks on and join in. For what use they and the police are.,"Criticizes the councillors and police for ineffectiveness in addressing anti-social behavior in the local area (referred to sarcastically as ""Asbo city""), suggesting their efforts are performative and useless. Implies that the councillors' initiative to create a contact page is insufficient given the perceived failure to tackle local disorder and crime.","Hey all i created a page so that you can follow your local councillors in one place Beechdale, Leamore & Reedswood Councillors All of our contact details and drop in session details are on the leaflet too.","Local residents and a former councillor are expressing significant dissatisfaction with Reform UK representatives over issues including HMO planning approvals, perceived political bias in development projects, and a failure to address anti-social behaviour and declining local amenities."
2224482621426999,2222144924994102,2026-07-31T09:27:54+00:00,2026-07-31,Local Government,Election Results Impact,Former councillor is sore loser,Bloxwich Community Group,5,3,0,2,0,0,0,https://www.facebook.com/groups/846204072588201/posts/2222144924994102?comment_id=2224482621426999,Pint of Bitter please,"Orders a pint of bitter, likely a sarcastic or dismissive response to Pete Smith's lengthy post about losing his council seat to Reform candidates. The comment appears to mock the serious political discourse by reducing it to a casual pub order, suggesting frustration or contempt for the post's content.","Harden, Goscote & Ryecroft ward (covers also parts of Blakenall). Pete Smith... is no longer a local Councillor for the area, ......... at the moment. Those who take the time to vote, decide who represents them. This (see below) is typical of scores of responses that I have had to make since the May 2026 local elections.... I am sorry that I am now severely limited in how I can help with individual/personal problems and concerns. However I am still campaigning locally on general issues that are affecting our neighbourhoods and our Borough.... too many to mention, right now. TYPICAL (sadly) letter to recent residents: Hello XXX, Sorry to hear of this problem that you are facing. Not sure whether you are aware ... but I did not get re-elected as a Councillor at the May 2026 local elections , so consequently have no power/influence at all to help. This is deeply frustrating on my part but this is the result of the local election results...... 3 new Reform Councillors (previously individually totally unknown to me and most others and none of them living in our ward), have been elected by a majorty of those who took the time and effort to vote.... hence 3 candidates were elected due to the Reform bandwaggon that swept the area on a ""stop the boats"" frenzy...... totally irrelevant to our locality, actually) Should you wish, you can hopefully find the details of these new Councillors by contacting the Council on 01922 650000...make sure you tell the Council that you live in Harden, Goscote & Ryecroft ward or give them your post code and they will identify the ward where you live. What you describe is serious anti-social behaviour which should be reported to the Police and to the Council's Community Protection department,which I advise you to do, if not already done. Community Protection can be contacted by email on: communityprotection@walsall.gov.uk It is probably the case that the property of concern to you, is privately owned if not Whg... The Council should be able to advise here. I am sorry that I am unable to do this on your behalf as your elected Councillor, at the moment..... Best wishes, Pete Pete Smith, former Independent Councillor for your area. *** Next local elections: May 6th 2027 Harden, Goscote & Ryecroft ward (covers also parts of Blakenall). Pete Smith... is no longer a local Councillor for the area, ......... at the moment. Those who take the time to vote, decide who represents them. This (see below) is typical of scores of responses that I have had to make since the May 2026 local elections.... I am sorry that I am now severely limited in how I can help with individual/personal problems and concerns. However I am still campaigning locally on general issues that are affecting our neighbourhoods and our Borough.... too many to mention, right now. TYPICAL (sadly) letter to recent residents: Hello XXX, Sorry to hear of this problem that you are facing. Not sure whether you are aware ... but I did not get re-elected as a Councillor at the May 2026 local elections , so consequently have no power/influence at all to help. This is deeply frustrating on my part but this is the result of the local election results...... 3 new Reform Councillors (previously individually totally unknown to me and most others and none of them living in our ward), have been elected by a majorty of those who took the time and effort to vote.... hence 3 candidates were elected due to the Reform bandwaggon that swept the area on a ""stop the boats"" frenzy...... totally irrelevant to our locality, actually) Should you wish, you can hopefully find the details of these new Councillors by contacting the Council on 01922 650000...make sure you tell the Council that you live in Harden, Goscote & Ryecroft ward or give them your post code and they will identify the ward where you live. What you describe is serious anti-social behaviour which should be reported to the Police and to the Council's Community Protection department,which I advise you to do, if not already done. Community Protection can be contacted by email on: communityprotection@walsall.gov.uk It is probably the case that the property of concern to you, is privately owned if not Whg... The Council should be able to advise here. I am sorry that I am unable to do this on your behalf as your elected Councillor, at the moment..... Best wishes, Pete Pete Smith, former Independent Councillor for your area. *** Next local elections: May 6th 2027",The discourse centres on the tension between a former independent councillor’s frustration over losing his seat to Reform UK candidates and a divided local electorate debating whether national populist rhetoric or established community representation better serves the ward's needs.
2224487131426548,2222144924994102,2026-07-31T09:35:42+00:00,2026-07-31,Local Government,Election Results Impact,Former councillor is sore loser,Bloxwich Community Group,4,4,0,0,0,0,0,https://www.facebook.com/groups/846204072588201/posts/2222144924994102?comment_id=2224487131426548,"You cant help yourself can you. Stop the boats frenzy, They were voted in to get things done and so far they seem to be doing a very good job, All I heard from you was slagging Reform off, I take it you're against mass illegal migration then, and quite possibly everything else Reform do, No wonder you didn't get re-elected","Defends Reform councillors as effective and accuses Pete Smith of being a sore loser who constantly criticizes Reform while opposing their policies, particularly on immigration. Implies Smith's electoral defeat was deserved given his apparent opposition to the Reform agenda that resonated with local voters.","Harden, Goscote & Ryecroft ward (covers also parts of Blakenall). Pete Smith... is no longer a local Councillor for the area, ......... at the moment. Those who take the time to vote, decide who represents them. This (see below) is typical of scores of responses that I have had to make since the May 2026 local elections.... I am sorry that I am now severely limited in how I can help with individual/personal problems and concerns. However I am still campaigning locally on general issues that are affecting our neighbourhoods and our Borough.... too many to mention, right now. TYPICAL (sadly) letter to recent residents: Hello XXX, Sorry to hear of this problem that you are facing. Not sure whether you are aware ... but I did not get re-elected as a Councillor at the May 2026 local elections , so consequently have no power/influence at all to help. This is deeply frustrating on my part but this is the result of the local election results...... 3 new Reform Councillors (previously individually totally unknown to me and most others and none of them living in our ward), have been elected by a majorty of those who took the time and effort to vote.... hence 3 candidates were elected due to the Reform bandwaggon that swept the area on a ""stop the boats"" frenzy...... totally irrelevant to our locality, actually) Should you wish, you can hopefully find the details of these new Councillors by contacting the Council on 01922 650000...make sure you tell the Council that you live in Harden, Goscote & Ryecroft ward or give them your post code and they will identify the ward where you live. What you describe is serious anti-social behaviour which should be reported to the Police and to the Council's Community Protection department,which I advise you to do, if not already done. Community Protection can be contacted by email on: communityprotection@walsall.gov.uk It is probably the case that the property of concern to you, is privately owned if not Whg... The Council should be able to advise here. I am sorry that I am unable to do this on your behalf as your elected Councillor, at the moment..... Best wishes, Pete Pete Smith, former Independent Councillor for your area. *** Next local elections: May 6th 2027 Harden, Goscote & Ryecroft ward (covers also parts of Blakenall). Pete Smith... is no longer a local Councillor for the area, ......... at the moment. Those who take the time to vote, decide who represents them. This (see below) is typical of scores of responses that I have had to make since the May 2026 local elections.... I am sorry that I am now severely limited in how I can help with individual/personal problems and concerns. However I am still campaigning locally on general issues that are affecting our neighbourhoods and our Borough.... too many to mention, right now. TYPICAL (sadly) letter to recent residents: Hello XXX, Sorry to hear of this problem that you are facing. Not sure whether you are aware ... but I did not get re-elected as a Councillor at the May 2026 local elections , so consequently have no power/influence at all to help. This is deeply frustrating on my part but this is the result of the local election results...... 3 new Reform Councillors (previously individually totally unknown to me and most others and none of them living in our ward), have been elected by a majorty of those who took the time and effort to vote.... hence 3 candidates were elected due to the Reform bandwaggon that swept the area on a ""stop the boats"" frenzy...... totally irrelevant to our locality, actually) Should you wish, you can hopefully find the details of these new Councillors by contacting the Council on 01922 650000...make sure you tell the Council that you live in Harden, Goscote & Ryecroft ward or give them your post code and they will identify the ward where you live. What you describe is serious anti-social behaviour which should be reported to the Police and to the Council's Community Protection department,which I advise you to do, if not already done. Community Protection can be contacted by email on: communityprotection@walsall.gov.uk It is probably the case that the property of concern to you, is privately owned if not Whg... The Council should be able to advise here. I am sorry that I am unable to do this on your behalf as your elected Councillor, at the moment..... Best wishes, Pete Pete Smith, former Independent Councillor for your area. *** Next local elections: May 6th 2027",The discourse centres on the tension between a former independent councillor’s frustration over losing his seat to Reform UK candidates and a divided local electorate debating whether national populist rhetoric or established community representation better serves the ward's needs.
2224498028092125,2222144924994102,2026-07-31T09:54:26+00:00,2026-07-31,Local Government,Election Results Impact,Reform councillors are effective performers,Bloxwich Community Group,5,5,0,0,0,0,0,https://www.facebook.com/groups/846204072588201/posts/2222144924994102?comment_id=2224498028092125,"Reform have only been elected for 3 months and they’ve probably achieved more than other councils did in they’re whole tenure, as in the words of Elsa, let’s it go","Defends Reform councillors by claiming they have accomplished more in three months than previous councils achieved in their entire tenures, and dismissively tells critics to move on (using an Elsa/Frozen reference). The comment implicitly supports the Reform election victory and dismisses Pete Smith's concerns about the new councillors' lack of local knowledge and focus on national issues like immigration.","Harden, Goscote & Ryecroft ward (covers also parts of Blakenall). Pete Smith... is no longer a local Councillor for the area, ......... at the moment. Those who take the time to vote, decide who represents them. This (see below) is typical of scores of responses that I have had to make since the May 2026 local elections.... I am sorry that I am now severely limited in how I can help with individual/personal problems and concerns. However I am still campaigning locally on general issues that are affecting our neighbourhoods and our Borough.... too many to mention, right now. TYPICAL (sadly) letter to recent residents: Hello XXX, Sorry to hear of this problem that you are facing. Not sure whether you are aware ... but I did not get re-elected as a Councillor at the May 2026 local elections , so consequently have no power/influence at all to help. This is deeply frustrating on my part but this is the result of the local election results...... 3 new Reform Councillors (previously individually totally unknown to me and most others and none of them living in our ward), have been elected by a majorty of those who took the time and effort to vote.... hence 3 candidates were elected due to the Reform bandwaggon that swept the area on a ""stop the boats"" frenzy...... totally irrelevant to our locality, actually) Should you wish, you can hopefully find the details of these new Councillors by contacting the Council on 01922 650000...make sure you tell the Council that you live in Harden, Goscote & Ryecroft ward or give them your post code and they will identify the ward where you live. What you describe is serious anti-social behaviour which should be reported to the Police and to the Council's Community Protection department,which I advise you to do, if not already done. Community Protection can be contacted by email on: communityprotection@walsall.gov.uk It is probably the case that the property of concern to you, is privately owned if not Whg... The Council should be able to advise here. I am sorry that I am unable to do this on your behalf as your elected Councillor, at the moment..... Best wishes, Pete Pete Smith, former Independent Councillor for your area. *** Next local elections: May 6th 2027 Harden, Goscote & Ryecroft ward (covers also parts of Blakenall). Pete Smith... is no longer a local Councillor for the area, ......... at the moment. Those who take the time to vote, decide who represents them. This (see below) is typical of scores of responses that I have had to make since the May 2026 local elections.... I am sorry that I am now severely limited in how I can help with individual/personal problems and concerns. However I am still campaigning locally on general issues that are affecting our neighbourhoods and our Borough.... too many to mention, right now. TYPICAL (sadly) letter to recent residents: Hello XXX, Sorry to hear of this problem that you are facing. Not sure whether you are aware ... but I did not get re-elected as a Councillor at the May 2026 local elections , so consequently have no power/influence at all to help. This is deeply frustrating on my part but this is the result of the local election results...... 3 new Reform Councillors (previously individually totally unknown to me and most others and none of them living in our ward), have been elected by a majorty of those who took the time and effort to vote.... hence 3 candidates were elected due to the Reform bandwaggon that swept the area on a ""stop the boats"" frenzy...... totally irrelevant to our locality, actually) Should you wish, you can hopefully find the details of these new Councillors by contacting the Council on 01922 650000...make sure you tell the Council that you live in Harden, Goscote & Ryecroft ward or give them your post code and they will identify the ward where you live. What you describe is serious anti-social behaviour which should be reported to the Police and to the Council's Community Protection department,which I advise you to do, if not already done. Community Protection can be contacted by email on: communityprotection@walsall.gov.uk It is probably the case that the property of concern to you, is privately owned if not Whg... The Council should be able to advise here. I am sorry that I am unable to do this on your behalf as your elected Councillor, at the moment..... Best wishes, Pete Pete Smith, former Independent Councillor for your area. *** Next local elections: May 6th 2027",The discourse centres on the tension between a former independent councillor’s frustration over losing his seat to Reform UK candidates and a divided local electorate debating whether national populist rhetoric or established community representation better serves the ward's needs.
2224509068091021,2222144924994102,2026-07-31T10:12:31+00:00,2026-07-31,Local Government,Election Results Impact,Voters chose populism over local issues,Bloxwich Community Group,2,2,0,0,0,0,0,https://www.facebook.com/groups/846204072588201/posts/2222144924994102?comment_id=2224509068091021,Well done Donna Wright for being the only one brave enough to show your name rather than a nickname or anonymous I'm a former resident of the area so have no axe to grind against anyone who was elected for the harden/Blakenall ward but as I have family in the area I did follow the campaign and Pete Smith was correct for most of the campaigning content my area is not a reform area but rarely changes political alliance All I can say is be careful what you vote for when the politicians in control are only there by popular voting rather than actually to represent the area,"Praises Donna Wright for using her real name in the debate and acknowledges Pete Smith's campaign accuracy while cautioning voters about electing politicians based on populist messaging rather than genuine local representation. Expresses concern that voting for candidates primarily on national issues like immigration, rather than their commitment to serve the area, may have negative consequences for the ward.","Harden, Goscote & Ryecroft ward (covers also parts of Blakenall). Pete Smith... is no longer a local Councillor for the area, ......... at the moment. Those who take the time to vote, decide who represents them. This (see below) is typical of scores of responses that I have had to make since the May 2026 local elections.... I am sorry that I am now severely limited in how I can help with individual/personal problems and concerns. However I am still campaigning locally on general issues that are affecting our neighbourhoods and our Borough.... too many to mention, right now. TYPICAL (sadly) letter to recent residents: Hello XXX, Sorry to hear of this problem that you are facing. Not sure whether you are aware ... but I did not get re-elected as a Councillor at the May 2026 local elections , so consequently have no power/influence at all to help. This is deeply frustrating on my part but this is the result of the local election results...... 3 new Reform Councillors (previously individually totally unknown to me and most others and none of them living in our ward), have been elected by a majorty of those who took the time and effort to vote.... hence 3 candidates were elected due to the Reform bandwaggon that swept the area on a ""stop the boats"" frenzy...... totally irrelevant to our locality, actually) Should you wish, you can hopefully find the details of these new Councillors by contacting the Council on 01922 650000...make sure you tell the Council that you live in Harden, Goscote & Ryecroft ward or give them your post code and they will identify the ward where you live. What you describe is serious anti-social behaviour which should be reported to the Police and to the Council's Community Protection department,which I advise you to do, if not already done. Community Protection can be contacted by email on: communityprotection@walsall.gov.uk It is probably the case that the property of concern to you, is privately owned if not Whg... The Council should be able to advise here. I am sorry that I am unable to do this on your behalf as your elected Councillor, at the moment..... Best wishes, Pete Pete Smith, former Independent Councillor for your area. *** Next local elections: May 6th 2027 Harden, Goscote & Ryecroft ward (covers also parts of Blakenall). Pete Smith... is no longer a local Councillor for the area, ......... at the moment. Those who take the time to vote, decide who represents them. This (see below) is typical of scores of responses that I have had to make since the May 2026 local elections.... I am sorry that I am now severely limited in how I can help with individual/personal problems and concerns. However I am still campaigning locally on general issues that are affecting our neighbourhoods and our Borough.... too many to mention, right now. TYPICAL (sadly) letter to recent residents: Hello XXX, Sorry to hear of this problem that you are facing. Not sure whether you are aware ... but I did not get re-elected as a Councillor at the May 2026 local elections , so consequently have no power/influence at all to help. This is deeply frustrating on my part but this is the result of the local election results...... 3 new Reform Councillors (previously individually totally unknown to me and most others and none of them living in our ward), have been elected by a majorty of those who took the time and effort to vote.... hence 3 candidates were elected due to the Reform bandwaggon that swept the area on a ""stop the boats"" frenzy...... totally irrelevant to our locality, actually) Should you wish, you can hopefully find the details of these new Councillors by contacting the Council on 01922 650000...make sure you tell the Council that you live in Harden, Goscote & Ryecroft ward or give them your post code and they will identify the ward where you live. What you describe is serious anti-social behaviour which should be reported to the Police and to the Council's Community Protection department,which I advise you to do, if not already done. Community Protection can be contacted by email on: communityprotection@walsall.gov.uk It is probably the case that the property of concern to you, is privately owned if not Whg... The Council should be able to advise here. I am sorry that I am unable to do this on your behalf as your elected Councillor, at the moment..... Best wishes, Pete Pete Smith, former Independent Councillor for your area. *** Next local elections: May 6th 2027",The discourse centres on the tension between a former independent councillor’s frustration over losing his seat to Reform UK candidates and a divided local electorate debating whether national populist rhetoric or established community representation better serves the ward's needs.
2224641091411152,2222144924994102,2026-07-31T13:28:31+00:00,2026-07-31,Local Government,Election Results Impact,Previous councillors failed to deliver,Bloxwich Community Group,0,0,0,0,0,0,0,https://www.facebook.com/groups/846204072588201/posts/2222144924994102?comment_id=2224641091411152,Its ashame that prior to the elections instead of slating reform candidates other councillors listened to what most of the people of these areas wanted to see done’ years of saying & not much done realy’ and as far as ive seen/read Reform UK Party - Walsall are already making positive moves. Rome wasnt built in one day’ There going to need time but im positive of seeing better things happening for us thanks to Reform UK’. 👍👍🩵🩵,"Defends Reform UK's election victory by arguing that previous councillors failed to deliver on promises, contrasting this with Reform's early positive actions, and requests patience for results while expressing optimism about future improvements. Implicitly criticizes the former councillor (Pete Smith) for dismissing Reform's mandate as merely a 'bandwagon' rather than acknowledging genuine local demand for change.","Harden, Goscote & Ryecroft ward (covers also parts of Blakenall). Pete Smith... is no longer a local Councillor for the area, ......... at the moment. Those who take the time to vote, decide who represents them. This (see below) is typical of scores of responses that I have had to make since the May 2026 local elections.... I am sorry that I am now severely limited in how I can help with individual/personal problems and concerns. However I am still campaigning locally on general issues that are affecting our neighbourhoods and our Borough.... too many to mention, right now. TYPICAL (sadly) letter to recent residents: Hello XXX, Sorry to hear of this problem that you are facing. Not sure whether you are aware ... but I did not get re-elected as a Councillor at the May 2026 local elections , so consequently have no power/influence at all to help. This is deeply frustrating on my part but this is the result of the local election results...... 3 new Reform Councillors (previously individually totally unknown to me and most others and none of them living in our ward), have been elected by a majorty of those who took the time and effort to vote.... hence 3 candidates were elected due to the Reform bandwaggon that swept the area on a ""stop the boats"" frenzy...... totally irrelevant to our locality, actually) Should you wish, you can hopefully find the details of these new Councillors by contacting the Council on 01922 650000...make sure you tell the Council that you live in Harden, Goscote & Ryecroft ward or give them your post code and they will identify the ward where you live. What you describe is serious anti-social behaviour which should be reported to the Police and to the Council's Community Protection department,which I advise you to do, if not already done. Community Protection can be contacted by email on: communityprotection@walsall.gov.uk It is probably the case that the property of concern to you, is privately owned if not Whg... The Council should be able to advise here. I am sorry that I am unable to do this on your behalf as your elected Councillor, at the moment..... Best wishes, Pete Pete Smith, former Independent Councillor for your area. *** Next local elections: May 6th 2027 Harden, Goscote & Ryecroft ward (covers also parts of Blakenall). Pete Smith... is no longer a local Councillor for the area, ......... at the moment. Those who take the time to vote, decide who represents them. This (see below) is typical of scores of responses that I have had to make since the May 2026 local elections.... I am sorry that I am now severely limited in how I can help with individual/personal problems and concerns. However I am still campaigning locally on general issues that are affecting our neighbourhoods and our Borough.... too many to mention, right now. TYPICAL (sadly) letter to recent residents: Hello XXX, Sorry to hear of this problem that you are facing. Not sure whether you are aware ... but I did not get re-elected as a Councillor at the May 2026 local elections , so consequently have no power/influence at all to help. This is deeply frustrating on my part but this is the result of the local election results...... 3 new Reform Councillors (previously individually totally unknown to me and most others and none of them living in our ward), have been elected by a majorty of those who took the time and effort to vote.... hence 3 candidates were elected due to the Reform bandwaggon that swept the area on a ""stop the boats"" frenzy...... totally irrelevant to our locality, actually) Should you wish, you can hopefully find the details of these new Councillors by contacting the Council on 01922 650000...make sure you tell the Council that you live in Harden, Goscote & Ryecroft ward or give them your post code and they will identify the ward where you live. What you describe is serious anti-social behaviour which should be reported to the Police and to the Council's Community Protection department,which I advise you to do, if not already done. Community Protection can be contacted by email on: communityprotection@walsall.gov.uk It is probably the case that the property of concern to you, is privately owned if not Whg... The Council should be able to advise here. I am sorry that I am unable to do this on your behalf as your elected Councillor, at the moment..... Best wishes, Pete Pete Smith, former Independent Councillor for your area. *** Next local elections: May 6th 2027",The discourse centres on the tension between a former independent councillor’s frustration over losing his seat to Reform UK candidates and a divided local electorate debating whether national populist rhetoric or established community representation better serves the ward's needs.
4599259000220033,4599226626889937,2026-07-31T13:47:56+00:00,2026-07-31,Local Government,Public Space Maintenance,Community volunteer maintenance efforts,Mossley GB,0,0,0,0,0,0,0,https://www.facebook.com/groups/118723864940258/posts/4599226626889937?comment_id=4599259000220033,"Thank you for your message Jonathan, the flag was put up at Mossley Park this week by some of the volunteers.",Provides a factual update confirming that volunteers from the local community group installed the Green Flag Award flag at Mossley Park during the current week. Implicitly reinforces the collaborative volunteer effort highlighted in the original post.,"I'm delighted to hear that Etherow Lodge Park Hollingworth and Mossley Park have once again achieved Green Flag Award status, recognising them among the best parks and green spaces in the country. This achievement reflects the hard work of the Friends of Etherow Lodge Park, Friends of Mossley Park and Tameside Council who help keep these spaces looking their best and make them such valuable assets for our communities. Congratulations and thank you to everyone involved in securing this well-deserved recognition. 🌳🏆 #Tameside #Stalybridge #Mossley #GreenFlagAward #ParksAndGreenSpaces","The community is celebrating Etherow Lodge and Mossley Parks retaining their Green Flag Award status, highlighting the essential collaborative efforts of local volunteers and the council in maintaining these valued green spaces."
4599418143537452,4599226626889937,2026-07-31T16:20:52+00:00,2026-07-31,Local Government,Public Space Maintenance,Political opportunism in maintenance announcements,Mossley GB,0,0,0,0,0,0,0,https://www.facebook.com/groups/118723864940258/posts/4599226626889937?comment_id=4599418143537452,Another photo opp jon,Suggests that the post is primarily a photo opportunity for Jonathan Reynolds MP rather than a genuine celebration of the parks' achievement. Implies skepticism about the politician's motives in sharing the announcement.,"I'm delighted to hear that Etherow Lodge Park Hollingworth and Mossley Park have once again achieved Green Flag Award status, recognising them among the best parks and green spaces in the country. This achievement reflects the hard work of the Friends of Etherow Lodge Park, Friends of Mossley Park and Tameside Council who help keep these spaces looking their best and make them such valuable assets for our communities. Congratulations and thank you to everyone involved in securing this well-deserved recognition. 🌳🏆 #Tameside #Stalybridge #Mossley #GreenFlagAward #ParksAndGreenSpaces","The community is celebrating Etherow Lodge and Mossley Parks retaining their Green Flag Award status, highlighting the essential collaborative efforts of local volunteers and the council in maintaining these valued green spaces."
2225439861331275,2222144924994102,2026-08-01T11:11:32+00:00,2026-08-01,Local Government,Election Results Impact,Questioning political authenticity or hidden agenda,Bloxwich Community Group,0,0,0,0,0,0,0,https://www.facebook.com/groups/846204072588201/posts/2222144924994102?comment_id=2225439861331275,Independent maybe but not from socialist agenda .we're you a Labour Councillor before your independence ?,"Questions whether Pete Smith's claimed independence is genuine, suggesting he has a socialist agenda and implying he may have previously been a Labour Councillor. The commenter appears skeptical of Smith's political positioning and is challenging the authenticity of his independent status.","Harden, Goscote & Ryecroft ward (covers also parts of Blakenall). Pete Smith... is no longer a local Councillor for the area, ......... at the moment. Those who take the time to vote, decide who represents them. This (see below) is typical of scores of responses that I have had to make since the May 2026 local elections.... I am sorry that I am now severely limited in how I can help with individual/personal problems and concerns. However I am still campaigning locally on general issues that are affecting our neighbourhoods and our Borough.... too many to mention, right now. TYPICAL (sadly) letter to recent residents: Hello XXX, Sorry to hear of this problem that you are facing. Not sure whether you are aware ... but I did not get re-elected as a Councillor at the May 2026 local elections , so consequently have no power/influence at all to help. This is deeply frustrating on my part but this is the result of the local election results...... 3 new Reform Councillors (previously individually totally unknown to me and most others and none of them living in our ward), have been elected by a majorty of those who took the time and effort to vote.... hence 3 candidates were elected due to the Reform bandwaggon that swept the area on a ""stop the boats"" frenzy...... totally irrelevant to our locality, actually) Should you wish, you can hopefully find the details of these new Councillors by contacting the Council on 01922 650000...make sure you tell the Council that you live in Harden, Goscote & Ryecroft ward or give them your post code and they will identify the ward where you live. What you describe is serious anti-social behaviour which should be reported to the Police and to the Council's Community Protection department,which I advise you to do, if not already done. Community Protection can be contacted by email on: communityprotection@walsall.gov.uk It is probably the case that the property of concern to you, is privately owned if not Whg... The Council should be able to advise here. I am sorry that I am unable to do this on your behalf as your elected Councillor, at the moment..... Best wishes, Pete Pete Smith, former Independent Councillor for your area. *** Next local elections: May 6th 2027 Harden, Goscote & Ryecroft ward (covers also parts of Blakenall). Pete Smith... is no longer a local Councillor for the area, ......... at the moment. Those who take the time to vote, decide who represents them. This (see below) is typical of scores of responses that I have had to make since the May 2026 local elections.... I am sorry that I am now severely limited in how I can help with individual/personal problems and concerns. However I am still campaigning locally on general issues that are affecting our neighbourhoods and our Borough.... too many to mention, right now. TYPICAL (sadly) letter to recent residents: Hello XXX, Sorry to hear of this problem that you are facing. Not sure whether you are aware ... but I did not get re-elected as a Councillor at the May 2026 local elections , so consequently have no power/influence at all to help. This is deeply frustrating on my part but this is the result of the local election results...... 3 new Reform Councillors (previously individually totally unknown to me and most others and none of them living in our ward), have been elected by a majorty of those who took the time and effort to vote.... hence 3 candidates were elected due to the Reform bandwaggon that swept the area on a ""stop the boats"" frenzy...... totally irrelevant to our locality, actually) Should you wish, you can hopefully find the details of these new Councillors by contacting the Council on 01922 650000...make sure you tell the Council that you live in Harden, Goscote & Ryecroft ward or give them your post code and they will identify the ward where you live. What you describe is serious anti-social behaviour which should be reported to the Police and to the Council's Community Protection department,which I advise you to do, if not already done. Community Protection can be contacted by email on: communityprotection@walsall.gov.uk It is probably the case that the property of concern to you, is privately owned if not Whg... The Council should be able to advise here. I am sorry that I am unable to do this on your behalf as your elected Councillor, at the moment..... Best wishes, Pete Pete Smith, former Independent Councillor for your area. *** Next local elections: May 6th 2027",The discourse centres on the tension between a former independent councillor’s frustration over losing his seat to Reform UK candidates and a divided local electorate debating whether national populist rhetoric or established community representation better serves the ward's needs.
2158223738087885,2155897034987222,2026-08-01T21:59:52+00:00,2026-08-01,Local Government,Councillor Communication,Skepticism about political presentation,Beechdale Community Partnership,0,0,0,0,0,0,0,https://www.facebook.com/groups/1457262554850677/posts/2155897034987222?comment_id=2158223738087885,Were you all told to stand like that!??,"Questions whether the three councillors in the promotional photo were instructed to pose in a particular manner, likely implying skepticism about the staged or artificial nature of the political promotional material.","Hey all i created a page so that you can follow your local councillors in one place Beechdale, Leamore & Reedswood Councillors All of our contact details and drop in session details are on the leaflet too.","Local residents and a former councillor are expressing significant dissatisfaction with Reform UK representatives over issues including HMO planning approvals, perceived political bias in development projects, and a failure to address anti-social behaviour and declining local amenities."
2159948164582109,2155897034987222,2026-08-03T22:07:47+00:00,2026-08-03,Local Government,Councillor Communication,Seeking practical councillor access information,Beechdale Community Partnership,0,0,0,0,0,0,0,https://www.facebook.com/groups/1457262554850677/posts/2155897034987222?comment_id=2159948164582109,What times are the surgery’s please?,"Asks for the surgery times of the local councillors' drop-in sessions. The commenter is seeking practical information about when the councillors' surgeries are available, likely referencing the leaflet mentioned in the post.","Hey all i created a page so that you can follow your local councillors in one place Beechdale, Leamore & Reedswood Councillors All of our contact details and drop in session details are on the leaflet too.","Local residents and a former councillor are expressing significant dissatisfaction with Reform UK representatives over issues including HMO planning approvals, perceived political bias in development projects, and a failure to address anti-social behaviour and declining local amenities."
2229965074212087,2229956717546256,2026-08-06T09:00:20+00:00,2026-08-06,Local Government,Policy Enforcement,Selective enforcement allegations,Bloxwich Community Group,0,0,0,0,0,0,0,https://www.facebook.com/groups/846204072588201/posts/2229956717546256?comment_id=2229965074212087,Lucky shops,"Suggests, sarcastically, that certain shops are fortunate or exempt from the council policy being discussed. The comment implies selective or inconsistent enforcement of the display regulations outlined in the post.","IS WALSALL COUNCIL ENFORCING ITS OWN POLICY ON SHOP DISPLAYS? ..IF NOT, WHY NOT? IF IT'S NOW DEEMED INAPPROPRIATE, THEN CHANGE IT! I have checked back through the records and it seems that the Council adopted a policy in 2009 ""Criteria for shop displays and advertisements on the highway"" (key extracts below). This policy was passed by the Licensing Committee on 9/10/2009 and agreed by full Council on 9/11/2009. (on public record if anyone wishes to check) Unless this policy has been superseded by a subsequent new/change of policy, then this policy should still prevail...... so my point is: If this policy is still in place, either enforce it or change/scrap the policy completely. *In law a highway is any way over which the public has a right to pass and repass, as of right, without hindrance EXTRACTS FROM COUNCIL POLICY “CRITERIA FOR SHOP DISPLAYS AND ADVERTISEMENTS ON THE HIGHWAY”, PASSED BY WALSALL COUNCIL LICENSING COMMITTEE ON 9/10/2009 AND AGREED BY FULL COUNCIL ON 9/11 2009. • All displays must be stable safe and not present any danger to the public and must not extend further than 0.5 metres from the shop frontage (unless the Highway Authority grants an exception) and must not be more than 1 metre high. Additionally, in all cases, at least 1.8 metres of clear pedestrian passageway is to be maintained. • Any trade display must consist of goods and materials which are not liable to be moved by external forces, such as the effects of the wind or from being lightly knocked. • Trade displays must not be erected before 7.00am and must be removed by 8.00pm. (unless there are traffic regulation orders in place which specify alternative times). • In all cases, displays are the sole responsibility of the individual business and the Council insists that third party public liability insurance be taken out to a minimum indemnity of £5,000,000. • In no cases must displays lead to excavations or damage of any kind to be made to the highway. • In no circumstances should any trade display interfere with required vision lines for traffic and / or pedestrians. • Goods on the highway are for display purposes only and items must not be sold from the highway. -------------------------------------------------------------------------- It is accepted that there are differences of opinion on this subject and this is to be respected.... that's a healthy part of a democratic process that should be welcomed by all. There is nothing unreasonable about asking our Council to clarify it's own policy, surely? Pete Smith. former Councillor, Blakenall ward.","The discussion centres on a former councillor's demand for the enforcement or revision of Walsall Council’s 2009 shop display policy, contrasted with public criticism regarding the relevance of such regulations amidst broader economic and safety concerns."
2229965167545411,2229956717546256,2026-08-06T09:00:29+00:00,2026-08-06,Local Government,Policy Enforcement,Safety and accessibility concerns,Bloxwich Community Group,0,0,0,0,0,0,0,https://www.facebook.com/groups/846204072588201/posts/2229956717546256?comment_id=2229965167545411,It’s a fair balanced policy that should be implemented if there is danger for psssers by especially disabled,"Supports the council's shop display policy as reasonable and necessary, particularly emphasizing the importance of enforcing safety measures to protect pedestrians, especially disabled people who may be more vulnerable to hazards from improperly displayed goods.","IS WALSALL COUNCIL ENFORCING ITS OWN POLICY ON SHOP DISPLAYS? ..IF NOT, WHY NOT? IF IT'S NOW DEEMED INAPPROPRIATE, THEN CHANGE IT! I have checked back through the records and it seems that the Council adopted a policy in 2009 ""Criteria for shop displays and advertisements on the highway"" (key extracts below). This policy was passed by the Licensing Committee on 9/10/2009 and agreed by full Council on 9/11/2009. (on public record if anyone wishes to check) Unless this policy has been superseded by a subsequent new/change of policy, then this policy should still prevail...... so my point is: If this policy is still in place, either enforce it or change/scrap the policy completely. *In law a highway is any way over which the public has a right to pass and repass, as of right, without hindrance EXTRACTS FROM COUNCIL POLICY “CRITERIA FOR SHOP DISPLAYS AND ADVERTISEMENTS ON THE HIGHWAY”, PASSED BY WALSALL COUNCIL LICENSING COMMITTEE ON 9/10/2009 AND AGREED BY FULL COUNCIL ON 9/11 2009. • All displays must be stable safe and not present any danger to the public and must not extend further than 0.5 metres from the shop frontage (unless the Highway Authority grants an exception) and must not be more than 1 metre high. Additionally, in all cases, at least 1.8 metres of clear pedestrian passageway is to be maintained. • Any trade display must consist of goods and materials which are not liable to be moved by external forces, such as the effects of the wind or from being lightly knocked. • Trade displays must not be erected before 7.00am and must be removed by 8.00pm. (unless there are traffic regulation orders in place which specify alternative times). • In all cases, displays are the sole responsibility of the individual business and the Council insists that third party public liability insurance be taken out to a minimum indemnity of £5,000,000. • In no cases must displays lead to excavations or damage of any kind to be made to the highway. • In no circumstances should any trade display interfere with required vision lines for traffic and / or pedestrians. • Goods on the highway are for display purposes only and items must not be sold from the highway. -------------------------------------------------------------------------- It is accepted that there are differences of opinion on this subject and this is to be respected.... that's a healthy part of a democratic process that should be welcomed by all. There is nothing unreasonable about asking our Council to clarify it's own policy, surely? Pete Smith. former Councillor, Blakenall ward.","The discussion centres on a former councillor's demand for the enforcement or revision of Walsall Council’s 2009 shop display policy, contrasted with public criticism regarding the relevance of such regulations amidst broader economic and safety concerns."
2229966324211962,2229956717546256,2026-08-06T09:02:18+00:00,2026-08-06,Local Government,Policy Enforcement,Support struggling businesses over enforcement,Bloxwich Community Group,14,14,0,0,0,0,0,https://www.facebook.com/groups/846204072588201/posts/2229956717546256?comment_id=2229966324211962,Mate. you literally posted about this yesterday. grow up and get a life ffs. it’s boring now. Just let local businesses try and earn an income ffs. it’s hard enough as it is. Legit think you are the male version of a Karen- but an extreme level version,"Criticizes the original poster for repeatedly raising the same issue about shop display policy enforcement, characterizing them as obsessive and self-righteous (comparing them to an extreme version of a 'Karen'). Argues that the focus should instead be on supporting local businesses during difficult economic times rather than enforcing bureaucratic regulations.","IS WALSALL COUNCIL ENFORCING ITS OWN POLICY ON SHOP DISPLAYS? ..IF NOT, WHY NOT? IF IT'S NOW DEEMED INAPPROPRIATE, THEN CHANGE IT! I have checked back through the records and it seems that the Council adopted a policy in 2009 ""Criteria for shop displays and advertisements on the highway"" (key extracts below). This policy was passed by the Licensing Committee on 9/10/2009 and agreed by full Council on 9/11/2009. (on public record if anyone wishes to check) Unless this policy has been superseded by a subsequent new/change of policy, then this policy should still prevail...... so my point is: If this policy is still in place, either enforce it or change/scrap the policy completely. *In law a highway is any way over which the public has a right to pass and repass, as of right, without hindrance EXTRACTS FROM COUNCIL POLICY “CRITERIA FOR SHOP DISPLAYS AND ADVERTISEMENTS ON THE HIGHWAY”, PASSED BY WALSALL COUNCIL LICENSING COMMITTEE ON 9/10/2009 AND AGREED BY FULL COUNCIL ON 9/11 2009. • All displays must be stable safe and not present any danger to the public and must not extend further than 0.5 metres from the shop frontage (unless the Highway Authority grants an exception) and must not be more than 1 metre high. Additionally, in all cases, at least 1.8 metres of clear pedestrian passageway is to be maintained. • Any trade display must consist of goods and materials which are not liable to be moved by external forces, such as the effects of the wind or from being lightly knocked. • Trade displays must not be erected before 7.00am and must be removed by 8.00pm. (unless there are traffic regulation orders in place which specify alternative times). • In all cases, displays are the sole responsibility of the individual business and the Council insists that third party public liability insurance be taken out to a minimum indemnity of £5,000,000. • In no cases must displays lead to excavations or damage of any kind to be made to the highway. • In no circumstances should any trade display interfere with required vision lines for traffic and / or pedestrians. • Goods on the highway are for display purposes only and items must not be sold from the highway. -------------------------------------------------------------------------- It is accepted that there are differences of opinion on this subject and this is to be respected.... that's a healthy part of a democratic process that should be welcomed by all. There is nothing unreasonable about asking our Council to clarify it's own policy, surely? Pete Smith. former Councillor, Blakenall ward.","The discussion centres on a former councillor's demand for the enforcement or revision of Walsall Council’s 2009 shop display policy, contrasted with public criticism regarding the relevance of such regulations amidst broader economic and safety concerns."
2229967894211805,2229956717546256,2026-08-06T09:04:49+00:00,2026-08-06,Local Government,Policy Enforcement,Direct engagement strategy suggestions,Bloxwich Community Group,1,1,0,0,0,0,0,https://www.facebook.com/groups/846204072588201/posts/2229956717546256?comment_id=2229967894211805,"You need to be tagging the council in your posts, cllrs and other authorities","Advises the original poster to tag Walsall Council, councillors, and other authorities in their posts to increase visibility and accountability regarding the shop display policy enforcement issue. Suggests that direct tagging of decision-makers is a more effective strategy for drawing official attention to the complaint.","IS WALSALL COUNCIL ENFORCING ITS OWN POLICY ON SHOP DISPLAYS? ..IF NOT, WHY NOT? IF IT'S NOW DEEMED INAPPROPRIATE, THEN CHANGE IT! I have checked back through the records and it seems that the Council adopted a policy in 2009 ""Criteria for shop displays and advertisements on the highway"" (key extracts below). This policy was passed by the Licensing Committee on 9/10/2009 and agreed by full Council on 9/11/2009. (on public record if anyone wishes to check) Unless this policy has been superseded by a subsequent new/change of policy, then this policy should still prevail...... so my point is: If this policy is still in place, either enforce it or change/scrap the policy completely. *In law a highway is any way over which the public has a right to pass and repass, as of right, without hindrance EXTRACTS FROM COUNCIL POLICY “CRITERIA FOR SHOP DISPLAYS AND ADVERTISEMENTS ON THE HIGHWAY”, PASSED BY WALSALL COUNCIL LICENSING COMMITTEE ON 9/10/2009 AND AGREED BY FULL COUNCIL ON 9/11 2009. • All displays must be stable safe and not present any danger to the public and must not extend further than 0.5 metres from the shop frontage (unless the Highway Authority grants an exception) and must not be more than 1 metre high. Additionally, in all cases, at least 1.8 metres of clear pedestrian passageway is to be maintained. • Any trade display must consist of goods and materials which are not liable to be moved by external forces, such as the effects of the wind or from being lightly knocked. • Trade displays must not be erected before 7.00am and must be removed by 8.00pm. (unless there are traffic regulation orders in place which specify alternative times). • In all cases, displays are the sole responsibility of the individual business and the Council insists that third party public liability insurance be taken out to a minimum indemnity of £5,000,000. • In no cases must displays lead to excavations or damage of any kind to be made to the highway. • In no circumstances should any trade display interfere with required vision lines for traffic and / or pedestrians. • Goods on the highway are for display purposes only and items must not be sold from the highway. -------------------------------------------------------------------------- It is accepted that there are differences of opinion on this subject and this is to be respected.... that's a healthy part of a democratic process that should be welcomed by all. There is nothing unreasonable about asking our Council to clarify it's own policy, surely? Pete Smith. former Councillor, Blakenall ward.","The discussion centres on a former councillor's demand for the enforcement or revision of Walsall Council’s 2009 shop display policy, contrasted with public criticism regarding the relevance of such regulations amidst broader economic and safety concerns."
2229969277545000,2229956717546256,2026-08-06T09:07:01+00:00,2026-08-06,Local Government,Policy Enforcement,Resigned to council inaction,Bloxwich Community Group,5,5,0,0,0,0,0,https://www.facebook.com/groups/846204072588201/posts/2229956717546256?comment_id=2229969277545000,"This has been going on for years and nothing was done then,,🤷‍♀️","Suggests that the council's failure to enforce its shop display policy is not a new problem, implying long-standing inaction and indifference. The shrug emoji conveys resignation or frustration at the apparent futility of expecting enforcement.","IS WALSALL COUNCIL ENFORCING ITS OWN POLICY ON SHOP DISPLAYS? ..IF NOT, WHY NOT? IF IT'S NOW DEEMED INAPPROPRIATE, THEN CHANGE IT! I have checked back through the records and it seems that the Council adopted a policy in 2009 ""Criteria for shop displays and advertisements on the highway"" (key extracts below). This policy was passed by the Licensing Committee on 9/10/2009 and agreed by full Council on 9/11/2009. (on public record if anyone wishes to check) Unless this policy has been superseded by a subsequent new/change of policy, then this policy should still prevail...... so my point is: If this policy is still in place, either enforce it or change/scrap the policy completely. *In law a highway is any way over which the public has a right to pass and repass, as of right, without hindrance EXTRACTS FROM COUNCIL POLICY “CRITERIA FOR SHOP DISPLAYS AND ADVERTISEMENTS ON THE HIGHWAY”, PASSED BY WALSALL COUNCIL LICENSING COMMITTEE ON 9/10/2009 AND AGREED BY FULL COUNCIL ON 9/11 2009. • All displays must be stable safe and not present any danger to the public and must not extend further than 0.5 metres from the shop frontage (unless the Highway Authority grants an exception) and must not be more than 1 metre high. Additionally, in all cases, at least 1.8 metres of clear pedestrian passageway is to be maintained. • Any trade display must consist of goods and materials which are not liable to be moved by external forces, such as the effects of the wind or from being lightly knocked. • Trade displays must not be erected before 7.00am and must be removed by 8.00pm. (unless there are traffic regulation orders in place which specify alternative times). • In all cases, displays are the sole responsibility of the individual business and the Council insists that third party public liability insurance be taken out to a minimum indemnity of £5,000,000. • In no cases must displays lead to excavations or damage of any kind to be made to the highway. • In no circumstances should any trade display interfere with required vision lines for traffic and / or pedestrians. • Goods on the highway are for display purposes only and items must not be sold from the highway. -------------------------------------------------------------------------- It is accepted that there are differences of opinion on this subject and this is to be respected.... that's a healthy part of a democratic process that should be welcomed by all. There is nothing unreasonable about asking our Council to clarify it's own policy, surely? Pete Smith. former Councillor, Blakenall ward.","The discussion centres on a former councillor's demand for the enforcement or revision of Walsall Council’s 2009 shop display policy, contrasted with public criticism regarding the relevance of such regulations amidst broader economic and safety concerns."
2229971927544735,2229956717546256,2026-08-06T09:10:55+00:00,2026-08-06,Local Government,Policy Enforcement,,Bloxwich Community Group,2,2,0,0,0,0,0,https://www.facebook.com/groups/846204072588201/posts/2229956717546256?comment_id=2229971927544735,It’s the people selling it to you not the display -,"Suggests that responsibility for policy violations lies with the businesses selling goods on the highway, not with the display method itself. Implies that enforcement should target the merchants rather than focusing on display infrastructure or regulation.","IS WALSALL COUNCIL ENFORCING ITS OWN POLICY ON SHOP DISPLAYS? ..IF NOT, WHY NOT? IF IT'S NOW DEEMED INAPPROPRIATE, THEN CHANGE IT! I have checked back through the records and it seems that the Council adopted a policy in 2009 ""Criteria for shop displays and advertisements on the highway"" (key extracts below). This policy was passed by the Licensing Committee on 9/10/2009 and agreed by full Council on 9/11/2009. (on public record if anyone wishes to check) Unless this policy has been superseded by a subsequent new/change of policy, then this policy should still prevail...... so my point is: If this policy is still in place, either enforce it or change/scrap the policy completely. *In law a highway is any way over which the public has a right to pass and repass, as of right, without hindrance EXTRACTS FROM COUNCIL POLICY “CRITERIA FOR SHOP DISPLAYS AND ADVERTISEMENTS ON THE HIGHWAY”, PASSED BY WALSALL COUNCIL LICENSING COMMITTEE ON 9/10/2009 AND AGREED BY FULL COUNCIL ON 9/11 2009. • All displays must be stable safe and not present any danger to the public and must not extend further than 0.5 metres from the shop frontage (unless the Highway Authority grants an exception) and must not be more than 1 metre high. Additionally, in all cases, at least 1.8 metres of clear pedestrian passageway is to be maintained. • Any trade display must consist of goods and materials which are not liable to be moved by external forces, such as the effects of the wind or from being lightly knocked. • Trade displays must not be erected before 7.00am and must be removed by 8.00pm. (unless there are traffic regulation orders in place which specify alternative times). • In all cases, displays are the sole responsibility of the individual business and the Council insists that third party public liability insurance be taken out to a minimum indemnity of £5,000,000. • In no cases must displays lead to excavations or damage of any kind to be made to the highway. • In no circumstances should any trade display interfere with required vision lines for traffic and / or pedestrians. • Goods on the highway are for display purposes only and items must not be sold from the highway. -------------------------------------------------------------------------- It is accepted that there are differences of opinion on this subject and this is to be respected.... that's a healthy part of a democratic process that should be welcomed by all. There is nothing unreasonable about asking our Council to clarify it's own policy, surely? Pete Smith. former Councillor, Blakenall ward.","The discussion centres on a former councillor's demand for the enforcement or revision of Walsall Council’s 2009 shop display policy, contrasted with public criticism regarding the relevance of such regulations amidst broader economic and safety concerns."
2229979767543951,2229956717546256,2026-08-06T09:22:31+00:00,2026-08-06,Local Government,Policy Enforcement,Pragmatic tolerance of violations,Bloxwich Community Group,2,2,0,0,0,0,0,https://www.facebook.com/groups/846204072588201/posts/2229956717546256?comment_id=2229979767543951,It does get out of hand sometimes,"Acknowledges that shop display enforcement issues can become excessive or problematic at times. The comment suggests a measured perspective that while the council policy concerns raised are valid, the situation is not entirely black-and-white.","IS WALSALL COUNCIL ENFORCING ITS OWN POLICY ON SHOP DISPLAYS? ..IF NOT, WHY NOT? IF IT'S NOW DEEMED INAPPROPRIATE, THEN CHANGE IT! I have checked back through the records and it seems that the Council adopted a policy in 2009 ""Criteria for shop displays and advertisements on the highway"" (key extracts below). This policy was passed by the Licensing Committee on 9/10/2009 and agreed by full Council on 9/11/2009. (on public record if anyone wishes to check) Unless this policy has been superseded by a subsequent new/change of policy, then this policy should still prevail...... so my point is: If this policy is still in place, either enforce it or change/scrap the policy completely. *In law a highway is any way over which the public has a right to pass and repass, as of right, without hindrance EXTRACTS FROM COUNCIL POLICY “CRITERIA FOR SHOP DISPLAYS AND ADVERTISEMENTS ON THE HIGHWAY”, PASSED BY WALSALL COUNCIL LICENSING COMMITTEE ON 9/10/2009 AND AGREED BY FULL COUNCIL ON 9/11 2009. • All displays must be stable safe and not present any danger to the public and must not extend further than 0.5 metres from the shop frontage (unless the Highway Authority grants an exception) and must not be more than 1 metre high. Additionally, in all cases, at least 1.8 metres of clear pedestrian passageway is to be maintained. • Any trade display must consist of goods and materials which are not liable to be moved by external forces, such as the effects of the wind or from being lightly knocked. • Trade displays must not be erected before 7.00am and must be removed by 8.00pm. (unless there are traffic regulation orders in place which specify alternative times). • In all cases, displays are the sole responsibility of the individual business and the Council insists that third party public liability insurance be taken out to a minimum indemnity of £5,000,000. • In no cases must displays lead to excavations or damage of any kind to be made to the highway. • In no circumstances should any trade display interfere with required vision lines for traffic and / or pedestrians. • Goods on the highway are for display purposes only and items must not be sold from the highway. -------------------------------------------------------------------------- It is accepted that there are differences of opinion on this subject and this is to be respected.... that's a healthy part of a democratic process that should be welcomed by all. There is nothing unreasonable about asking our Council to clarify it's own policy, surely? Pete Smith. former Councillor, Blakenall ward.","The discussion centres on a former councillor's demand for the enforcement or revision of Walsall Council’s 2009 shop display policy, contrasted with public criticism regarding the relevance of such regulations amidst broader economic and safety concerns."
2229995454209049,2229956717546256,2026-08-06T09:46:18+00:00,2026-08-06,Local Government,Policy Enforcement,Evidence-based enforcement approach,Bloxwich Community Group,0,0,0,0,0,0,0,https://www.facebook.com/groups/846204072588201/posts/2229956717546256?comment_id=2229995454209049,Well il wait and see if anyone falls then see what that do it looks a mess it was never that much stuff outside the shops before they have added to it,"Adopts a wait-and-see approach to the shop display issue, suggesting that evidence of actual harm (someone falling) would be needed to justify action. Implies the current displays represent an excessive accumulation of items compared to historical norms, expressing skepticism about whether the problem warrants intervention without concrete incidents.","IS WALSALL COUNCIL ENFORCING ITS OWN POLICY ON SHOP DISPLAYS? ..IF NOT, WHY NOT? IF IT'S NOW DEEMED INAPPROPRIATE, THEN CHANGE IT! I have checked back through the records and it seems that the Council adopted a policy in 2009 ""Criteria for shop displays and advertisements on the highway"" (key extracts below). This policy was passed by the Licensing Committee on 9/10/2009 and agreed by full Council on 9/11/2009. (on public record if anyone wishes to check) Unless this policy has been superseded by a subsequent new/change of policy, then this policy should still prevail...... so my point is: If this policy is still in place, either enforce it or change/scrap the policy completely. *In law a highway is any way over which the public has a right to pass and repass, as of right, without hindrance EXTRACTS FROM COUNCIL POLICY “CRITERIA FOR SHOP DISPLAYS AND ADVERTISEMENTS ON THE HIGHWAY”, PASSED BY WALSALL COUNCIL LICENSING COMMITTEE ON 9/10/2009 AND AGREED BY FULL COUNCIL ON 9/11 2009. • All displays must be stable safe and not present any danger to the public and must not extend further than 0.5 metres from the shop frontage (unless the Highway Authority grants an exception) and must not be more than 1 metre high. Additionally, in all cases, at least 1.8 metres of clear pedestrian passageway is to be maintained. • Any trade display must consist of goods and materials which are not liable to be moved by external forces, such as the effects of the wind or from being lightly knocked. • Trade displays must not be erected before 7.00am and must be removed by 8.00pm. (unless there are traffic regulation orders in place which specify alternative times). • In all cases, displays are the sole responsibility of the individual business and the Council insists that third party public liability insurance be taken out to a minimum indemnity of £5,000,000. • In no cases must displays lead to excavations or damage of any kind to be made to the highway. • In no circumstances should any trade display interfere with required vision lines for traffic and / or pedestrians. • Goods on the highway are for display purposes only and items must not be sold from the highway. -------------------------------------------------------------------------- It is accepted that there are differences of opinion on this subject and this is to be respected.... that's a healthy part of a democratic process that should be welcomed by all. There is nothing unreasonable about asking our Council to clarify it's own policy, surely? Pete Smith. former Councillor, Blakenall ward.","The discussion centres on a former councillor's demand for the enforcement or revision of Walsall Council’s 2009 shop display policy, contrasted with public criticism regarding the relevance of such regulations amidst broader economic and safety concerns."
2229996260875635,2229956717546256,2026-08-06T09:47:23+00:00,2026-08-06,Local Government,Policy Enforcement,Issue fatigue and dismissal,Bloxwich Community Group,1,1,0,0,0,0,0,https://www.facebook.com/groups/846204072588201/posts/2229956717546256?comment_id=2229996260875635,Here we go again ffs,"Expresses frustration or exasperation, likely indicating the commenter views this as a repetitive or tiresome issue that has been raised before. The tone suggests weariness with the ongoing debate about shop display enforcement rather than engagement with the substantive policy arguments presented.","IS WALSALL COUNCIL ENFORCING ITS OWN POLICY ON SHOP DISPLAYS? ..IF NOT, WHY NOT? IF IT'S NOW DEEMED INAPPROPRIATE, THEN CHANGE IT! I have checked back through the records and it seems that the Council adopted a policy in 2009 ""Criteria for shop displays and advertisements on the highway"" (key extracts below). This policy was passed by the Licensing Committee on 9/10/2009 and agreed by full Council on 9/11/2009. (on public record if anyone wishes to check) Unless this policy has been superseded by a subsequent new/change of policy, then this policy should still prevail...... so my point is: If this policy is still in place, either enforce it or change/scrap the policy completely. *In law a highway is any way over which the public has a right to pass and repass, as of right, without hindrance EXTRACTS FROM COUNCIL POLICY “CRITERIA FOR SHOP DISPLAYS AND ADVERTISEMENTS ON THE HIGHWAY”, PASSED BY WALSALL COUNCIL LICENSING COMMITTEE ON 9/10/2009 AND AGREED BY FULL COUNCIL ON 9/11 2009. • All displays must be stable safe and not present any danger to the public and must not extend further than 0.5 metres from the shop frontage (unless the Highway Authority grants an exception) and must not be more than 1 metre high. Additionally, in all cases, at least 1.8 metres of clear pedestrian passageway is to be maintained. • Any trade display must consist of goods and materials which are not liable to be moved by external forces, such as the effects of the wind or from being lightly knocked. • Trade displays must not be erected before 7.00am and must be removed by 8.00pm. (unless there are traffic regulation orders in place which specify alternative times). • In all cases, displays are the sole responsibility of the individual business and the Council insists that third party public liability insurance be taken out to a minimum indemnity of £5,000,000. • In no cases must displays lead to excavations or damage of any kind to be made to the highway. • In no circumstances should any trade display interfere with required vision lines for traffic and / or pedestrians. • Goods on the highway are for display purposes only and items must not be sold from the highway. -------------------------------------------------------------------------- It is accepted that there are differences of opinion on this subject and this is to be respected.... that's a healthy part of a democratic process that should be welcomed by all. There is nothing unreasonable about asking our Council to clarify it's own policy, surely? Pete Smith. former Councillor, Blakenall ward.","The discussion centres on a former councillor's demand for the enforcement or revision of Walsall Council’s 2009 shop display policy, contrasted with public criticism regarding the relevance of such regulations amidst broader economic and safety concerns."
2230008470874414,2229956717546256,2026-08-06T10:06:26+00:00,2026-08-06,Local Government,Policy Enforcement,Issue fatigue and dismissal,Bloxwich Community Group,0,0,0,0,0,0,0,https://www.facebook.com/groups/846204072588201/posts/2229956717546256?comment_id=2230008470874414,Is it that deep,Dismisses the post's detailed policy analysis as unnecessarily complicated or overwrought. Implies the former councillor's lengthy argument about council policy enforcement is excessive or pedantic.,"IS WALSALL COUNCIL ENFORCING ITS OWN POLICY ON SHOP DISPLAYS? ..IF NOT, WHY NOT? IF IT'S NOW DEEMED INAPPROPRIATE, THEN CHANGE IT! I have checked back through the records and it seems that the Council adopted a policy in 2009 ""Criteria for shop displays and advertisements on the highway"" (key extracts below). This policy was passed by the Licensing Committee on 9/10/2009 and agreed by full Council on 9/11/2009. (on public record if anyone wishes to check) Unless this policy has been superseded by a subsequent new/change of policy, then this policy should still prevail...... so my point is: If this policy is still in place, either enforce it or change/scrap the policy completely. *In law a highway is any way over which the public has a right to pass and repass, as of right, without hindrance EXTRACTS FROM COUNCIL POLICY “CRITERIA FOR SHOP DISPLAYS AND ADVERTISEMENTS ON THE HIGHWAY”, PASSED BY WALSALL COUNCIL LICENSING COMMITTEE ON 9/10/2009 AND AGREED BY FULL COUNCIL ON 9/11 2009. • All displays must be stable safe and not present any danger to the public and must not extend further than 0.5 metres from the shop frontage (unless the Highway Authority grants an exception) and must not be more than 1 metre high. Additionally, in all cases, at least 1.8 metres of clear pedestrian passageway is to be maintained. • Any trade display must consist of goods and materials which are not liable to be moved by external forces, such as the effects of the wind or from being lightly knocked. • Trade displays must not be erected before 7.00am and must be removed by 8.00pm. (unless there are traffic regulation orders in place which specify alternative times). • In all cases, displays are the sole responsibility of the individual business and the Council insists that third party public liability insurance be taken out to a minimum indemnity of £5,000,000. • In no cases must displays lead to excavations or damage of any kind to be made to the highway. • In no circumstances should any trade display interfere with required vision lines for traffic and / or pedestrians. • Goods on the highway are for display purposes only and items must not be sold from the highway. -------------------------------------------------------------------------- It is accepted that there are differences of opinion on this subject and this is to be respected.... that's a healthy part of a democratic process that should be welcomed by all. There is nothing unreasonable about asking our Council to clarify it's own policy, surely? Pete Smith. former Councillor, Blakenall ward.","The discussion centres on a former councillor's demand for the enforcement or revision of Walsall Council’s 2009 shop display policy, contrasted with public criticism regarding the relevance of such regulations amidst broader economic and safety concerns."
2230009774207617,2229956717546256,2026-08-06T10:08:40+00:00,2026-08-06,Local Government,Policy Enforcement,Issue fatigue and dismissal,Bloxwich Community Group,0,0,0,0,0,0,0,https://www.facebook.com/groups/846204072588201/posts/2229956717546256?comment_id=2230009774207617,Jesus mate bore off .. no one cares exept a few old racists 😝,"Dismisses the post as boring and unimportant, suggesting that only a small group of elderly racist people care about the shop display policy issue. Uses sarcasm and mockery to discourage further discussion of the topic.","IS WALSALL COUNCIL ENFORCING ITS OWN POLICY ON SHOP DISPLAYS? ..IF NOT, WHY NOT? IF IT'S NOW DEEMED INAPPROPRIATE, THEN CHANGE IT! I have checked back through the records and it seems that the Council adopted a policy in 2009 ""Criteria for shop displays and advertisements on the highway"" (key extracts below). This policy was passed by the Licensing Committee on 9/10/2009 and agreed by full Council on 9/11/2009. (on public record if anyone wishes to check) Unless this policy has been superseded by a subsequent new/change of policy, then this policy should still prevail...... so my point is: If this policy is still in place, either enforce it or change/scrap the policy completely. *In law a highway is any way over which the public has a right to pass and repass, as of right, without hindrance EXTRACTS FROM COUNCIL POLICY “CRITERIA FOR SHOP DISPLAYS AND ADVERTISEMENTS ON THE HIGHWAY”, PASSED BY WALSALL COUNCIL LICENSING COMMITTEE ON 9/10/2009 AND AGREED BY FULL COUNCIL ON 9/11 2009. • All displays must be stable safe and not present any danger to the public and must not extend further than 0.5 metres from the shop frontage (unless the Highway Authority grants an exception) and must not be more than 1 metre high. Additionally, in all cases, at least 1.8 metres of clear pedestrian passageway is to be maintained. • Any trade display must consist of goods and materials which are not liable to be moved by external forces, such as the effects of the wind or from being lightly knocked. • Trade displays must not be erected before 7.00am and must be removed by 8.00pm. (unless there are traffic regulation orders in place which specify alternative times). • In all cases, displays are the sole responsibility of the individual business and the Council insists that third party public liability insurance be taken out to a minimum indemnity of £5,000,000. • In no cases must displays lead to excavations or damage of any kind to be made to the highway. • In no circumstances should any trade display interfere with required vision lines for traffic and / or pedestrians. • Goods on the highway are for display purposes only and items must not be sold from the highway. -------------------------------------------------------------------------- It is accepted that there are differences of opinion on this subject and this is to be respected.... that's a healthy part of a democratic process that should be welcomed by all. There is nothing unreasonable about asking our Council to clarify it's own policy, surely? Pete Smith. former Councillor, Blakenall ward.","The discussion centres on a former councillor's demand for the enforcement or revision of Walsall Council’s 2009 shop display policy, contrasted with public criticism regarding the relevance of such regulations amidst broader economic and safety concerns."
2230049127537015,2229956717546256,2026-08-06T11:02:32+00:00,2026-08-06,Local Government,Policy Enforcement,Higher priority issues argument,Bloxwich Community Group,3,3,0,0,0,0,0,https://www.facebook.com/groups/846204072588201/posts/2229956717546256?comment_id=2230049127537015,we didnt see this 30 years ago when walsall was thriving!!,"Contrasts current conditions in Walsall unfavorably with the town's economic prosperity three decades ago, implying that the shop display policy debate reflects broader urban decline. Suggests that such regulatory concerns would not have arisen during a period of thriving local commerce.","IS WALSALL COUNCIL ENFORCING ITS OWN POLICY ON SHOP DISPLAYS? ..IF NOT, WHY NOT? IF IT'S NOW DEEMED INAPPROPRIATE, THEN CHANGE IT! I have checked back through the records and it seems that the Council adopted a policy in 2009 ""Criteria for shop displays and advertisements on the highway"" (key extracts below). This policy was passed by the Licensing Committee on 9/10/2009 and agreed by full Council on 9/11/2009. (on public record if anyone wishes to check) Unless this policy has been superseded by a subsequent new/change of policy, then this policy should still prevail...... so my point is: If this policy is still in place, either enforce it or change/scrap the policy completely. *In law a highway is any way over which the public has a right to pass and repass, as of right, without hindrance EXTRACTS FROM COUNCIL POLICY “CRITERIA FOR SHOP DISPLAYS AND ADVERTISEMENTS ON THE HIGHWAY”, PASSED BY WALSALL COUNCIL LICENSING COMMITTEE ON 9/10/2009 AND AGREED BY FULL COUNCIL ON 9/11 2009. • All displays must be stable safe and not present any danger to the public and must not extend further than 0.5 metres from the shop frontage (unless the Highway Authority grants an exception) and must not be more than 1 metre high. Additionally, in all cases, at least 1.8 metres of clear pedestrian passageway is to be maintained. • Any trade display must consist of goods and materials which are not liable to be moved by external forces, such as the effects of the wind or from being lightly knocked. • Trade displays must not be erected before 7.00am and must be removed by 8.00pm. (unless there are traffic regulation orders in place which specify alternative times). • In all cases, displays are the sole responsibility of the individual business and the Council insists that third party public liability insurance be taken out to a minimum indemnity of £5,000,000. • In no cases must displays lead to excavations or damage of any kind to be made to the highway. • In no circumstances should any trade display interfere with required vision lines for traffic and / or pedestrians. • Goods on the highway are for display purposes only and items must not be sold from the highway. -------------------------------------------------------------------------- It is accepted that there are differences of opinion on this subject and this is to be respected.... that's a healthy part of a democratic process that should be welcomed by all. There is nothing unreasonable about asking our Council to clarify it's own policy, surely? Pete Smith. former Councillor, Blakenall ward.","The discussion centres on a former councillor's demand for the enforcement or revision of Walsall Council’s 2009 shop display policy, contrasted with public criticism regarding the relevance of such regulations amidst broader economic and safety concerns."
2230057290869532,2229956717546256,2026-08-06T11:13:45+00:00,2026-08-06,Local Government,Policy Enforcement,Former councillor credibility attacks,Bloxwich Community Group,1,1,0,0,0,0,0,https://www.facebook.com/groups/846204072588201/posts/2229956717546256?comment_id=2230057290869532,You would probably had more chance of doing something about it when you were a councillor,"Suggests that the post author, as a former councillor, had greater opportunity to address shop display policy enforcement when in office, implying the criticism would have been more credible or effective coming from that position. The comment uses sarcasm to question why the author is raising this issue now rather than having acted on it during their tenure.","IS WALSALL COUNCIL ENFORCING ITS OWN POLICY ON SHOP DISPLAYS? ..IF NOT, WHY NOT? IF IT'S NOW DEEMED INAPPROPRIATE, THEN CHANGE IT! I have checked back through the records and it seems that the Council adopted a policy in 2009 ""Criteria for shop displays and advertisements on the highway"" (key extracts below). This policy was passed by the Licensing Committee on 9/10/2009 and agreed by full Council on 9/11/2009. (on public record if anyone wishes to check) Unless this policy has been superseded by a subsequent new/change of policy, then this policy should still prevail...... so my point is: If this policy is still in place, either enforce it or change/scrap the policy completely. *In law a highway is any way over which the public has a right to pass and repass, as of right, without hindrance EXTRACTS FROM COUNCIL POLICY “CRITERIA FOR SHOP DISPLAYS AND ADVERTISEMENTS ON THE HIGHWAY”, PASSED BY WALSALL COUNCIL LICENSING COMMITTEE ON 9/10/2009 AND AGREED BY FULL COUNCIL ON 9/11 2009. • All displays must be stable safe and not present any danger to the public and must not extend further than 0.5 metres from the shop frontage (unless the Highway Authority grants an exception) and must not be more than 1 metre high. Additionally, in all cases, at least 1.8 metres of clear pedestrian passageway is to be maintained. • Any trade display must consist of goods and materials which are not liable to be moved by external forces, such as the effects of the wind or from being lightly knocked. • Trade displays must not be erected before 7.00am and must be removed by 8.00pm. (unless there are traffic regulation orders in place which specify alternative times). • In all cases, displays are the sole responsibility of the individual business and the Council insists that third party public liability insurance be taken out to a minimum indemnity of £5,000,000. • In no cases must displays lead to excavations or damage of any kind to be made to the highway. • In no circumstances should any trade display interfere with required vision lines for traffic and / or pedestrians. • Goods on the highway are for display purposes only and items must not be sold from the highway. -------------------------------------------------------------------------- It is accepted that there are differences of opinion on this subject and this is to be respected.... that's a healthy part of a democratic process that should be welcomed by all. There is nothing unreasonable about asking our Council to clarify it's own policy, surely? Pete Smith. former Councillor, Blakenall ward.","The discussion centres on a former councillor's demand for the enforcement or revision of Walsall Council’s 2009 shop display policy, contrasted with public criticism regarding the relevance of such regulations amidst broader economic and safety concerns."
2230068410868420,2229956717546256,2026-08-06T11:28:24+00:00,2026-08-06,Local Government,Policy Enforcement,Pragmatic tolerance of violations,Bloxwich Community Group,0,0,0,0,0,0,0,https://www.facebook.com/groups/846204072588201/posts/2229956717546256?comment_id=2230068410868420,"I do think it can look a little shit , with things outside of shops on the public bath way ,, but there is access to walk around and through …. Each to their own I suppose !! I’m not offended by it",Acknowledges that shop displays on pavements may appear aesthetically poor but argues they don't significantly obstruct pedestrian access since people can walk around them. Takes a non-confrontational stance by expressing personal non-offense and accepting differing viewpoints on the issue.,"IS WALSALL COUNCIL ENFORCING ITS OWN POLICY ON SHOP DISPLAYS? ..IF NOT, WHY NOT? IF IT'S NOW DEEMED INAPPROPRIATE, THEN CHANGE IT! I have checked back through the records and it seems that the Council adopted a policy in 2009 ""Criteria for shop displays and advertisements on the highway"" (key extracts below). This policy was passed by the Licensing Committee on 9/10/2009 and agreed by full Council on 9/11/2009. (on public record if anyone wishes to check) Unless this policy has been superseded by a subsequent new/change of policy, then this policy should still prevail...... so my point is: If this policy is still in place, either enforce it or change/scrap the policy completely. *In law a highway is any way over which the public has a right to pass and repass, as of right, without hindrance EXTRACTS FROM COUNCIL POLICY “CRITERIA FOR SHOP DISPLAYS AND ADVERTISEMENTS ON THE HIGHWAY”, PASSED BY WALSALL COUNCIL LICENSING COMMITTEE ON 9/10/2009 AND AGREED BY FULL COUNCIL ON 9/11 2009. • All displays must be stable safe and not present any danger to the public and must not extend further than 0.5 metres from the shop frontage (unless the Highway Authority grants an exception) and must not be more than 1 metre high. Additionally, in all cases, at least 1.8 metres of clear pedestrian passageway is to be maintained. • Any trade display must consist of goods and materials which are not liable to be moved by external forces, such as the effects of the wind or from being lightly knocked. • Trade displays must not be erected before 7.00am and must be removed by 8.00pm. (unless there are traffic regulation orders in place which specify alternative times). • In all cases, displays are the sole responsibility of the individual business and the Council insists that third party public liability insurance be taken out to a minimum indemnity of £5,000,000. • In no cases must displays lead to excavations or damage of any kind to be made to the highway. • In no circumstances should any trade display interfere with required vision lines for traffic and / or pedestrians. • Goods on the highway are for display purposes only and items must not be sold from the highway. -------------------------------------------------------------------------- It is accepted that there are differences of opinion on this subject and this is to be respected.... that's a healthy part of a democratic process that should be welcomed by all. There is nothing unreasonable about asking our Council to clarify it's own policy, surely? Pete Smith. former Councillor, Blakenall ward.","The discussion centres on a former councillor's demand for the enforcement or revision of Walsall Council’s 2009 shop display policy, contrasted with public criticism regarding the relevance of such regulations amidst broader economic and safety concerns."
2230091374199457,2229956717546256,2026-08-06T11:59:49+00:00,2026-08-06,Local Government,Policy Enforcement,Support struggling businesses over enforcement,Bloxwich Community Group,0,0,0,0,0,0,0,https://www.facebook.com/groups/846204072588201/posts/2229956717546256?comment_id=2230091374199457,Get a grip Moan when it’s closed nothing to do ect Moan when people are actually having a go Why don’t u try it See how u get on Sad man,"Dismisses the original poster's criticism as hypocritical complaining, suggesting they criticize the council regardless of circumstances and should attempt to run a business themselves before judging enforcement efforts. Implies the poster is being unreasonable or attention-seeking.","IS WALSALL COUNCIL ENFORCING ITS OWN POLICY ON SHOP DISPLAYS? ..IF NOT, WHY NOT? IF IT'S NOW DEEMED INAPPROPRIATE, THEN CHANGE IT! I have checked back through the records and it seems that the Council adopted a policy in 2009 ""Criteria for shop displays and advertisements on the highway"" (key extracts below). This policy was passed by the Licensing Committee on 9/10/2009 and agreed by full Council on 9/11/2009. (on public record if anyone wishes to check) Unless this policy has been superseded by a subsequent new/change of policy, then this policy should still prevail...... so my point is: If this policy is still in place, either enforce it or change/scrap the policy completely. *In law a highway is any way over which the public has a right to pass and repass, as of right, without hindrance EXTRACTS FROM COUNCIL POLICY “CRITERIA FOR SHOP DISPLAYS AND ADVERTISEMENTS ON THE HIGHWAY”, PASSED BY WALSALL COUNCIL LICENSING COMMITTEE ON 9/10/2009 AND AGREED BY FULL COUNCIL ON 9/11 2009. • All displays must be stable safe and not present any danger to the public and must not extend further than 0.5 metres from the shop frontage (unless the Highway Authority grants an exception) and must not be more than 1 metre high. Additionally, in all cases, at least 1.8 metres of clear pedestrian passageway is to be maintained. • Any trade display must consist of goods and materials which are not liable to be moved by external forces, such as the effects of the wind or from being lightly knocked. • Trade displays must not be erected before 7.00am and must be removed by 8.00pm. (unless there are traffic regulation orders in place which specify alternative times). • In all cases, displays are the sole responsibility of the individual business and the Council insists that third party public liability insurance be taken out to a minimum indemnity of £5,000,000. • In no cases must displays lead to excavations or damage of any kind to be made to the highway. • In no circumstances should any trade display interfere with required vision lines for traffic and / or pedestrians. • Goods on the highway are for display purposes only and items must not be sold from the highway. -------------------------------------------------------------------------- It is accepted that there are differences of opinion on this subject and this is to be respected.... that's a healthy part of a democratic process that should be welcomed by all. There is nothing unreasonable about asking our Council to clarify it's own policy, surely? Pete Smith. former Councillor, Blakenall ward.","The discussion centres on a former councillor's demand for the enforcement or revision of Walsall Council’s 2009 shop display policy, contrasted with public criticism regarding the relevance of such regulations amidst broader economic and safety concerns."
2230137684194826,2229956717546256,2026-08-06T12:57:03+00:00,2026-08-06,Local Government,Policy Enforcement,,Bloxwich Community Group,0,0,0,0,0,0,0,https://www.facebook.com/groups/846204072588201/posts/2229956717546256?comment_id=2230137684194826,POP OFF SLAY QUEEN,"Expresses enthusiastic approval of the post using internet slang, likely endorsing the former councillor's call for Walsall Council to enforce or clarify its shop display policy.","IS WALSALL COUNCIL ENFORCING ITS OWN POLICY ON SHOP DISPLAYS? ..IF NOT, WHY NOT? IF IT'S NOW DEEMED INAPPROPRIATE, THEN CHANGE IT! I have checked back through the records and it seems that the Council adopted a policy in 2009 ""Criteria for shop displays and advertisements on the highway"" (key extracts below). This policy was passed by the Licensing Committee on 9/10/2009 and agreed by full Council on 9/11/2009. (on public record if anyone wishes to check) Unless this policy has been superseded by a subsequent new/change of policy, then this policy should still prevail...... so my point is: If this policy is still in place, either enforce it or change/scrap the policy completely. *In law a highway is any way over which the public has a right to pass and repass, as of right, without hindrance EXTRACTS FROM COUNCIL POLICY “CRITERIA FOR SHOP DISPLAYS AND ADVERTISEMENTS ON THE HIGHWAY”, PASSED BY WALSALL COUNCIL LICENSING COMMITTEE ON 9/10/2009 AND AGREED BY FULL COUNCIL ON 9/11 2009. • All displays must be stable safe and not present any danger to the public and must not extend further than 0.5 metres from the shop frontage (unless the Highway Authority grants an exception) and must not be more than 1 metre high. Additionally, in all cases, at least 1.8 metres of clear pedestrian passageway is to be maintained. • Any trade display must consist of goods and materials which are not liable to be moved by external forces, such as the effects of the wind or from being lightly knocked. • Trade displays must not be erected before 7.00am and must be removed by 8.00pm. (unless there are traffic regulation orders in place which specify alternative times). • In all cases, displays are the sole responsibility of the individual business and the Council insists that third party public liability insurance be taken out to a minimum indemnity of £5,000,000. • In no cases must displays lead to excavations or damage of any kind to be made to the highway. • In no circumstances should any trade display interfere with required vision lines for traffic and / or pedestrians. • Goods on the highway are for display purposes only and items must not be sold from the highway. -------------------------------------------------------------------------- It is accepted that there are differences of opinion on this subject and this is to be respected.... that's a healthy part of a democratic process that should be welcomed by all. There is nothing unreasonable about asking our Council to clarify it's own policy, surely? Pete Smith. former Councillor, Blakenall ward.","The discussion centres on a former councillor's demand for the enforcement or revision of Walsall Council’s 2009 shop display policy, contrasted with public criticism regarding the relevance of such regulations amidst broader economic and safety concerns."
2230139900861271,2229956717546256,2026-08-06T12:59:37+00:00,2026-08-06,Local Government,Policy Enforcement,,Bloxwich Community Group,0,0,0,0,0,0,0,https://www.facebook.com/groups/846204072588201/posts/2229956717546256?comment_id=2230139900861271,I DONT KNOW WHY ARE YOU ASKING ME?!?!,"Expresses frustration and defensiveness, rejecting an implied accusation or question directed at them personally. The commenter appears to be deflecting responsibility or challenging why they are being singled out for questioning.","IS WALSALL COUNCIL ENFORCING ITS OWN POLICY ON SHOP DISPLAYS? ..IF NOT, WHY NOT? IF IT'S NOW DEEMED INAPPROPRIATE, THEN CHANGE IT! I have checked back through the records and it seems that the Council adopted a policy in 2009 ""Criteria for shop displays and advertisements on the highway"" (key extracts below). This policy was passed by the Licensing Committee on 9/10/2009 and agreed by full Council on 9/11/2009. (on public record if anyone wishes to check) Unless this policy has been superseded by a subsequent new/change of policy, then this policy should still prevail...... so my point is: If this policy is still in place, either enforce it or change/scrap the policy completely. *In law a highway is any way over which the public has a right to pass and repass, as of right, without hindrance EXTRACTS FROM COUNCIL POLICY “CRITERIA FOR SHOP DISPLAYS AND ADVERTISEMENTS ON THE HIGHWAY”, PASSED BY WALSALL COUNCIL LICENSING COMMITTEE ON 9/10/2009 AND AGREED BY FULL COUNCIL ON 9/11 2009. • All displays must be stable safe and not present any danger to the public and must not extend further than 0.5 metres from the shop frontage (unless the Highway Authority grants an exception) and must not be more than 1 metre high. Additionally, in all cases, at least 1.8 metres of clear pedestrian passageway is to be maintained. • Any trade display must consist of goods and materials which are not liable to be moved by external forces, such as the effects of the wind or from being lightly knocked. • Trade displays must not be erected before 7.00am and must be removed by 8.00pm. (unless there are traffic regulation orders in place which specify alternative times). • In all cases, displays are the sole responsibility of the individual business and the Council insists that third party public liability insurance be taken out to a minimum indemnity of £5,000,000. • In no cases must displays lead to excavations or damage of any kind to be made to the highway. • In no circumstances should any trade display interfere with required vision lines for traffic and / or pedestrians. • Goods on the highway are for display purposes only and items must not be sold from the highway. -------------------------------------------------------------------------- It is accepted that there are differences of opinion on this subject and this is to be respected.... that's a healthy part of a democratic process that should be welcomed by all. There is nothing unreasonable about asking our Council to clarify it's own policy, surely? Pete Smith. former Councillor, Blakenall ward.","The discussion centres on a former councillor's demand for the enforcement or revision of Walsall Council’s 2009 shop display policy, contrasted with public criticism regarding the relevance of such regulations amidst broader economic and safety concerns."
2230167424191852,2229956717546256,2026-08-06T13:33:52+00:00,2026-08-06,Local Government,Policy Enforcement,Safety and accessibility concerns,Bloxwich Community Group,0,0,0,0,0,0,0,https://www.facebook.com/groups/846204072588201/posts/2229956717546256?comment_id=2230167424191852,I had to walk from the Saddlers Centre into town last week and the gap on the pavement for people to walk between the shops around Shoe Zone and the market stalls was very narrow hardly passable,"Reports a specific incident where shop displays and market stalls created a dangerously narrow pedestrian passage near Shoe Zone that was barely passable, providing concrete evidence supporting the original post's concern about non-compliance with the council's 1.8-metre clear passageway requirement.","IS WALSALL COUNCIL ENFORCING ITS OWN POLICY ON SHOP DISPLAYS? ..IF NOT, WHY NOT? IF IT'S NOW DEEMED INAPPROPRIATE, THEN CHANGE IT! I have checked back through the records and it seems that the Council adopted a policy in 2009 ""Criteria for shop displays and advertisements on the highway"" (key extracts below). This policy was passed by the Licensing Committee on 9/10/2009 and agreed by full Council on 9/11/2009. (on public record if anyone wishes to check) Unless this policy has been superseded by a subsequent new/change of policy, then this policy should still prevail...... so my point is: If this policy is still in place, either enforce it or change/scrap the policy completely. *In law a highway is any way over which the public has a right to pass and repass, as of right, without hindrance EXTRACTS FROM COUNCIL POLICY “CRITERIA FOR SHOP DISPLAYS AND ADVERTISEMENTS ON THE HIGHWAY”, PASSED BY WALSALL COUNCIL LICENSING COMMITTEE ON 9/10/2009 AND AGREED BY FULL COUNCIL ON 9/11 2009. • All displays must be stable safe and not present any danger to the public and must not extend further than 0.5 metres from the shop frontage (unless the Highway Authority grants an exception) and must not be more than 1 metre high. Additionally, in all cases, at least 1.8 metres of clear pedestrian passageway is to be maintained. • Any trade display must consist of goods and materials which are not liable to be moved by external forces, such as the effects of the wind or from being lightly knocked. • Trade displays must not be erected before 7.00am and must be removed by 8.00pm. (unless there are traffic regulation orders in place which specify alternative times). • In all cases, displays are the sole responsibility of the individual business and the Council insists that third party public liability insurance be taken out to a minimum indemnity of £5,000,000. • In no cases must displays lead to excavations or damage of any kind to be made to the highway. • In no circumstances should any trade display interfere with required vision lines for traffic and / or pedestrians. • Goods on the highway are for display purposes only and items must not be sold from the highway. -------------------------------------------------------------------------- It is accepted that there are differences of opinion on this subject and this is to be respected.... that's a healthy part of a democratic process that should be welcomed by all. There is nothing unreasonable about asking our Council to clarify it's own policy, surely? Pete Smith. former Councillor, Blakenall ward.","The discussion centres on a former councillor's demand for the enforcement or revision of Walsall Council’s 2009 shop display policy, contrasted with public criticism regarding the relevance of such regulations amidst broader economic and safety concerns."
2230175260857735,2229956717546256,2026-08-06T13:43:17+00:00,2026-08-06,Local Government,Policy Enforcement,Support struggling businesses over enforcement,Bloxwich Community Group,0,0,0,0,0,0,0,https://www.facebook.com/groups/846204072588201/posts/2229956717546256?comment_id=2230175260857735,"Life's to short is this the biggest issue in town, shops struggling and you want to make it tougher for them",Dismisses the shop display policy enforcement issue as trivial and argues that the council should prioritize more pressing economic concerns affecting struggling businesses rather than imposing stricter regulations. Implies that enforcing or debating display policies is counterproductive when shops are already facing difficulties.,"IS WALSALL COUNCIL ENFORCING ITS OWN POLICY ON SHOP DISPLAYS? ..IF NOT, WHY NOT? IF IT'S NOW DEEMED INAPPROPRIATE, THEN CHANGE IT! I have checked back through the records and it seems that the Council adopted a policy in 2009 ""Criteria for shop displays and advertisements on the highway"" (key extracts below). This policy was passed by the Licensing Committee on 9/10/2009 and agreed by full Council on 9/11/2009. (on public record if anyone wishes to check) Unless this policy has been superseded by a subsequent new/change of policy, then this policy should still prevail...... so my point is: If this policy is still in place, either enforce it or change/scrap the policy completely. *In law a highway is any way over which the public has a right to pass and repass, as of right, without hindrance EXTRACTS FROM COUNCIL POLICY “CRITERIA FOR SHOP DISPLAYS AND ADVERTISEMENTS ON THE HIGHWAY”, PASSED BY WALSALL COUNCIL LICENSING COMMITTEE ON 9/10/2009 AND AGREED BY FULL COUNCIL ON 9/11 2009. • All displays must be stable safe and not present any danger to the public and must not extend further than 0.5 metres from the shop frontage (unless the Highway Authority grants an exception) and must not be more than 1 metre high. Additionally, in all cases, at least 1.8 metres of clear pedestrian passageway is to be maintained. • Any trade display must consist of goods and materials which are not liable to be moved by external forces, such as the effects of the wind or from being lightly knocked. • Trade displays must not be erected before 7.00am and must be removed by 8.00pm. (unless there are traffic regulation orders in place which specify alternative times). • In all cases, displays are the sole responsibility of the individual business and the Council insists that third party public liability insurance be taken out to a minimum indemnity of £5,000,000. • In no cases must displays lead to excavations or damage of any kind to be made to the highway. • In no circumstances should any trade display interfere with required vision lines for traffic and / or pedestrians. • Goods on the highway are for display purposes only and items must not be sold from the highway. -------------------------------------------------------------------------- It is accepted that there are differences of opinion on this subject and this is to be respected.... that's a healthy part of a democratic process that should be welcomed by all. There is nothing unreasonable about asking our Council to clarify it's own policy, surely? Pete Smith. former Councillor, Blakenall ward.","The discussion centres on a former councillor's demand for the enforcement or revision of Walsall Council’s 2009 shop display policy, contrasted with public criticism regarding the relevance of such regulations amidst broader economic and safety concerns."
2230222100853051,2229956717546256,2026-08-06T14:41:49+00:00,2026-08-06,Local Government,Policy Enforcement,Higher priority issues argument,Bloxwich Community Group,3,3,0,0,0,0,0,https://www.facebook.com/groups/846204072588201/posts/2229956717546256?comment_id=2230222100853051,I’m sick of Walsall being filled with the knock of trash shops,Criticizes Walsall's retail environment as being dominated by low-quality shops. Expresses frustration with the perceived decline in commercial standards within the town.,"IS WALSALL COUNCIL ENFORCING ITS OWN POLICY ON SHOP DISPLAYS? ..IF NOT, WHY NOT? IF IT'S NOW DEEMED INAPPROPRIATE, THEN CHANGE IT! I have checked back through the records and it seems that the Council adopted a policy in 2009 ""Criteria for shop displays and advertisements on the highway"" (key extracts below). This policy was passed by the Licensing Committee on 9/10/2009 and agreed by full Council on 9/11/2009. (on public record if anyone wishes to check) Unless this policy has been superseded by a subsequent new/change of policy, then this policy should still prevail...... so my point is: If this policy is still in place, either enforce it or change/scrap the policy completely. *In law a highway is any way over which the public has a right to pass and repass, as of right, without hindrance EXTRACTS FROM COUNCIL POLICY “CRITERIA FOR SHOP DISPLAYS AND ADVERTISEMENTS ON THE HIGHWAY”, PASSED BY WALSALL COUNCIL LICENSING COMMITTEE ON 9/10/2009 AND AGREED BY FULL COUNCIL ON 9/11 2009. • All displays must be stable safe and not present any danger to the public and must not extend further than 0.5 metres from the shop frontage (unless the Highway Authority grants an exception) and must not be more than 1 metre high. Additionally, in all cases, at least 1.8 metres of clear pedestrian passageway is to be maintained. • Any trade display must consist of goods and materials which are not liable to be moved by external forces, such as the effects of the wind or from being lightly knocked. • Trade displays must not be erected before 7.00am and must be removed by 8.00pm. (unless there are traffic regulation orders in place which specify alternative times). • In all cases, displays are the sole responsibility of the individual business and the Council insists that third party public liability insurance be taken out to a minimum indemnity of £5,000,000. • In no cases must displays lead to excavations or damage of any kind to be made to the highway. • In no circumstances should any trade display interfere with required vision lines for traffic and / or pedestrians. • Goods on the highway are for display purposes only and items must not be sold from the highway. -------------------------------------------------------------------------- It is accepted that there are differences of opinion on this subject and this is to be respected.... that's a healthy part of a democratic process that should be welcomed by all. There is nothing unreasonable about asking our Council to clarify it's own policy, surely? Pete Smith. former Councillor, Blakenall ward.","The discussion centres on a former councillor's demand for the enforcement or revision of Walsall Council’s 2009 shop display policy, contrasted with public criticism regarding the relevance of such regulations amidst broader economic and safety concerns."
2230251890850072,2229956717546256,2026-08-06T15:20:00+00:00,2026-08-06,Local Government,Policy Enforcement,Pragmatic tolerance of violations,Bloxwich Community Group,0,0,0,0,0,0,0,https://www.facebook.com/groups/846204072588201/posts/2229956717546256?comment_id=2230251890850072,Its not good for the blind and wheelchairs but can see why they do ig to be fair.,"Acknowledges that shop displays on pavements create accessibility problems for blind people and wheelchair users, but expresses understanding for why businesses do this practice anyway. The comment suggests a pragmatic acceptance of the trade-off between business interests and accessibility concerns.","IS WALSALL COUNCIL ENFORCING ITS OWN POLICY ON SHOP DISPLAYS? ..IF NOT, WHY NOT? IF IT'S NOW DEEMED INAPPROPRIATE, THEN CHANGE IT! I have checked back through the records and it seems that the Council adopted a policy in 2009 ""Criteria for shop displays and advertisements on the highway"" (key extracts below). This policy was passed by the Licensing Committee on 9/10/2009 and agreed by full Council on 9/11/2009. (on public record if anyone wishes to check) Unless this policy has been superseded by a subsequent new/change of policy, then this policy should still prevail...... so my point is: If this policy is still in place, either enforce it or change/scrap the policy completely. *In law a highway is any way over which the public has a right to pass and repass, as of right, without hindrance EXTRACTS FROM COUNCIL POLICY “CRITERIA FOR SHOP DISPLAYS AND ADVERTISEMENTS ON THE HIGHWAY”, PASSED BY WALSALL COUNCIL LICENSING COMMITTEE ON 9/10/2009 AND AGREED BY FULL COUNCIL ON 9/11 2009. • All displays must be stable safe and not present any danger to the public and must not extend further than 0.5 metres from the shop frontage (unless the Highway Authority grants an exception) and must not be more than 1 metre high. Additionally, in all cases, at least 1.8 metres of clear pedestrian passageway is to be maintained. • Any trade display must consist of goods and materials which are not liable to be moved by external forces, such as the effects of the wind or from being lightly knocked. • Trade displays must not be erected before 7.00am and must be removed by 8.00pm. (unless there are traffic regulation orders in place which specify alternative times). • In all cases, displays are the sole responsibility of the individual business and the Council insists that third party public liability insurance be taken out to a minimum indemnity of £5,000,000. • In no cases must displays lead to excavations or damage of any kind to be made to the highway. • In no circumstances should any trade display interfere with required vision lines for traffic and / or pedestrians. • Goods on the highway are for display purposes only and items must not be sold from the highway. -------------------------------------------------------------------------- It is accepted that there are differences of opinion on this subject and this is to be respected.... that's a healthy part of a democratic process that should be welcomed by all. There is nothing unreasonable about asking our Council to clarify it's own policy, surely? Pete Smith. former Councillor, Blakenall ward.","The discussion centres on a former councillor's demand for the enforcement or revision of Walsall Council’s 2009 shop display policy, contrasted with public criticism regarding the relevance of such regulations amidst broader economic and safety concerns."
2230262984182296,2229956717546256,2026-08-06T15:34:31+00:00,2026-08-06,Local Government,Policy Enforcement,,Bloxwich Community Group,0,0,0,0,0,0,0,https://www.facebook.com/groups/846204072588201/posts/2229956717546256?comment_id=2230262984182296,WELL WALSALL COUNCIL PLEASE COME FORWARD AND STOP ITWHATS THE PROBLEM ??????? !!! !!!!!!!!!,"Demands that Walsall Council take immediate action to enforce or clarify its shop display policy, expressing frustration through emphatic capitalization and punctuation at the council's apparent inaction on the issue raised in the post.","IS WALSALL COUNCIL ENFORCING ITS OWN POLICY ON SHOP DISPLAYS? ..IF NOT, WHY NOT? IF IT'S NOW DEEMED INAPPROPRIATE, THEN CHANGE IT! I have checked back through the records and it seems that the Council adopted a policy in 2009 ""Criteria for shop displays and advertisements on the highway"" (key extracts below). This policy was passed by the Licensing Committee on 9/10/2009 and agreed by full Council on 9/11/2009. (on public record if anyone wishes to check) Unless this policy has been superseded by a subsequent new/change of policy, then this policy should still prevail...... so my point is: If this policy is still in place, either enforce it or change/scrap the policy completely. *In law a highway is any way over which the public has a right to pass and repass, as of right, without hindrance EXTRACTS FROM COUNCIL POLICY “CRITERIA FOR SHOP DISPLAYS AND ADVERTISEMENTS ON THE HIGHWAY”, PASSED BY WALSALL COUNCIL LICENSING COMMITTEE ON 9/10/2009 AND AGREED BY FULL COUNCIL ON 9/11 2009. • All displays must be stable safe and not present any danger to the public and must not extend further than 0.5 metres from the shop frontage (unless the Highway Authority grants an exception) and must not be more than 1 metre high. Additionally, in all cases, at least 1.8 metres of clear pedestrian passageway is to be maintained. • Any trade display must consist of goods and materials which are not liable to be moved by external forces, such as the effects of the wind or from being lightly knocked. • Trade displays must not be erected before 7.00am and must be removed by 8.00pm. (unless there are traffic regulation orders in place which specify alternative times). • In all cases, displays are the sole responsibility of the individual business and the Council insists that third party public liability insurance be taken out to a minimum indemnity of £5,000,000. • In no cases must displays lead to excavations or damage of any kind to be made to the highway. • In no circumstances should any trade display interfere with required vision lines for traffic and / or pedestrians. • Goods on the highway are for display purposes only and items must not be sold from the highway. -------------------------------------------------------------------------- It is accepted that there are differences of opinion on this subject and this is to be respected.... that's a healthy part of a democratic process that should be welcomed by all. There is nothing unreasonable about asking our Council to clarify it's own policy, surely? Pete Smith. former Councillor, Blakenall ward.","The discussion centres on a former councillor's demand for the enforcement or revision of Walsall Council’s 2009 shop display policy, contrasted with public criticism regarding the relevance of such regulations amidst broader economic and safety concerns."
2230265584182036,2229956717546256,2026-08-06T15:37:00+00:00,2026-08-06,Local Government,Policy Enforcement,Higher priority issues argument,Bloxwich Community Group,0,0,0,0,0,0,0,https://www.facebook.com/groups/846204072588201/posts/2229956717546256?comment_id=2230265584182036,Small businesses not struggling enough for you? Walsall is already dead,"Dismisses the post's focus on shop display policy enforcement as trivial, arguing that small businesses in Walsall face more serious economic hardship and that the town's broader decline makes this regulatory concern irrelevant or poorly timed.","IS WALSALL COUNCIL ENFORCING ITS OWN POLICY ON SHOP DISPLAYS? ..IF NOT, WHY NOT? IF IT'S NOW DEEMED INAPPROPRIATE, THEN CHANGE IT! I have checked back through the records and it seems that the Council adopted a policy in 2009 ""Criteria for shop displays and advertisements on the highway"" (key extracts below). This policy was passed by the Licensing Committee on 9/10/2009 and agreed by full Council on 9/11/2009. (on public record if anyone wishes to check) Unless this policy has been superseded by a subsequent new/change of policy, then this policy should still prevail...... so my point is: If this policy is still in place, either enforce it or change/scrap the policy completely. *In law a highway is any way over which the public has a right to pass and repass, as of right, without hindrance EXTRACTS FROM COUNCIL POLICY “CRITERIA FOR SHOP DISPLAYS AND ADVERTISEMENTS ON THE HIGHWAY”, PASSED BY WALSALL COUNCIL LICENSING COMMITTEE ON 9/10/2009 AND AGREED BY FULL COUNCIL ON 9/11 2009. • All displays must be stable safe and not present any danger to the public and must not extend further than 0.5 metres from the shop frontage (unless the Highway Authority grants an exception) and must not be more than 1 metre high. Additionally, in all cases, at least 1.8 metres of clear pedestrian passageway is to be maintained. • Any trade display must consist of goods and materials which are not liable to be moved by external forces, such as the effects of the wind or from being lightly knocked. • Trade displays must not be erected before 7.00am and must be removed by 8.00pm. (unless there are traffic regulation orders in place which specify alternative times). • In all cases, displays are the sole responsibility of the individual business and the Council insists that third party public liability insurance be taken out to a minimum indemnity of £5,000,000. • In no cases must displays lead to excavations or damage of any kind to be made to the highway. • In no circumstances should any trade display interfere with required vision lines for traffic and / or pedestrians. • Goods on the highway are for display purposes only and items must not be sold from the highway. -------------------------------------------------------------------------- It is accepted that there are differences of opinion on this subject and this is to be respected.... that's a healthy part of a democratic process that should be welcomed by all. There is nothing unreasonable about asking our Council to clarify it's own policy, surely? Pete Smith. former Councillor, Blakenall ward.","The discussion centres on a former councillor's demand for the enforcement or revision of Walsall Council’s 2009 shop display policy, contrasted with public criticism regarding the relevance of such regulations amidst broader economic and safety concerns."
2230276550847606,2229956717546256,2026-08-06T15:50:04+00:00,2026-08-06,Local Government,Policy Enforcement,Higher priority issues argument,Bloxwich Community Group,4,4,0,0,0,0,0,https://www.facebook.com/groups/846204072588201/posts/2229956717546256?comment_id=2230276550847606,"Im honestly more concerned with how unsafe I feel travelling through town on my own some days, than I am about merchandise outside stores 🤷🏼‍♀️",Expresses that personal safety concerns while travelling through town alone are a more pressing priority than enforcing shop display regulations. Implies that the council should focus resources on addressing crime and safety issues rather than merchandise placement policies.,"IS WALSALL COUNCIL ENFORCING ITS OWN POLICY ON SHOP DISPLAYS? ..IF NOT, WHY NOT? IF IT'S NOW DEEMED INAPPROPRIATE, THEN CHANGE IT! I have checked back through the records and it seems that the Council adopted a policy in 2009 ""Criteria for shop displays and advertisements on the highway"" (key extracts below). This policy was passed by the Licensing Committee on 9/10/2009 and agreed by full Council on 9/11/2009. (on public record if anyone wishes to check) Unless this policy has been superseded by a subsequent new/change of policy, then this policy should still prevail...... so my point is: If this policy is still in place, either enforce it or change/scrap the policy completely. *In law a highway is any way over which the public has a right to pass and repass, as of right, without hindrance EXTRACTS FROM COUNCIL POLICY “CRITERIA FOR SHOP DISPLAYS AND ADVERTISEMENTS ON THE HIGHWAY”, PASSED BY WALSALL COUNCIL LICENSING COMMITTEE ON 9/10/2009 AND AGREED BY FULL COUNCIL ON 9/11 2009. • All displays must be stable safe and not present any danger to the public and must not extend further than 0.5 metres from the shop frontage (unless the Highway Authority grants an exception) and must not be more than 1 metre high. Additionally, in all cases, at least 1.8 metres of clear pedestrian passageway is to be maintained. • Any trade display must consist of goods and materials which are not liable to be moved by external forces, such as the effects of the wind or from being lightly knocked. • Trade displays must not be erected before 7.00am and must be removed by 8.00pm. (unless there are traffic regulation orders in place which specify alternative times). • In all cases, displays are the sole responsibility of the individual business and the Council insists that third party public liability insurance be taken out to a minimum indemnity of £5,000,000. • In no cases must displays lead to excavations or damage of any kind to be made to the highway. • In no circumstances should any trade display interfere with required vision lines for traffic and / or pedestrians. • Goods on the highway are for display purposes only and items must not be sold from the highway. -------------------------------------------------------------------------- It is accepted that there are differences of opinion on this subject and this is to be respected.... that's a healthy part of a democratic process that should be welcomed by all. There is nothing unreasonable about asking our Council to clarify it's own policy, surely? Pete Smith. former Councillor, Blakenall ward.","The discussion centres on a former councillor's demand for the enforcement or revision of Walsall Council’s 2009 shop display policy, contrasted with public criticism regarding the relevance of such regulations amidst broader economic and safety concerns."
2230341307507797,2229956717546256,2026-08-06T17:17:30+00:00,2026-08-06,Local Government,Policy Enforcement,Former councillor credibility attacks,Bloxwich Community Group,3,3,0,0,0,0,0,https://www.facebook.com/groups/846204072588201/posts/2229956717546256?comment_id=2230341307507797,"Pete Smith you posted this yesterday, what's changed? Have you taken photos of Caldmore Green, where this has happened for decades on smaller footpaths? Grow up, it's pathetic for a 70yr old bloke who can't accept his own neighbours rejected him","Criticizes Pete Smith for reposting the same complaint and questions his credibility by pointing out he hasn't documented similar violations elsewhere (Caldmore Green). Attacks Smith personally, suggesting his campaign reflects sour grapes over electoral rejection and is unbecoming for someone his age.","IS WALSALL COUNCIL ENFORCING ITS OWN POLICY ON SHOP DISPLAYS? ..IF NOT, WHY NOT? IF IT'S NOW DEEMED INAPPROPRIATE, THEN CHANGE IT! I have checked back through the records and it seems that the Council adopted a policy in 2009 ""Criteria for shop displays and advertisements on the highway"" (key extracts below). This policy was passed by the Licensing Committee on 9/10/2009 and agreed by full Council on 9/11/2009. (on public record if anyone wishes to check) Unless this policy has been superseded by a subsequent new/change of policy, then this policy should still prevail...... so my point is: If this policy is still in place, either enforce it or change/scrap the policy completely. *In law a highway is any way over which the public has a right to pass and repass, as of right, without hindrance EXTRACTS FROM COUNCIL POLICY “CRITERIA FOR SHOP DISPLAYS AND ADVERTISEMENTS ON THE HIGHWAY”, PASSED BY WALSALL COUNCIL LICENSING COMMITTEE ON 9/10/2009 AND AGREED BY FULL COUNCIL ON 9/11 2009. • All displays must be stable safe and not present any danger to the public and must not extend further than 0.5 metres from the shop frontage (unless the Highway Authority grants an exception) and must not be more than 1 metre high. Additionally, in all cases, at least 1.8 metres of clear pedestrian passageway is to be maintained. • Any trade display must consist of goods and materials which are not liable to be moved by external forces, such as the effects of the wind or from being lightly knocked. • Trade displays must not be erected before 7.00am and must be removed by 8.00pm. (unless there are traffic regulation orders in place which specify alternative times). • In all cases, displays are the sole responsibility of the individual business and the Council insists that third party public liability insurance be taken out to a minimum indemnity of £5,000,000. • In no cases must displays lead to excavations or damage of any kind to be made to the highway. • In no circumstances should any trade display interfere with required vision lines for traffic and / or pedestrians. • Goods on the highway are for display purposes only and items must not be sold from the highway. -------------------------------------------------------------------------- It is accepted that there are differences of opinion on this subject and this is to be respected.... that's a healthy part of a democratic process that should be welcomed by all. There is nothing unreasonable about asking our Council to clarify it's own policy, surely? Pete Smith. former Councillor, Blakenall ward.","The discussion centres on a former councillor's demand for the enforcement or revision of Walsall Council’s 2009 shop display policy, contrasted with public criticism regarding the relevance of such regulations amidst broader economic and safety concerns."
2230510540824207,2229956717546256,2026-08-06T21:51:02+00:00,2026-08-06,Local Government,Policy Enforcement,Higher priority issues argument,Bloxwich Community Group,1,1,0,0,0,0,0,https://www.facebook.com/groups/846204072588201/posts/2229956717546256?comment_id=2230510540824207,Get a grip there is plenty of room just walk round it worry more about the kids wondering Walsall with knifes ect,"Dismisses the original concern about shop display policy enforcement as trivial, arguing there is sufficient space to walk around displays. Redirects focus to what the commenter views as more serious local issues, specifically knife crime involving young people in Walsall.","IS WALSALL COUNCIL ENFORCING ITS OWN POLICY ON SHOP DISPLAYS? ..IF NOT, WHY NOT? IF IT'S NOW DEEMED INAPPROPRIATE, THEN CHANGE IT! I have checked back through the records and it seems that the Council adopted a policy in 2009 ""Criteria for shop displays and advertisements on the highway"" (key extracts below). This policy was passed by the Licensing Committee on 9/10/2009 and agreed by full Council on 9/11/2009. (on public record if anyone wishes to check) Unless this policy has been superseded by a subsequent new/change of policy, then this policy should still prevail...... so my point is: If this policy is still in place, either enforce it or change/scrap the policy completely. *In law a highway is any way over which the public has a right to pass and repass, as of right, without hindrance EXTRACTS FROM COUNCIL POLICY “CRITERIA FOR SHOP DISPLAYS AND ADVERTISEMENTS ON THE HIGHWAY”, PASSED BY WALSALL COUNCIL LICENSING COMMITTEE ON 9/10/2009 AND AGREED BY FULL COUNCIL ON 9/11 2009. • All displays must be stable safe and not present any danger to the public and must not extend further than 0.5 metres from the shop frontage (unless the Highway Authority grants an exception) and must not be more than 1 metre high. Additionally, in all cases, at least 1.8 metres of clear pedestrian passageway is to be maintained. • Any trade display must consist of goods and materials which are not liable to be moved by external forces, such as the effects of the wind or from being lightly knocked. • Trade displays must not be erected before 7.00am and must be removed by 8.00pm. (unless there are traffic regulation orders in place which specify alternative times). • In all cases, displays are the sole responsibility of the individual business and the Council insists that third party public liability insurance be taken out to a minimum indemnity of £5,000,000. • In no cases must displays lead to excavations or damage of any kind to be made to the highway. • In no circumstances should any trade display interfere with required vision lines for traffic and / or pedestrians. • Goods on the highway are for display purposes only and items must not be sold from the highway. -------------------------------------------------------------------------- It is accepted that there are differences of opinion on this subject and this is to be respected.... that's a healthy part of a democratic process that should be welcomed by all. There is nothing unreasonable about asking our Council to clarify it's own policy, surely? Pete Smith. former Councillor, Blakenall ward.","The discussion centres on a former councillor's demand for the enforcement or revision of Walsall Council’s 2009 shop display policy, contrasted with public criticism regarding the relevance of such regulations amidst broader economic and safety concerns."
3438047379698561,3437762446393721,2026-08-07T18:21:05+00:00,2026-08-07,Local Government,Public Space Maintenance,,Bloxwich Chit Chat,1,1,0,0,0,0,0,https://www.facebook.com/groups/2369573043212672/posts/3437762446393721?comment_id=3438047379698561,Looks like a sh!thole,"Expresses strong disapproval of the local area's condition, likely referring to the neglected public spaces and vandalism described in the post. The comment suggests frustration with the overall state of maintenance and safety in the community.","Good to see the council is finally mowing the grass on the public area behind houses on Irvine Rd. It was a bit disconcerting seeing it grow so high in this hot dry spell. On another note , I see someone has smashed the glass out the old tattoo shop window on the High Street. Its been cracked for some time , but now its smashed to bits all over the shop floor. Watch out that your Little ones don't totter in there. Have a nice weekend everyone.","Local residents are expressing concern regarding the maintenance and safety of public spaces, specifically focusing on the management of overgrown grass and the hazardous state of a vandalised shopfront."
3438063493030283,3437762446393721,2026-08-07T18:40:14+00:00,2026-08-07,Local Government,Public Space Maintenance,Vandalism creates public safety hazards,Bloxwich Chit Chat,2,2,0,0,0,0,0,https://www.facebook.com/groups/2369573043212672/posts/3437762446393721?comment_id=3438063493030283,Some there this evening boarding up,"Reports that someone was boarding up the vandalized tattoo shop window on the High Street this evening, likely in response to the broken glass hazard mentioned in the original post.","Good to see the council is finally mowing the grass on the public area behind houses on Irvine Rd. It was a bit disconcerting seeing it grow so high in this hot dry spell. On another note , I see someone has smashed the glass out the old tattoo shop window on the High Street. Its been cracked for some time , but now its smashed to bits all over the shop floor. Watch out that your Little ones don't totter in there. Have a nice weekend everyone.","Local residents are expressing concern regarding the maintenance and safety of public spaces, specifically focusing on the management of overgrown grass and the hazardous state of a vandalised shopfront."
2231348680740393,2229956717546256,2026-08-07T19:26:54+00:00,2026-08-07,Local Government,Policy Enforcement,Higher priority issues argument,Bloxwich Community Group,0,0,0,0,0,0,0,https://www.facebook.com/groups/846204072588201/posts/2229956717546256?comment_id=2231348680740393,REALLY DONT CARE ABOUT THIS DO SOMETHING ABOUT THE DRUGIES AND DRUNKS AND GANGS,"Dismisses the post's focus on shop display policy enforcement as irrelevant, arguing that local council resources should instead prioritize addressing drug use, alcohol abuse, and gang activity in the community. Implies these are more pressing public safety concerns than retail regulations.","IS WALSALL COUNCIL ENFORCING ITS OWN POLICY ON SHOP DISPLAYS? ..IF NOT, WHY NOT? IF IT'S NOW DEEMED INAPPROPRIATE, THEN CHANGE IT! I have checked back through the records and it seems that the Council adopted a policy in 2009 ""Criteria for shop displays and advertisements on the highway"" (key extracts below). This policy was passed by the Licensing Committee on 9/10/2009 and agreed by full Council on 9/11/2009. (on public record if anyone wishes to check) Unless this policy has been superseded by a subsequent new/change of policy, then this policy should still prevail...... so my point is: If this policy is still in place, either enforce it or change/scrap the policy completely. *In law a highway is any way over which the public has a right to pass and repass, as of right, without hindrance EXTRACTS FROM COUNCIL POLICY “CRITERIA FOR SHOP DISPLAYS AND ADVERTISEMENTS ON THE HIGHWAY”, PASSED BY WALSALL COUNCIL LICENSING COMMITTEE ON 9/10/2009 AND AGREED BY FULL COUNCIL ON 9/11 2009. • All displays must be stable safe and not present any danger to the public and must not extend further than 0.5 metres from the shop frontage (unless the Highway Authority grants an exception) and must not be more than 1 metre high. Additionally, in all cases, at least 1.8 metres of clear pedestrian passageway is to be maintained. • Any trade display must consist of goods and materials which are not liable to be moved by external forces, such as the effects of the wind or from being lightly knocked. • Trade displays must not be erected before 7.00am and must be removed by 8.00pm. (unless there are traffic regulation orders in place which specify alternative times). • In all cases, displays are the sole responsibility of the individual business and the Council insists that third party public liability insurance be taken out to a minimum indemnity of £5,000,000. • In no cases must displays lead to excavations or damage of any kind to be made to the highway. • In no circumstances should any trade display interfere with required vision lines for traffic and / or pedestrians. • Goods on the highway are for display purposes only and items must not be sold from the highway. -------------------------------------------------------------------------- It is accepted that there are differences of opinion on this subject and this is to be respected.... that's a healthy part of a democratic process that should be welcomed by all. There is nothing unreasonable about asking our Council to clarify it's own policy, surely? Pete Smith. former Councillor, Blakenall ward.","The discussion centres on a former councillor's demand for the enforcement or revision of Walsall Council’s 2009 shop display policy, contrasted with public criticism regarding the relevance of such regulations amidst broader economic and safety concerns."
3438542952982337,3437762446393721,2026-08-08T06:48:49+00:00,2026-08-08,Local Government,Public Space Maintenance,Wildlife protection through maintenance practices,Bloxwich Chit Chat,0,0,0,0,0,0,0,https://www.facebook.com/groups/2369573043212672/posts/3437762446393721?comment_id=3438542952982337,"They should keep it short all around the field..all the birds are vulnerable with the tall grass and so the cats find it easy to grab them ,... heartbreaking sound to hear when you live next to it",Advocates for keeping grass short throughout the field to protect nesting birds from predation by cats. Expresses personal distress at witnessing the predation that occurs when tall grass provides cover for cats to hunt vulnerable birds.,"Good to see the council is finally mowing the grass on the public area behind houses on Irvine Rd. It was a bit disconcerting seeing it grow so high in this hot dry spell. On another note , I see someone has smashed the glass out the old tattoo shop window on the High Street. Its been cracked for some time , but now its smashed to bits all over the shop floor. Watch out that your Little ones don't totter in there. Have a nice weekend everyone.","Local residents are expressing concern regarding the maintenance and safety of public spaces, specifically focusing on the management of overgrown grass and the hazardous state of a vandalised shopfront."
2231781630697098,2229956717546256,2026-08-08T08:29:56+00:00,2026-08-08,Local Government,Policy Enforcement,Support struggling businesses over enforcement,Bloxwich Community Group,0,0,0,0,0,0,0,https://www.facebook.com/groups/846204072588201/posts/2229956717546256?comment_id=2231781630697098,They're just grateful to have a shop in the town,Suggests that local residents are accepting of the shop displays despite policy violations because they are simply grateful to have retail businesses operating in the town. Implies this gratitude may be preventing scrutiny of whether council policy is being properly enforced.,"IS WALSALL COUNCIL ENFORCING ITS OWN POLICY ON SHOP DISPLAYS? ..IF NOT, WHY NOT? IF IT'S NOW DEEMED INAPPROPRIATE, THEN CHANGE IT! I have checked back through the records and it seems that the Council adopted a policy in 2009 ""Criteria for shop displays and advertisements on the highway"" (key extracts below). This policy was passed by the Licensing Committee on 9/10/2009 and agreed by full Council on 9/11/2009. (on public record if anyone wishes to check) Unless this policy has been superseded by a subsequent new/change of policy, then this policy should still prevail...... so my point is: If this policy is still in place, either enforce it or change/scrap the policy completely. *In law a highway is any way over which the public has a right to pass and repass, as of right, without hindrance EXTRACTS FROM COUNCIL POLICY “CRITERIA FOR SHOP DISPLAYS AND ADVERTISEMENTS ON THE HIGHWAY”, PASSED BY WALSALL COUNCIL LICENSING COMMITTEE ON 9/10/2009 AND AGREED BY FULL COUNCIL ON 9/11 2009. • All displays must be stable safe and not present any danger to the public and must not extend further than 0.5 metres from the shop frontage (unless the Highway Authority grants an exception) and must not be more than 1 metre high. Additionally, in all cases, at least 1.8 metres of clear pedestrian passageway is to be maintained. • Any trade display must consist of goods and materials which are not liable to be moved by external forces, such as the effects of the wind or from being lightly knocked. • Trade displays must not be erected before 7.00am and must be removed by 8.00pm. (unless there are traffic regulation orders in place which specify alternative times). • In all cases, displays are the sole responsibility of the individual business and the Council insists that third party public liability insurance be taken out to a minimum indemnity of £5,000,000. • In no cases must displays lead to excavations or damage of any kind to be made to the highway. • In no circumstances should any trade display interfere with required vision lines for traffic and / or pedestrians. • Goods on the highway are for display purposes only and items must not be sold from the highway. -------------------------------------------------------------------------- It is accepted that there are differences of opinion on this subject and this is to be respected.... that's a healthy part of a democratic process that should be welcomed by all. There is nothing unreasonable about asking our Council to clarify it's own policy, surely? Pete Smith. former Councillor, Blakenall ward.","The discussion centres on a former councillor's demand for the enforcement or revision of Walsall Council’s 2009 shop display policy, contrasted with public criticism regarding the relevance of such regulations amidst broader economic and safety concerns."
2231842297357698,2229956717546256,2026-08-08T10:09:24+00:00,2026-08-08,Local Government,Policy Enforcement,Higher priority issues argument,Bloxwich Community Group,0,0,0,0,0,0,0,https://www.facebook.com/groups/846204072588201/posts/2229956717546256?comment_id=2231842297357698,Surely there's more series issues than this ?,"Suggests that the shop display policy violations discussed in the post represent only a minor issue compared to other, more serious problems facing Walsall Council. Implies the post's focus on enforcing display regulations is narrow or misplaced given broader governance concerns.","IS WALSALL COUNCIL ENFORCING ITS OWN POLICY ON SHOP DISPLAYS? ..IF NOT, WHY NOT? IF IT'S NOW DEEMED INAPPROPRIATE, THEN CHANGE IT! I have checked back through the records and it seems that the Council adopted a policy in 2009 ""Criteria for shop displays and advertisements on the highway"" (key extracts below). This policy was passed by the Licensing Committee on 9/10/2009 and agreed by full Council on 9/11/2009. (on public record if anyone wishes to check) Unless this policy has been superseded by a subsequent new/change of policy, then this policy should still prevail...... so my point is: If this policy is still in place, either enforce it or change/scrap the policy completely. *In law a highway is any way over which the public has a right to pass and repass, as of right, without hindrance EXTRACTS FROM COUNCIL POLICY “CRITERIA FOR SHOP DISPLAYS AND ADVERTISEMENTS ON THE HIGHWAY”, PASSED BY WALSALL COUNCIL LICENSING COMMITTEE ON 9/10/2009 AND AGREED BY FULL COUNCIL ON 9/11 2009. • All displays must be stable safe and not present any danger to the public and must not extend further than 0.5 metres from the shop frontage (unless the Highway Authority grants an exception) and must not be more than 1 metre high. Additionally, in all cases, at least 1.8 metres of clear pedestrian passageway is to be maintained. • Any trade display must consist of goods and materials which are not liable to be moved by external forces, such as the effects of the wind or from being lightly knocked. • Trade displays must not be erected before 7.00am and must be removed by 8.00pm. (unless there are traffic regulation orders in place which specify alternative times). • In all cases, displays are the sole responsibility of the individual business and the Council insists that third party public liability insurance be taken out to a minimum indemnity of £5,000,000. • In no cases must displays lead to excavations or damage of any kind to be made to the highway. • In no circumstances should any trade display interfere with required vision lines for traffic and / or pedestrians. • Goods on the highway are for display purposes only and items must not be sold from the highway. -------------------------------------------------------------------------- It is accepted that there are differences of opinion on this subject and this is to be respected.... that's a healthy part of a democratic process that should be welcomed by all. There is nothing unreasonable about asking our Council to clarify it's own policy, surely? Pete Smith. former Councillor, Blakenall ward.","The discussion centres on a former councillor's demand for the enforcement or revision of Walsall Council’s 2009 shop display policy, contrasted with public criticism regarding the relevance of such regulations amidst broader economic and safety concerns."
2232843997257528,2229956717546256,2026-08-09T13:02:40+00:00,2026-08-09,Local Government,Policy Enforcement,Former councillor credibility attacks,Bloxwich Community Group,0,0,0,0,0,0,0,https://www.facebook.com/groups/846204072588201/posts/2229956717546256?comment_id=2232843997257528,"Trouble letting go, Petey babes?","Suggests that Pete Smith, the post author and former councillor, is having difficulty accepting or moving past a particular issue or decision. The comment uses a casual, somewhat mocking tone with the nickname 'Petey babes,' implying the commenter views Smith's continued advocacy on this matter as stubborn or obsessive.","IS WALSALL COUNCIL ENFORCING ITS OWN POLICY ON SHOP DISPLAYS? ..IF NOT, WHY NOT? IF IT'S NOW DEEMED INAPPROPRIATE, THEN CHANGE IT! I have checked back through the records and it seems that the Council adopted a policy in 2009 ""Criteria for shop displays and advertisements on the highway"" (key extracts below). This policy was passed by the Licensing Committee on 9/10/2009 and agreed by full Council on 9/11/2009. (on public record if anyone wishes to check) Unless this policy has been superseded by a subsequent new/change of policy, then this policy should still prevail...... so my point is: If this policy is still in place, either enforce it or change/scrap the policy completely. *In law a highway is any way over which the public has a right to pass and repass, as of right, without hindrance EXTRACTS FROM COUNCIL POLICY “CRITERIA FOR SHOP DISPLAYS AND ADVERTISEMENTS ON THE HIGHWAY”, PASSED BY WALSALL COUNCIL LICENSING COMMITTEE ON 9/10/2009 AND AGREED BY FULL COUNCIL ON 9/11 2009. • All displays must be stable safe and not present any danger to the public and must not extend further than 0.5 metres from the shop frontage (unless the Highway Authority grants an exception) and must not be more than 1 metre high. Additionally, in all cases, at least 1.8 metres of clear pedestrian passageway is to be maintained. • Any trade display must consist of goods and materials which are not liable to be moved by external forces, such as the effects of the wind or from being lightly knocked. • Trade displays must not be erected before 7.00am and must be removed by 8.00pm. (unless there are traffic regulation orders in place which specify alternative times). • In all cases, displays are the sole responsibility of the individual business and the Council insists that third party public liability insurance be taken out to a minimum indemnity of £5,000,000. • In no cases must displays lead to excavations or damage of any kind to be made to the highway. • In no circumstances should any trade display interfere with required vision lines for traffic and / or pedestrians. • Goods on the highway are for display purposes only and items must not be sold from the highway. -------------------------------------------------------------------------- It is accepted that there are differences of opinion on this subject and this is to be respected.... that's a healthy part of a democratic process that should be welcomed by all. There is nothing unreasonable about asking our Council to clarify it's own policy, surely? Pete Smith. former Councillor, Blakenall ward.","The discussion centres on a former councillor's demand for the enforcement or revision of Walsall Council’s 2009 shop display policy, contrasted with public criticism regarding the relevance of such regulations amidst broader economic and safety concerns."
3440650659438233,3440518169451482,2026-08-10T07:42:17+00:00,2026-08-10,Local Government,Accessibility Services,Active Living has accessibility features,Bloxwich Chit Chat,4,4,0,0,0,0,0,https://www.facebook.com/groups/2369573043212672/posts/3440518169451482?comment_id=3440650659438233,There’s steps and a hand rail also disabled chair to lift you into pool,"Provides reassurance that Active Living has accessibility features for pool entry, specifically mentioning steps, handrails, and a disabled chair lift to assist users into the main pool. Directly addresses the original poster's concerns about safely accessing the larger pool facility.","Is there anyone who uses Active Living? Im disabled and would love to be able to start swimming again to help build strength but so scared of getting into and out of the pool. I'm okay with normal stairs when I use a walking stick and I can't really tell from the pictures I've found online how you get into the big pool, just the smaller pool. Does anyone know if they have anything that can help me? Thank you :)","Prospective swimmers with disabilities are seeking information regarding the accessibility of local pool facilities, specifically focusing on the availability of hoists, handrails, and suitable steps to accommodate mobility and weight requirements."
3440652079438091,3440518169451482,2026-08-10T07:44:51+00:00,2026-08-10,Local Government,Accessibility Services,Recommends alternative accessible facilities,Bloxwich Chit Chat,9,9,0,0,0,0,0,https://www.facebook.com/groups/2369573043212672/posts/3440518169451482?comment_id=3440652079438091,Hi … I don’t use active living.. but have a disabled family member .. have you considered using the brine pool at Walsall gala .. they have disabled sessions .. a hoist and a couple of different steps to help.. we go a few times a week. Really friendly helpful staff.,"Recommends the brine pool at Walsall Gala as an alternative accessible swimming facility, highlighting its disabled sessions, hoist, multiple entry steps, and friendly staff based on personal positive experience visiting several times weekly. Suggests this option may better meet the original poster's accessibility needs than Active Living.","Is there anyone who uses Active Living? Im disabled and would love to be able to start swimming again to help build strength but so scared of getting into and out of the pool. I'm okay with normal stairs when I use a walking stick and I can't really tell from the pictures I've found online how you get into the big pool, just the smaller pool. Does anyone know if they have anything that can help me? Thank you :)","Prospective swimmers with disabilities are seeking information regarding the accessibility of local pool facilities, specifically focusing on the availability of hoists, handrails, and suitable steps to accommodate mobility and weight requirements."
3440654492771183,3440518169451482,2026-08-10T07:48:51+00:00,2026-08-10,Local Government,Accessibility Services,Active Living has accessibility features,Bloxwich Chit Chat,1,1,0,0,0,0,0,https://www.facebook.com/groups/2369573043212672/posts/3440518169451482?comment_id=3440654492771183,In my opinion its very assemble for disabled to get in and out,"Expresses concern that Active Living facility is difficult for disabled people to access, particularly regarding entry and exit from the pool. The comment appears to directly address the original poster's accessibility concerns, though the phrasing is unclear due to apparent typos ('assemble' likely meaning 'accessible').","Is there anyone who uses Active Living? Im disabled and would love to be able to start swimming again to help build strength but so scared of getting into and out of the pool. I'm okay with normal stairs when I use a walking stick and I can't really tell from the pictures I've found online how you get into the big pool, just the smaller pool. Does anyone know if they have anything that can help me? Thank you :)","Prospective swimmers with disabilities are seeking information regarding the accessibility of local pool facilities, specifically focusing on the availability of hoists, handrails, and suitable steps to accommodate mobility and weight requirements."
3440661642770468,3440518169451482,2026-08-10T07:59:29+00:00,2026-08-10,Local Government,Accessibility Services,Active Living has accessibility features,Bloxwich Chit Chat,5,5,0,0,0,0,0,https://www.facebook.com/groups/2369573043212672/posts/3440518169451482?comment_id=3440661642770468,They do have an hoist and it’s placed out upon request. Just let reception know when you arrive and it will be there to get you in and out. My husband is an amputee and used this but he know walks to the pool and removes his leg at the side of the pool. Staff are so accommodating 😊 Give it a go.,"Confirms that Active Living has a hoist available upon request at reception and shares a positive personal experience of her husband, an amputee, successfully using the facility's accommodating staff and services. Encourages the original poster to try the facility despite initial concerns about accessibility.","Is there anyone who uses Active Living? Im disabled and would love to be able to start swimming again to help build strength but so scared of getting into and out of the pool. I'm okay with normal stairs when I use a walking stick and I can't really tell from the pictures I've found online how you get into the big pool, just the smaller pool. Does anyone know if they have anything that can help me? Thank you :)","Prospective swimmers with disabilities are seeking information regarding the accessibility of local pool facilities, specifically focusing on the availability of hoists, handrails, and suitable steps to accommodate mobility and weight requirements."
3440671512769481,3440518169451482,2026-08-10T08:13:38+00:00,2026-08-10,Local Government,Accessibility Services,Recommends alternative accessible facilities,Bloxwich Chit Chat,0,0,0,0,0,0,0,https://www.facebook.com/groups/2369573043212672/posts/3440518169451482?comment_id=3440671512769481,Brine better,"Suggests that brine (salt water) is better, likely implying that the commenter recommends using brine pools or salt water swimming as an alternative or superior option to the Active Living facility being inquired about. The comment is vague and lacks explanation of the reasoning or context.","Is there anyone who uses Active Living? Im disabled and would love to be able to start swimming again to help build strength but so scared of getting into and out of the pool. I'm okay with normal stairs when I use a walking stick and I can't really tell from the pictures I've found online how you get into the big pool, just the smaller pool. Does anyone know if they have anything that can help me? Thank you :)","Prospective swimmers with disabilities are seeking information regarding the accessibility of local pool facilities, specifically focusing on the availability of hoists, handrails, and suitable steps to accommodate mobility and weight requirements."
3440674592769173,3440518169451482,2026-08-10T08:18:24+00:00,2026-08-10,Local Government,Accessibility Services,Active Living has accessibility features,Bloxwich Chit Chat,4,3,1,0,0,0,0,https://www.facebook.com/groups/2369573043212672/posts/3440518169451482?comment_id=3440674592769173,They have a walk in staircase and handrail but also have a hoist x,Provides reassuring information that Active Living's main pool has multiple accessibility features including a walk-in staircase with handrail and a hoist to assist disabled swimmers with pool entry and exit. Directly addresses the original poster's concerns about safely accessing the larger pool.,"Is there anyone who uses Active Living? Im disabled and would love to be able to start swimming again to help build strength but so scared of getting into and out of the pool. I'm okay with normal stairs when I use a walking stick and I can't really tell from the pictures I've found online how you get into the big pool, just the smaller pool. Does anyone know if they have anything that can help me? Thank you :)","Prospective swimmers with disabilities are seeking information regarding the accessibility of local pool facilities, specifically focusing on the availability of hoists, handrails, and suitable steps to accommodate mobility and weight requirements."
3440679026102063,3440518169451482,2026-08-10T08:25:12+00:00,2026-08-10,Local Government,Accessibility Services,Active Living has accessibility features,Bloxwich Chit Chat,0,0,0,0,0,0,0,https://www.facebook.com/groups/2369573043212672/posts/3440518169451482?comment_id=3440679026102063,There's a chair for disabled people. That can lift you in and out of the pool,Provides a direct answer to the original poster's accessibility concerns by informing them that Active Living has a chair lift device specifically designed to assist disabled people in entering and exiting the pool. This addresses the poster's main worry about pool access.,"Is there anyone who uses Active Living? Im disabled and would love to be able to start swimming again to help build strength but so scared of getting into and out of the pool. I'm okay with normal stairs when I use a walking stick and I can't really tell from the pictures I've found online how you get into the big pool, just the smaller pool. Does anyone know if they have anything that can help me? Thank you :)","Prospective swimmers with disabilities are seeking information regarding the accessibility of local pool facilities, specifically focusing on the availability of hoists, handrails, and suitable steps to accommodate mobility and weight requirements."
3440684126101553,3440518169451482,2026-08-10T08:32:25+00:00,2026-08-10,Local Government,Accessibility Services,,Bloxwich Chit Chat,1,1,0,0,0,0,0,https://www.facebook.com/groups/2369573043212672/posts/3440518169451482?comment_id=3440684126101553,Thank you for asking this I am similar to you and was wondering the same.,Expresses gratitude for the original post and indicates shared concern about pool accessibility for disabled swimmers. Implies the commenter has similar mobility challenges and was seeking the same information about accessible facilities.,"Is there anyone who uses Active Living? Im disabled and would love to be able to start swimming again to help build strength but so scared of getting into and out of the pool. I'm okay with normal stairs when I use a walking stick and I can't really tell from the pictures I've found online how you get into the big pool, just the smaller pool. Does anyone know if they have anything that can help me? Thank you :)","Prospective swimmers with disabilities are seeking information regarding the accessibility of local pool facilities, specifically focusing on the availability of hoists, handrails, and suitable steps to accommodate mobility and weight requirements."
3440699262766706,3440518169451482,2026-08-10T08:52:54+00:00,2026-08-10,Local Government,Accessibility Services,Active Living has accessibility features,Bloxwich Chit Chat,1,1,0,0,0,0,0,https://www.facebook.com/groups/2369573043212672/posts/3440518169451482?comment_id=3440699262766706,They have a chair to lower and get you out of the baths main pool,Informs that Active Living has a chair mechanism available to assist disabled users with lowering into and exiting the main pool. This directly addresses the original poster's concern about accessibility for pool entry and exit.,"Is there anyone who uses Active Living? Im disabled and would love to be able to start swimming again to help build strength but so scared of getting into and out of the pool. I'm okay with normal stairs when I use a walking stick and I can't really tell from the pictures I've found online how you get into the big pool, just the smaller pool. Does anyone know if they have anything that can help me? Thank you :)","Prospective swimmers with disabilities are seeking information regarding the accessibility of local pool facilities, specifically focusing on the availability of hoists, handrails, and suitable steps to accommodate mobility and weight requirements."
3440717956098170,3440518169451482,2026-08-10T09:20:26+00:00,2026-08-10,Local Government,Accessibility Services,Contact facility directly for information,Bloxwich Chit Chat,1,1,0,0,0,0,0,https://www.facebook.com/groups/2369573043212672/posts/3440518169451482?comment_id=3440717956098170,Go for a visit first and ask to see facilities. That would put your mind at rest,Suggests that the poster visit Active Living in person and request to tour the facilities as a practical way to assess accessibility features and address their concerns about pool access. Implies that firsthand observation would be more reliable than online research for evaluating whether the venue meets their specific accessibility needs.,"Is there anyone who uses Active Living? Im disabled and would love to be able to start swimming again to help build strength but so scared of getting into and out of the pool. I'm okay with normal stairs when I use a walking stick and I can't really tell from the pictures I've found online how you get into the big pool, just the smaller pool. Does anyone know if they have anything that can help me? Thank you :)","Prospective swimmers with disabilities are seeking information regarding the accessibility of local pool facilities, specifically focusing on the availability of hoists, handrails, and suitable steps to accommodate mobility and weight requirements."
3440740042762628,3440518169451482,2026-08-10T09:52:36+00:00,2026-08-10,Local Government,Accessibility Services,Contact facility directly for information,Bloxwich Chit Chat,0,0,0,0,0,0,0,https://www.facebook.com/groups/2369573043212672/posts/3440518169451482?comment_id=3440740042762628,Call the centre and ask,Suggests that the poster contact Active Living directly by phone to inquire about pool accessibility features and accommodations for disabled swimmers. This is practical advice recommending direct communication with the facility rather than relying on online research or community feedback.,"Is there anyone who uses Active Living? Im disabled and would love to be able to start swimming again to help build strength but so scared of getting into and out of the pool. I'm okay with normal stairs when I use a walking stick and I can't really tell from the pictures I've found online how you get into the big pool, just the smaller pool. Does anyone know if they have anything that can help me? Thank you :)","Prospective swimmers with disabilities are seeking information regarding the accessibility of local pool facilities, specifically focusing on the availability of hoists, handrails, and suitable steps to accommodate mobility and weight requirements."
3440770159426283,3440518169451482,2026-08-10T10:32:59+00:00,2026-08-10,Local Government,Accessibility Services,Recommends alternative accessible facilities,Bloxwich Chit Chat,0,0,0,0,0,0,0,https://www.facebook.com/groups/2369573043212672/posts/3440518169451482?comment_id=3440770159426283,Definitely the Brine...its comfortably warm too.,"Recommends the Brine pool as a suitable option for the original poster, noting that it maintains a comfortably warm temperature. The comment appears to be answering the poster's question about accessible swimming facilities at Active Living, though it lacks specific details about accessibility features like hoists or entry methods.","Is there anyone who uses Active Living? Im disabled and would love to be able to start swimming again to help build strength but so scared of getting into and out of the pool. I'm okay with normal stairs when I use a walking stick and I can't really tell from the pictures I've found online how you get into the big pool, just the smaller pool. Does anyone know if they have anything that can help me? Thank you :)","Prospective swimmers with disabilities are seeking information regarding the accessibility of local pool facilities, specifically focusing on the availability of hoists, handrails, and suitable steps to accommodate mobility and weight requirements."
3440787026091263,3440518169451482,2026-08-10T10:55:58+00:00,2026-08-10,Local Government,Accessibility Services,Equipment weight limitations acknowledged,Bloxwich Chit Chat,1,1,0,0,0,0,0,https://www.facebook.com/groups/2369573043212672/posts/3440518169451482?comment_id=3440787026091263,Thank you all for the responses! I should have mentioned that im extremely over weight and im probably exceeding the weight of the hoist. Im in the process of losing weight but still a long way to go yet. I can handle stairs when I have two bars either side or a walking stick/bar but obviously a walking stick in a pool is a no go 😂 slipping and sliding all over the place. What is the Brine? Is it a salt water pool? Bit of a strange name! Lol,"Clarifies that weight limitations prevent use of the facility's hoist and explains mobility challenges specific to pool environments, while also questioning the meaning of ""Brine"" in relation to the facility's pools. Expresses appreciation for previous responses and uses humor to discuss personal health challenges.","Is there anyone who uses Active Living? Im disabled and would love to be able to start swimming again to help build strength but so scared of getting into and out of the pool. I'm okay with normal stairs when I use a walking stick and I can't really tell from the pictures I've found online how you get into the big pool, just the smaller pool. Does anyone know if they have anything that can help me? Thank you :)","Prospective swimmers with disabilities are seeking information regarding the accessibility of local pool facilities, specifically focusing on the availability of hoists, handrails, and suitable steps to accommodate mobility and weight requirements."
2233836900491571,2229956717546256,2026-08-10T16:10:09+00:00,2026-08-10,Local Government,Policy Enforcement,Former councillor credibility attacks,Bloxwich Community Group,0,0,0,0,0,0,0,https://www.facebook.com/groups/846204072588201/posts/2229956717546256?comment_id=2233836900491571,"Maybe have a word with yourself, park street was like this when you were a councillor, you didn’t change it either!","Criticizes the post author (Pete Smith, a former councillor) for hypocrisy, suggesting he failed to enforce the same shop display policy during his own time as a councillor when Park Street had similar issues. Implies the author lacks credibility to demand council action on a problem he previously ignored.","IS WALSALL COUNCIL ENFORCING ITS OWN POLICY ON SHOP DISPLAYS? ..IF NOT, WHY NOT? IF IT'S NOW DEEMED INAPPROPRIATE, THEN CHANGE IT! I have checked back through the records and it seems that the Council adopted a policy in 2009 ""Criteria for shop displays and advertisements on the highway"" (key extracts below). This policy was passed by the Licensing Committee on 9/10/2009 and agreed by full Council on 9/11/2009. (on public record if anyone wishes to check) Unless this policy has been superseded by a subsequent new/change of policy, then this policy should still prevail...... so my point is: If this policy is still in place, either enforce it or change/scrap the policy completely. *In law a highway is any way over which the public has a right to pass and repass, as of right, without hindrance EXTRACTS FROM COUNCIL POLICY “CRITERIA FOR SHOP DISPLAYS AND ADVERTISEMENTS ON THE HIGHWAY”, PASSED BY WALSALL COUNCIL LICENSING COMMITTEE ON 9/10/2009 AND AGREED BY FULL COUNCIL ON 9/11 2009. • All displays must be stable safe and not present any danger to the public and must not extend further than 0.5 metres from the shop frontage (unless the Highway Authority grants an exception) and must not be more than 1 metre high. Additionally, in all cases, at least 1.8 metres of clear pedestrian passageway is to be maintained. • Any trade display must consist of goods and materials which are not liable to be moved by external forces, such as the effects of the wind or from being lightly knocked. • Trade displays must not be erected before 7.00am and must be removed by 8.00pm. (unless there are traffic regulation orders in place which specify alternative times). • In all cases, displays are the sole responsibility of the individual business and the Council insists that third party public liability insurance be taken out to a minimum indemnity of £5,000,000. • In no cases must displays lead to excavations or damage of any kind to be made to the highway. • In no circumstances should any trade display interfere with required vision lines for traffic and / or pedestrians. • Goods on the highway are for display purposes only and items must not be sold from the highway. -------------------------------------------------------------------------- It is accepted that there are differences of opinion on this subject and this is to be respected.... that's a healthy part of a democratic process that should be welcomed by all. There is nothing unreasonable about asking our Council to clarify it's own policy, surely? Pete Smith. former Councillor, Blakenall ward.","The discussion centres on a former councillor's demand for the enforcement or revision of Walsall Council’s 2009 shop display policy, contrasted with public criticism regarding the relevance of such regulations amidst broader economic and safety concerns."
3441116136058352,3440518169451482,2026-08-10T17:36:23+00:00,2026-08-10,Local Government,Accessibility Services,Recommends alternative accessible facilities,Bloxwich Chit Chat,0,0,0,0,0,0,0,https://www.facebook.com/groups/2369573043212672/posts/3440518169451482?comment_id=3441116136058352,"You might like the Brine baths at The Gala baths Walsall. There's shallow steps with handrails you can walk down, or even a hoist. The brine baths is a very welcoming, as most people who use it have health or mobility issues. They also offer aquatherapy sessions with an individual exercise programme. You have to book the assessment session but after that you can just turn up. And it's all done in warm salty water - bliss 😊","Recommends the Brine baths at The Gala in Walsall as an accessible swimming alternative, highlighting its shallow steps with handrails, hoist availability, welcoming atmosphere for people with health/mobility issues, and aquatherapy programs with personalized exercise routines in warm salty water.","Is there anyone who uses Active Living? Im disabled and would love to be able to start swimming again to help build strength but so scared of getting into and out of the pool. I'm okay with normal stairs when I use a walking stick and I can't really tell from the pictures I've found online how you get into the big pool, just the smaller pool. Does anyone know if they have anything that can help me? Thank you :)","Prospective swimmers with disabilities are seeking information regarding the accessibility of local pool facilities, specifically focusing on the availability of hoists, handrails, and suitable steps to accommodate mobility and weight requirements."
3441142809389018,3440518169451482,2026-08-10T18:10:55+00:00,2026-08-10,Local Government,Accessibility Services,Detailed facility accessibility descriptions,Bloxwich Chit Chat,0,0,0,0,0,0,0,https://www.facebook.com/groups/2369573043212672/posts/3440518169451482?comment_id=3441142809389018,"I take a wheelchair client to Walsall Brine. He goes down into the pool on a bed, but they can hoist you in a chair, if you are capable of sitting on your own. Or they have a metal, wide, staircase with handles both sides, if you can manage 5 or 6 stairs. The water is quite warm, actually as warm as a jacuzzi! And all shapes and sizes go, so no need to feel self conscious. My Client floats with his head resting on my shoulder. They have a changing room, with an extra wide changing bed, portable hoist, separate toilet within the room. A shower with chair, or a bed. PM me if you want any other info, or want to tag along with us. 😉","Provides detailed firsthand information about accessibility features at Walsall Brine pool, including multiple entry options (bed, chair hoist, wide stairs with handrails), warm water temperature, inclusive atmosphere, and accessible changing facilities. Offers personal assistance and further information to help the original poster determine if the facility meets their needs.","Is there anyone who uses Active Living? Im disabled and would love to be able to start swimming again to help build strength but so scared of getting into and out of the pool. I'm okay with normal stairs when I use a walking stick and I can't really tell from the pictures I've found online how you get into the big pool, just the smaller pool. Does anyone know if they have anything that can help me? Thank you :)","Prospective swimmers with disabilities are seeking information regarding the accessibility of local pool facilities, specifically focusing on the availability of hoists, handrails, and suitable steps to accommodate mobility and weight requirements."
3441243952712237,3440518169451482,2026-08-10T20:13:54+00:00,2026-08-10,Local Government,Accessibility Services,Recommends alternative accessible facilities,Bloxwich Chit Chat,0,0,0,0,0,0,0,https://www.facebook.com/groups/2369573043212672/posts/3440518169451482?comment_id=3441243952712237,The brine baths is warmer.,Suggests that the brine baths facility is warmer than Active Living pool. Likely implies this as an alternative recommendation for the original poster seeking accessible swimming options.,"Is there anyone who uses Active Living? Im disabled and would love to be able to start swimming again to help build strength but so scared of getting into and out of the pool. I'm okay with normal stairs when I use a walking stick and I can't really tell from the pictures I've found online how you get into the big pool, just the smaller pool. Does anyone know if they have anything that can help me? Thank you :)","Prospective swimmers with disabilities are seeking information regarding the accessibility of local pool facilities, specifically focusing on the availability of hoists, handrails, and suitable steps to accommodate mobility and weight requirements."
3441264716043494,3440518169451482,2026-08-10T20:39:53+00:00,2026-08-10,Local Government,Accessibility Services,Offers personal assistance or companionship,Bloxwich Chit Chat,0,0,0,0,0,0,0,https://www.facebook.com/groups/2369573043212672/posts/3440518169451482?comment_id=3441264716043494,I use active living. When do you want to go?,"States that they use Active Living and asks when the original poster would like to go, likely offering to accompany them to the facility. The commenter appears to be responding positively to help address the original poster's concerns about pool accessibility.","Is there anyone who uses Active Living? Im disabled and would love to be able to start swimming again to help build strength but so scared of getting into and out of the pool. I'm okay with normal stairs when I use a walking stick and I can't really tell from the pictures I've found online how you get into the big pool, just the smaller pool. Does anyone know if they have anything that can help me? Thank you :)","Prospective swimmers with disabilities are seeking information regarding the accessibility of local pool facilities, specifically focusing on the availability of hoists, handrails, and suitable steps to accommodate mobility and weight requirements."
3441266406043325,3440518169451482,2026-08-10T20:42:23+00:00,2026-08-10,Local Government,Accessibility Services,,Bloxwich Chit Chat,0,0,0,0,0,0,0,https://www.facebook.com/groups/2369573043212672/posts/3440518169451482?comment_id=3441266406043325,Samantha Barryive messaged you x,"Appears to be a notification or system message indicating that Samantha Barry (the post author) has sent a private message, rather than a substantive comment responding to the pool accessibility question.","Is there anyone who uses Active Living? Im disabled and would love to be able to start swimming again to help build strength but so scared of getting into and out of the pool. I'm okay with normal stairs when I use a walking stick and I can't really tell from the pictures I've found online how you get into the big pool, just the smaller pool. Does anyone know if they have anything that can help me? Thank you :)","Prospective swimmers with disabilities are seeking information regarding the accessibility of local pool facilities, specifically focusing on the availability of hoists, handrails, and suitable steps to accommodate mobility and weight requirements."
