date,category,issue,opinion,group,issue_description,opinion_description,num_comments,num_reactions,reactions_like,reactions_love,reactions_haha,reactions_wow,reactions_sad,reactions_angry
2026-07-28,Environmental,Construction Noise,,Mossley GB,"Reports of loud sounds, machinery noise, or disruptive audio from building work, development projects, or industrial activities affecting residential areas",,1,0,0,0,0,0,0,0
2026-07-28,Environmental,Construction Noise,Construction noise source identification,Mossley GB,"Reports of loud sounds, machinery noise, or disruptive audio from building work, development projects, or industrial activities affecting residential areas",Comments that identify or confirm the specific source of construction or industrial noise being discussed,1,1,1,0,0,0,0,0
2026-07-28,Environmental,Construction Noise,Development destroying town character,Mossley GB,"Reports of loud sounds, machinery noise, or disruptive audio from building work, development projects, or industrial activities affecting residential areas",Criticism that construction projects are ruining the aesthetic or cultural identity of the area,1,7,7,0,0,0,0,0
2026-07-28,Environmental,Construction Noise,Humorous dismissal of noise complaints,Mossley GB,"Reports of loud sounds, machinery noise, or disruptive audio from building work, development projects, or industrial activities affecting residential areas",Comments that use humor or jokes to minimize or mock concerns about loud noises,2,6,1,0,5,0,0,0
2026-07-28,Environmental,Construction Noise,Political blame for development decisions,Mossley GB,"Reports of loud sounds, machinery noise, or disruptive audio from building work, development projects, or industrial activities affecting residential areas",Attribution of construction problems to specific political parties or officials,1,2,2,0,0,0,0,0
2026-07-28,Environmental,Construction Noise,Relief at shared noise experience,Mossley GB,"Reports of loud sounds, machinery noise, or disruptive audio from building work, development projects, or industrial activities affecting residential areas",Expressions of comfort or validation that others are experiencing the same noise,2,1,1,0,0,0,0,0
2026-07-28,Environmental,Construction Noise,Sleep disruption from construction,Mossley GB,"Reports of loud sounds, machinery noise, or disruptive audio from building work, development projects, or industrial activities affecting residential areas",Complaints about construction noise specifically interfering with sleep or rest,1,3,1,0,0,0,0,0
2026-07-29,Businesses,Business Closures Safety,Antisocial behavior condemnation,"Beechdale, Birchills, Leamore and Reedswood.","Commercial establishments shutting down due to safety concerns, staff wellbeing, or security threats rather than financial reasons",Expressing disapproval or contempt for those responsible for creating the unsafe conditions that led to closure,1,2,2,0,0,0,0,0
2026-07-29,Businesses,Business Closures Safety,Personal loss and sadness,"Beechdale, Birchills, Leamore and Reedswood.","Commercial establishments shutting down due to safety concerns, staff wellbeing, or security threats rather than financial reasons","Expressing personal disappointment, sadness, or sense of loss about the closure from a customer perspective",2,4,2,2,0,0,0,0
2026-07-29,Businesses,Business Closures Safety,Practical service concerns,"Beechdale, Birchills, Leamore and Reedswood.","Commercial establishments shutting down due to safety concerns, staff wellbeing, or security threats rather than financial reasons","Asking questions about ongoing services, operations, or practical implications of the immediate closure",2,2,1,1,0,0,0,0
2026-07-29,Businesses,Business Closures Safety,Staff safety priority validation,"Beechdale, Birchills, Leamore and Reedswood.","Commercial establishments shutting down due to safety concerns, staff wellbeing, or security threats rather than financial reasons",Affirming that worker safety should take precedence over business operations and that no one should work in fear,1,2,1,1,0,0,0,0
2026-07-29,Businesses,Business Closures Safety,Support for closure decision,"Beechdale, Birchills, Leamore and Reedswood.","Commercial establishments shutting down due to safety concerns, staff wellbeing, or security threats rather than financial reasons","Expressing understanding, sympathy, or agreement with the establishment's decision to close for safety reasons",1,2,2,0,0,0,0,0
2026-07-29,Crime,Business Closure Safety,,Beechdale Community Partnership,"Commercial establishments closing operations due to safety concerns for staff or customers, typically citing threats, harassment, or dangerous conditions that make continued operation untenable.",,3,3,1,0,0,2,0,0
2026-07-29,Crime,Business Closure Safety,Area deterioration and decline,Beechdale Community Partnership,"Commercial establishments closing operations due to safety concerns for staff or customers, typically citing threats, harassment, or dangerous conditions that make continued operation untenable.",Comments on broader neighborhood decline or worsening conditions beyond the specific incident,1,6,6,0,0,0,0,0
2026-07-29,Crime,Business Closure Safety,Closure was inevitable outcome,Beechdale Community Partnership,"Commercial establishments closing operations due to safety concerns for staff or customers, typically citing threats, harassment, or dangerous conditions that make continued operation untenable.",Views the closure as predictable or unavoidable given ongoing problems in the area,1,1,1,0,0,0,0,0
2026-07-29,Crime,Business Closure Safety,Practical concerns about service disruption,Beechdale Community Partnership,"Commercial establishments closing operations due to safety concerns for staff or customers, typically citing threats, harassment, or dangerous conditions that make continued operation untenable.","Focuses on logistical problems caused by sudden closure, such as uncollected parcels or service access",2,2,2,0,0,0,0,0
2026-07-29,Crime,Business Closure Safety,Staff safety priority validates closure,Beechdale Community Partnership,"Commercial establishments closing operations due to safety concerns for staff or customers, typically citing threats, harassment, or dangerous conditions that make continued operation untenable.","Expresses that prioritizing staff safety justifies the closure decision, even if regrettable",1,2,2,0,0,0,0,0
2026-07-29,Crime,Business Closure Safety,Sympathy for affected staff,Beechdale Community Partnership,"Commercial establishments closing operations due to safety concerns for staff or customers, typically citing threats, harassment, or dangerous conditions that make continued operation untenable.","Expresses concern, well-wishes, or appreciation specifically for the employees impacted by closure",2,4,4,0,0,0,0,0
2026-07-29,Crime,Business Closure Safety,Youth antisocial behavior blamed,Beechdale Community Partnership,"Commercial establishments closing operations due to safety concerns for staff or customers, typically citing threats, harassment, or dangerous conditions that make continued operation untenable.",Attributes the closure specifically to problematic behavior by young people or 'kids',1,5,5,0,0,0,0,0
2026-07-29,Cultural issues,Cemetery Access Rules,Credibility attacks on questioners,Walsall Asian Community News & Views,"Discussions about regulations, restrictions, or permissions regarding who can visit, photograph, or access cemeteries, including conflicts between religious customs and legal rights in public burial grounds.",Responses that challenge the legitimacy or standing of people asking about cemetery rules rather than addressing the substantive issues,1,10,6,0,4,0,0,0
2026-07-29,Cultural issues,Cemetery Access Rules,Islamic rules permit women's cemetery visits,Walsall Asian Community News & Views,"Discussions about regulations, restrictions, or permissions regarding who can visit, photograph, or access cemeteries, including conflicts between religious customs and legal rights in public burial grounds.","Argument that proper Islamic interpretation allows women in cemeteries, with restrictions only during burial ceremonies for practical reasons",1,6,5,1,0,0,0,0
2026-07-29,Cultural issues,Cemetery Access Rules,Religious restrictions are incorrect innovations,Walsall Asian Community News & Views,"Discussions about regulations, restrictions, or permissions regarding who can visit, photograph, or access cemeteries, including conflicts between religious customs and legal rights in public burial grounds.",Position that gender-based cemetery restrictions represent religious bid'ah (innovation) contradicting authentic Islamic sources,1,1,1,0,0,0,0,0
2026-07-29,Cultural issues,Cemetery Access Rules,UK law supersedes religious restrictions,Walsall Asian Community News & Views,"Discussions about regulations, restrictions, or permissions regarding who can visit, photograph, or access cemeteries, including conflicts between religious customs and legal rights in public burial grounds.","Position that secular UK law guarantees equal cemetery access regardless of gender, making religious restrictions legally unenforceable",3,1,1,0,0,0,0,0
2026-07-30,Businesses,Business Closures Safety,Staff safety priority validation,"Beechdale, Birchills, Leamore and Reedswood.","Commercial establishments shutting down due to safety concerns, staff wellbeing, or security threats rather than financial reasons",Affirming that worker safety should take precedence over business operations and that no one should work in fear,1,1,1,0,0,0,0,0
2026-07-30,Crime,Business Closure Safety,Condemns perpetrators of problems,Beechdale Community Partnership,"Commercial establishments closing operations due to safety concerns for staff or customers, typically citing threats, harassment, or dangerous conditions that make continued operation untenable.",Directly criticizes or uses harsh language against those responsible for the antisocial behavior,1,1,1,0,0,0,0,0
2026-07-30,Crime,Business Closure Safety,Humor about area safety issues,Beechdale Community Partnership,"Commercial establishments closing operations due to safety concerns for staff or customers, typically citing threats, harassment, or dangerous conditions that make continued operation untenable.","Uses sarcasm, jokes, or dark humor to comment on the severity of local safety problems",1,2,0,0,2,0,0,0
2026-07-30,Cultural issues,Cemetery Access Rules,UK law supersedes religious restrictions,Walsall Asian Community News & Views,"Discussions about regulations, restrictions, or permissions regarding who can visit, photograph, or access cemeteries, including conflicts between religious customs and legal rights in public burial grounds.","Position that secular UK law guarantees equal cemetery access regardless of gender, making religious restrictions legally unenforceable",1,0,0,0,0,0,0,0
2026-07-30,Local Government,Councillor Communication,Broken promises on development,Beechdale Community Partnership,"Posts about councillors sharing contact information, announcing drop-in sessions, creating communication channels, or establishing ways for residents to connect with their elected representatives.",Claims that councillors have failed to honor specific commitments about preventing or allowing development projects,1,1,1,0,0,0,0,0
2026-07-30,Local Government,Councillor Communication,Councillors failing on anti-social behaviour,Beechdale Community Partnership,"Posts about councillors sharing contact information, announcing drop-in sessions, creating communication channels, or establishing ways for residents to connect with their elected representatives.","Criticism that councillors are ineffective at addressing local crime, disorder, and anti-social behavior problems",3,3,3,0,0,0,0,0
2026-07-30,Local Government,Councillor Communication,Decline of local services and amenities,Beechdale Community Partnership,"Posts about councillors sharing contact information, announcing drop-in sessions, creating communication channels, or establishing ways for residents to connect with their elected representatives.","Concerns about the closure or deterioration of essential local services like post offices, shops, and community facilities",1,0,0,0,0,0,0,0
2026-07-30,Local Government,Councillor Communication,Politically motivated planning decisions,Beechdale Community Partnership,"Posts about councillors sharing contact information, announcing drop-in sessions, creating communication channels, or establishing ways for residents to connect with their elected representatives.",Accusations that councillors make planning and development decisions based on political bias rather than merit,1,5,5,0,0,0,0,0
2026-07-30,Local Government,Councillor Communication,Support for centralized councillor information,Beechdale Community Partnership,"Posts about councillors sharing contact information, announcing drop-in sessions, creating communication channels, or establishing ways for residents to connect with their elected representatives.",Positive views on initiatives to create centralized pages or systems for tracking councillor contact details and availability,2,1,1,0,0,0,0,0
2026-07-31,Crime,Business Closure Safety,,Beechdale Community Partnership,"Commercial establishments closing operations due to safety concerns for staff or customers, typically citing threats, harassment, or dangerous conditions that make continued operation untenable.",,1,0,0,0,0,0,0,0
2026-07-31,Economy,Post Office Closure,Community should lobby for reopening,Beechdale Community Partnership,"Posts about Post Office branches that are closed, shuttered, or temporarily unavailable for service, including discussions about their operational status and community impact.",Advocating that residents should actively petition or pressure authorities to restore Post Office services,1,0,0,0,0,0,0,0
2026-07-31,Economy,Post Office Closure,Humorous personal commentary on individuals,Beechdale Community Partnership,"Posts about Post Office branches that are closed, shuttered, or temporarily unavailable for service, including discussions about their operational status and community impact.",Making light-hearted jokes or observations about specific people in Post Office closure contexts,2,3,2,0,0,0,0,0
2026-07-31,Local Government,Election Results Impact,Former councillor is sore loser,Bloxwich Community Group,"Posts discussing the aftermath and consequences of recent election outcomes, including changes in representation, new councillors taking office, or former councillors explaining their changed status and limitations.","Accusations that defeated councillors are bitter, unable to accept electoral defeat, or constantly complaining about their loss",2,9,7,0,2,0,0,0
2026-07-31,Local Government,Election Results Impact,Previous councillors failed to deliver,Bloxwich Community Group,"Posts discussing the aftermath and consequences of recent election outcomes, including changes in representation, new councillors taking office, or former councillors explaining their changed status and limitations.",Arguments that former councillors or previous administrations were ineffective and failed to fulfill their promises to constituents,1,0,0,0,0,0,0,0
2026-07-31,Local Government,Election Results Impact,Reform councillors are effective performers,Bloxwich Community Group,"Posts discussing the aftermath and consequences of recent election outcomes, including changes in representation, new councillors taking office, or former councillors explaining their changed status and limitations.",Claims that newly elected Reform councillors have accomplished more or performed better than their predecessors in a short time,1,5,5,0,0,0,0,0
2026-07-31,Local Government,Election Results Impact,Voters chose populism over local issues,Bloxwich Community Group,"Posts discussing the aftermath and consequences of recent election outcomes, including changes in representation, new councillors taking office, or former councillors explaining their changed status and limitations.",Concern that voters elected candidates based on national populist messaging rather than genuine local representation or community knowledge,1,2,2,0,0,0,0,0
2026-07-31,Local Government,Public Space Maintenance,Community volunteer maintenance efforts,Mossley GB,"Issues related to the upkeep, cleaning, mowing, and general maintenance of public areas including parks, grass verges, and community spaces managed by the council or other authorities.",Recognition or discussion of local volunteer groups contributing to the upkeep and improvement of public spaces,1,0,0,0,0,0,0,0
2026-07-31,Local Government,Public Space Maintenance,Political opportunism in maintenance announcements,Mossley GB,"Issues related to the upkeep, cleaning, mowing, and general maintenance of public areas including parks, grass verges, and community spaces managed by the council or other authorities.",Skepticism about politicians using public space achievements or maintenance issues for personal publicity rather than genuine community interest,1,0,0,0,0,0,0,0
2026-08-01,Cultural issues,Religious Gender Norms,Public expression prohibition for non-conforming Muslims,Walsall Asian Community News & Views,"Content promoting or discussing traditional religious interpretations of gender roles, behavior expectations, or restrictions based on religious doctrine, particularly regarding public expression of identity.",Arguing that Muslims with non-heteronormative feelings must keep them private and avoid public expression or social media presence,1,0,0,0,0,0,0,0
2026-08-01,Environmental,Construction Noise,Seeking confirmation of recurring noise,Mossley GB,"Reports of loud sounds, machinery noise, or disruptive audio from building work, development projects, or industrial activities affecting residential areas",Questions asking if others have experienced similar noises on previous occasions,1,0,0,0,0,0,0,0
2026-08-01,Local Government,Councillor Communication,Skepticism about political presentation,Beechdale Community Partnership,"Posts about councillors sharing contact information, announcing drop-in sessions, creating communication channels, or establishing ways for residents to connect with their elected representatives.",Questioning the authenticity or staging of political promotional materials and public engagement efforts,1,0,0,0,0,0,0,0
2026-08-01,Local Government,Election Results Impact,Questioning political authenticity or hidden agenda,Bloxwich Community Group,"Posts discussing the aftermath and consequences of recent election outcomes, including changes in representation, new councillors taking office, or former councillors explaining their changed status and limitations.",Skepticism about a politician's claimed independence or suggestions they have undisclosed party affiliations or ideological motivations,1,0,0,0,0,0,0,0
2026-08-03,Benefits,Emergency Food Aid,Suspicious account indicators suggest scam,Walsall Asian Community News & Views,"Requests for immediate food assistance or donations due to urgent circumstances such as housing transitions, financial hardship, or temporary lack of resources. Includes both requests for help and offers of food support.","Questioning the legitimacy of food assistance requests based on account creation timing, profile details, or other technical indicators that suggest fraudulent activity",1,5,5,0,0,0,0,0
2026-08-03,Housing,Rental Discrimination,Asserting UC exclusion violates discrimination law,Walsall Asian Community News & Views,"Instances of landlords or letting agents discriminating against potential tenants based on benefit status, employment type, or other protected characteristics in rental advertisements or application processes.",Stating that excluding Universal Credit recipients from rental properties is illegal under housing discrimination laws,1,1,1,0,0,0,0,0
2026-08-03,Housing,Rental Discrimination,Expressing interest in rental property,Walsall Asian Community News & Views,"Instances of landlords or letting agents discriminating against potential tenants based on benefit status, employment type, or other protected characteristics in rental advertisements or application processes.",Showing genuine interest in renting the advertised property despite any discriminatory policies mentioned,2,0,0,0,0,0,0,0
2026-08-03,Housing,Rental Discrimination,Questioning advertiser legitimacy and anonymity,Walsall Asian Community News & Views,"Instances of landlords or letting agents discriminating against potential tenants based on benefit status, employment type, or other protected characteristics in rental advertisements or application processes.",Challenging the credibility or authenticity of rental advertisers who remain anonymous or don't provide proper identification,1,0,0,0,0,0,0,0
2026-08-03,Local Government,Councillor Communication,Seeking practical councillor access information,Beechdale Community Partnership,"Posts about councillors sharing contact information, announcing drop-in sessions, creating communication channels, or establishing ways for residents to connect with their elected representatives.","Requests for specific details about councillor availability, surgery times, or contact procedures",1,0,0,0,0,0,0,0
2026-08-04,Benefits,Emergency Food Aid,Expanding support beyond food needs,Walsall Asian Community News & Views,"Requests for immediate food assistance or donations due to urgent circumstances such as housing transitions, financial hardship, or temporary lack of resources. Includes both requests for help and offers of food support.","Offering or suggesting assistance with household items, furniture, or other material needs in addition to or instead of food assistance",1,2,1,1,0,0,0,0
2026-08-04,Crime,Vehicle Theft,Anger toward thieves,Walsall Asian Community News & Views,"Theft of motor vehicles including cars, vans, motorcycles, scooters, and bicycles. Covers incidents where vehicles have been stolen from driveways, streets, or other locations, including appeals for information and sightings.","Comments expressing strong negative emotions, condemnation, or derogatory language directed at vehicle thieves",1,1,1,0,0,0,0,0
2026-08-04,Crime,Vehicle Theft,Community sharing and amplification,Walsall Asian Community News & Views,"Theft of motor vehicles including cars, vans, motorcycles, scooters, and bicycles. Covers incidents where vehicles have been stolen from driveways, streets, or other locations, including appeals for information and sightings.","Comments that share or amplify theft appeals to increase visibility and reach within social networks, often with minimal additional commentary",1,1,1,0,0,0,0,0
2026-08-04,Cultural issues,Cemetery Access Rules,,Walsall Asian Community News & Views,"Discussions about regulations, restrictions, or permissions regarding who can visit, photograph, or access cemeteries, including conflicts between religious customs and legal rights in public burial grounds.",,1,1,1,0,0,0,0,0
2026-08-04,Cultural issues,Cemetery Access Rules,Credibility attacks on questioners,Walsall Asian Community News & Views,"Discussions about regulations, restrictions, or permissions regarding who can visit, photograph, or access cemeteries, including conflicts between religious customs and legal rights in public burial grounds.",Responses that challenge the legitimacy or standing of people asking about cemetery rules rather than addressing the substantive issues,1,0,0,0,0,0,0,0
2026-08-04,Cultural issues,Cemetery Access Rules,Photography rights trump religious sensitivities,Walsall Asian Community News & Views,"Discussions about regulations, restrictions, or permissions regarding who can visit, photograph, or access cemeteries, including conflicts between religious customs and legal rights in public burial grounds.",Stance that legal photography rights in public cemeteries should override religious or cultural objections from bereaved families,2,3,3,0,0,0,0,0
2026-08-04,Cultural issues,Cemetery Access Rules,Religious concerns are overreactions,Walsall Asian Community News & Views,"Discussions about regulations, restrictions, or permissions regarding who can visit, photograph, or access cemeteries, including conflicts between religious customs and legal rights in public burial grounds.",Position that religious objections to cemetery activities are excessive responses that should be ignored,1,0,0,0,0,0,0,0
2026-08-04,Cultural issues,Cemetery Access Rules,Respect should guide cemetery behavior,Walsall Asian Community News & Views,"Discussions about regulations, restrictions, or permissions regarding who can visit, photograph, or access cemeteries, including conflicts between religious customs and legal rights in public burial grounds.",View that ethical considerations and respect for bereaved families should take precedence over strict legal rights in cemeteries,1,5,5,0,0,0,0,0
2026-08-04,Environmental,Protected Species Sightings,Red list species confirmation,Mossley GB,"Observations and documentation of rare, endangered, or protected wildlife species in the area, particularly those on conservation red lists or requiring special protection",Comments that confirm or affirm a species' status on conservation red lists or endangered species classifications,1,2,1,0,0,1,0,0
2026-08-04,Housing,Rental Discrimination,Expressing interest in rental property,Walsall Asian Community News & Views,"Instances of landlords or letting agents discriminating against potential tenants based on benefit status, employment type, or other protected characteristics in rental advertisements or application processes.",Showing genuine interest in renting the advertised property despite any discriminatory policies mentioned,1,0,0,0,0,0,0,0
2026-08-04,Transport,Bus Route Extensions,Historical transport accessibility challenges,Bloxwich Community Group,"Discussions about extending existing bus routes to serve new areas, housing developments, or previously unserved locations, including announcements of approved extensions and community campaigns for route expansions.","Recalling past difficulties residents faced accessing public transport, including long walks to bus stops while carrying shopping or managing mobility issues",1,0,0,0,0,0,0,0
2026-08-04,Transport,Bus Route Extensions,Inadequate service frequency and capacity concerns,Bloxwich Community Group,"Discussions about extending existing bus routes to serve new areas, housing developments, or previously unserved locations, including announcements of approved extensions and community campaigns for route expansions.",Questioning whether proposed bus extensions provide sufficient frequency or vehicle capacity to meet actual resident demand and needs,1,0,0,0,0,0,0,0
2026-08-04,Transport,Bus Route Extensions,Praise for successful advocacy campaigns,Bloxwich Community Group,"Discussions about extending existing bus routes to serve new areas, housing developments, or previously unserved locations, including announcements of approved extensions and community campaigns for route expansions.",Expressing approval and celebration of political representatives or community leaders who successfully secured bus route extensions through their campaigning efforts,1,0,0,0,0,0,0,0
2026-08-05,Businesses,Street Trading Disputes,,Bloxwich Community Group,"Conflicts and debates over businesses displaying goods or conducting commerce on public sidewalks, pedestrian areas, or other public spaces, including community reactions and enforcement concerns",,8,46,45,0,1,0,0,0
2026-08-05,Businesses,Street Trading Disputes,Accessibility concerns for disabled,Bloxwich Community Group,"Conflicts and debates over businesses displaying goods or conducting commerce on public sidewalks, pedestrian areas, or other public spaces, including community reactions and enforcement concerns","Arguments that pavement displays create barriers or hazards specifically for blind, visually impaired, or mobility-impaired pedestrians",1,26,25,0,1,0,0,0
2026-08-05,Businesses,Street Trading Disputes,Adequate space for pedestrians,Bloxwich Community Group,"Conflicts and debates over businesses displaying goods or conducting commerce on public sidewalks, pedestrian areas, or other public spaces, including community reactions and enforcement concerns",Claims that retail displays leave sufficient room for people to walk around them without significant obstruction or inconvenience,1,34,31,1,0,2,0,0
2026-08-05,Businesses,Street Trading Disputes,Council enforcement failure,Bloxwich Community Group,"Conflicts and debates over businesses displaying goods or conducting commerce on public sidewalks, pedestrian areas, or other public spaces, including community reactions and enforcement concerns","Criticism that local authorities are ineffective, unresponsive, or inconsistent in addressing street scene violations and public complaints",4,18,15,0,3,0,0,0
2026-08-05,Businesses,Street Trading Disputes,Dismisses complaints as trivial,Bloxwich Community Group,"Conflicts and debates over businesses displaying goods or conducting commerce on public sidewalks, pedestrian areas, or other public spaces, including community reactions and enforcement concerns","Views that concerns about pavement displays are petty, overblown, or unworthy of official attention compared to more serious local problems",7,69,69,0,0,0,0,0
2026-08-05,Businesses,Street Trading Disputes,Misplaced priorities argument,Bloxwich Community Group,"Conflicts and debates over businesses displaying goods or conducting commerce on public sidewalks, pedestrian areas, or other public spaces, including community reactions and enforcement concerns","Arguments that authorities should focus on more serious issues like crime, derelict buildings, or major infrastructure rather than retail display enforcement",1,44,43,0,0,0,0,0
2026-08-05,Businesses,Street Trading Disputes,Provides complaint contact information,Bloxwich Community Group,"Conflicts and debates over businesses displaying goods or conducting commerce on public sidewalks, pedestrian areas, or other public spaces, including community reactions and enforcement concerns",Comments that share official contact details for relevant authorities or suggest specific channels for filing complaints about street obstruction issues,1,2,2,0,0,0,0,0
2026-08-05,Businesses,Street Trading Disputes,Supports displays as economic necessity,Bloxwich Community Group,"Conflicts and debates over businesses displaying goods or conducting commerce on public sidewalks, pedestrian areas, or other public spaces, including community reactions and enforcement concerns","Arguments that pavement retail displays should be permitted because they help struggling businesses survive, generate trade, or contribute to local economic vitality",6,145,142,2,1,0,0,0
2026-08-05,Businesses,Street Trading Disputes,Systemic problem across locations,Bloxwich Community Group,"Conflicts and debates over businesses displaying goods or conducting commerce on public sidewalks, pedestrian areas, or other public spaces, including community reactions and enforcement concerns","Recognition that pavement obstruction issues exist at multiple sites or have persisted across different political administrations, indicating widespread rather than isolated problems",4,14,14,0,0,0,0,0
2026-08-05,Crime,Vehicle Theft,Community sharing and amplification,Walsall Asian Community News & Views,"Theft of motor vehicles including cars, vans, motorcycles, scooters, and bicycles. Covers incidents where vehicles have been stolen from driveways, streets, or other locations, including appeals for information and sightings.","Comments that share or amplify theft appeals to increase visibility and reach within social networks, often with minimal additional commentary",1,1,1,0,0,0,0,0
2026-08-05,Education,School Closures,,Dudley's Field's Chat/New's,"Campaigns, discussions, and concerns about closed educational facilities and efforts to reopen or repurpose them for community educational needs",,2,0,0,0,0,0,0,0
2026-08-05,Environmental,Fire Incidents,,Bloxwich Community Group,"Reports and discussions about fires, smoke, or burning in the area that affect visibility, air quality, or pose safety concerns to residents and property",,1,0,0,0,0,0,0,0
2026-08-05,Environmental,Fire Incidents,Expressing concern for resident safety,Bloxwich Community Group,"Reports and discussions about fires, smoke, or burning in the area that affect visibility, air quality, or pose safety concerns to residents and property","Comments showing worry or empathy for people living near fires, focusing on the human impact and wellbeing of those potentially affected by the incident",1,0,0,0,0,0,0,0
2026-08-05,Environmental,Fire Incidents,Reporting traffic disruption from fire smoke,Bloxwich Community Group,"Reports and discussions about fires, smoke, or burning in the area that affect visibility, air quality, or pose safety concerns to residents and property","First-hand accounts of transportation delays, road closures, or driving difficulties specifically caused by fire-related smoke affecting visibility or safety",1,1,1,0,0,0,0,0
2026-08-05,Environmental,Fire Incidents,Seeking fire duration and location confirmation,Bloxwich Community Group,"Reports and discussions about fires, smoke, or burning in the area that affect visibility, air quality, or pose safety concerns to residents and property","Comments requesting verification or clarification about how long a fire has been burning or its exact location, often based on personal observations of smoke or other indicators",1,0,0,0,0,0,0,0
2026-08-05,Transport,Bus Route Extensions,Calls for service quality standardization,Bloxwich Community Group,"Discussions about extending existing bus routes to serve new areas, housing developments, or previously unserved locations, including announcements of approved extensions and community campaigns for route expansions.","Advocating that bus services across an area should match the quality, frequency, or standards of well-performing existing routes",1,0,0,0,0,0,0,0
2026-08-06,Businesses,Street Trading Disputes,,Bloxwich Community Group,"Conflicts and debates over businesses displaying goods or conducting commerce on public sidewalks, pedestrian areas, or other public spaces, including community reactions and enforcement concerns",,10,0,0,0,0,0,0,0
2026-08-06,Businesses,Street Trading Disputes,Accessibility concerns for disabled,Bloxwich Community Group,"Conflicts and debates over businesses displaying goods or conducting commerce on public sidewalks, pedestrian areas, or other public spaces, including community reactions and enforcement concerns","Arguments that pavement displays create barriers or hazards specifically for blind, visually impaired, or mobility-impaired pedestrians",3,0,0,0,0,0,0,0
2026-08-06,Businesses,Street Trading Disputes,Adequate space for pedestrians,Bloxwich Community Group,"Conflicts and debates over businesses displaying goods or conducting commerce on public sidewalks, pedestrian areas, or other public spaces, including community reactions and enforcement concerns",Claims that retail displays leave sufficient room for people to walk around them without significant obstruction or inconvenience,3,2,2,0,0,0,0,0
2026-08-06,Businesses,Street Trading Disputes,Council enforcement failure,Bloxwich Community Group,"Conflicts and debates over businesses displaying goods or conducting commerce on public sidewalks, pedestrian areas, or other public spaces, including community reactions and enforcement concerns","Criticism that local authorities are ineffective, unresponsive, or inconsistent in addressing street scene violations and public complaints",2,0,0,0,0,0,0,0
2026-08-06,Businesses,Street Trading Disputes,Cultural or ethnic targeting,Bloxwich Community Group,"Conflicts and debates over businesses displaying goods or conducting commerce on public sidewalks, pedestrian areas, or other public spaces, including community reactions and enforcement concerns",Claims that complaints are motivated by prejudice against Asian businesses or represent discriminatory enforcement against minority-owned shops,3,2,2,0,0,0,0,0
2026-08-06,Businesses,Street Trading Disputes,Dismisses complaints as trivial,Bloxwich Community Group,"Conflicts and debates over businesses displaying goods or conducting commerce on public sidewalks, pedestrian areas, or other public spaces, including community reactions and enforcement concerns","Views that concerns about pavement displays are petty, overblown, or unworthy of official attention compared to more serious local problems",23,33,33,0,0,0,0,0
2026-08-06,Businesses,Street Trading Disputes,Licensing and legal compliance,Bloxwich Community Group,"Conflicts and debates over businesses displaying goods or conducting commerce on public sidewalks, pedestrian areas, or other public spaces, including community reactions and enforcement concerns","Focus on whether businesses have proper permits, pay required fees, or comply with regulations for using public pavement space",6,0,0,0,0,0,0,0
2026-08-06,Businesses,Street Trading Disputes,Misplaced priorities argument,Bloxwich Community Group,"Conflicts and debates over businesses displaying goods or conducting commerce on public sidewalks, pedestrian areas, or other public spaces, including community reactions and enforcement concerns","Arguments that authorities should focus on more serious issues like crime, derelict buildings, or major infrastructure rather than retail display enforcement",4,0,0,0,0,0,0,0
2026-08-06,Businesses,Street Trading Disputes,Provides complaint contact information,Bloxwich Community Group,"Conflicts and debates over businesses displaying goods or conducting commerce on public sidewalks, pedestrian areas, or other public spaces, including community reactions and enforcement concerns",Comments that share official contact details for relevant authorities or suggest specific channels for filing complaints about street obstruction issues,1,0,0,0,0,0,0,0
2026-08-06,Businesses,Street Trading Disputes,Supports displays as economic necessity,Bloxwich Community Group,"Conflicts and debates over businesses displaying goods or conducting commerce on public sidewalks, pedestrian areas, or other public spaces, including community reactions and enforcement concerns","Arguments that pavement retail displays should be permitted because they help struggling businesses survive, generate trade, or contribute to local economic vitality",7,8,8,0,0,0,0,0
2026-08-06,Crime,Vehicle Theft,Information coordination requests,Bloxwich Chit Chat,"Theft of motor vehicles including cars, vans, motorcycles, scooters, and bicycles. Covers incidents where vehicles have been stolen from driveways, streets, or other locations, including appeals for information and sightings.","Comments directing how and where to share information about stolen vehicles, including contact instructions and messaging protocols",1,1,0,1,0,0,0,0
2026-08-06,Health,Men's Support Groups,,Bloxwich Chit Chat,"Community-based support groups, walking groups, or regular meetups specifically designed for men's mental health and wellbeing, providing peer support and social connection through organized activities.",,1,1,0,1,0,0,0,0
2026-08-06,Health,Men's Support Groups,Enthusiastic organizational promotion and celebration,Bloxwich Chit Chat,"Community-based support groups, walking groups, or regular meetups specifically designed for men's mental health and wellbeing, providing peer support and social connection through organized activities.","Expressing strong positive support, pride, and promotional enthusiasm for men's mental health support groups and their activities, often from organizers or active participants",1,1,1,0,0,0,0,0
2026-08-06,Housing,Rental Discrimination,Expressing interest in rental property,Walsall Asian Community News & Views,"Instances of landlords or letting agents discriminating against potential tenants based on benefit status, employment type, or other protected characteristics in rental advertisements or application processes.",Showing genuine interest in renting the advertised property despite any discriminatory policies mentioned,1,0,0,0,0,0,0,0
2026-08-06,Local Government,Policy Enforcement,,Bloxwich Community Group,"Issues concerning the implementation, enforcement, or lack thereof of existing council policies, regulations, or bylaws, including calls for consistent application of established rules or demands for policy clarification.",,4,2,2,0,0,0,0,0
2026-08-06,Local Government,Policy Enforcement,Direct engagement strategy suggestions,Bloxwich Community Group,"Issues concerning the implementation, enforcement, or lack thereof of existing council policies, regulations, or bylaws, including calls for consistent application of established rules or demands for policy clarification.","Recommends specific tactics for getting official attention, such as tagging authorities or using particular communication channels",1,1,1,0,0,0,0,0
2026-08-06,Local Government,Policy Enforcement,Evidence-based enforcement approach,Bloxwich Community Group,"Issues concerning the implementation, enforcement, or lack thereof of existing council policies, regulations, or bylaws, including calls for consistent application of established rules or demands for policy clarification.","Suggests waiting for concrete incidents or harm before taking action, or requiring specific evidence to justify intervention",1,0,0,0,0,0,0,0
2026-08-06,Local Government,Policy Enforcement,Former councillor credibility attacks,Bloxwich Community Group,"Issues concerning the implementation, enforcement, or lack thereof of existing council policies, regulations, or bylaws, including calls for consistent application of established rules or demands for policy clarification.","Questions the post author's credibility or motives based on their past role as councillor, suggesting hypocrisy or sour grapes",2,4,4,0,0,0,0,0
2026-08-06,Local Government,Policy Enforcement,Higher priority issues argument,Bloxwich Community Group,"Issues concerning the implementation, enforcement, or lack thereof of existing council policies, regulations, or bylaws, including calls for consistent application of established rules or demands for policy clarification.","Argues that more serious problems like crime, drugs, or economic decline should take precedence over shop display enforcement",5,11,11,0,0,0,0,0
2026-08-06,Local Government,Policy Enforcement,Issue fatigue and dismissal,Bloxwich Community Group,"Issues concerning the implementation, enforcement, or lack thereof of existing council policies, regulations, or bylaws, including calls for consistent application of established rules or demands for policy clarification.","Shows weariness with repeated discussion of the topic, viewing it as tiresome, boring, or overly complicated",3,1,1,0,0,0,0,0
2026-08-06,Local Government,Policy Enforcement,Pragmatic tolerance of violations,Bloxwich Community Group,"Issues concerning the implementation, enforcement, or lack thereof of existing council policies, regulations, or bylaws, including calls for consistent application of established rules or demands for policy clarification.",Acknowledges policy violations may look poor but accepts them as manageable or understandable given circumstances,3,2,2,0,0,0,0,0
2026-08-06,Local Government,Policy Enforcement,Resigned to council inaction,Bloxwich Community Group,"Issues concerning the implementation, enforcement, or lack thereof of existing council policies, regulations, or bylaws, including calls for consistent application of established rules or demands for policy clarification.","Expresses acceptance or expectation that the council will not take action, often with a tone of futility or long-standing frustration",1,5,5,0,0,0,0,0
2026-08-06,Local Government,Policy Enforcement,Safety and accessibility concerns,Bloxwich Community Group,"Issues concerning the implementation, enforcement, or lack thereof of existing council policies, regulations, or bylaws, including calls for consistent application of established rules or demands for policy clarification.","Emphasizes pedestrian safety and accessibility issues, particularly for disabled people, as justification for enforcing display regulations",2,0,0,0,0,0,0,0
2026-08-06,Local Government,Policy Enforcement,Selective enforcement allegations,Bloxwich Community Group,"Issues concerning the implementation, enforcement, or lack thereof of existing council policies, regulations, or bylaws, including calls for consistent application of established rules or demands for policy clarification.","Claims that council policies are being enforced inconsistently or selectively, with some businesses being exempt while others face scrutiny",1,0,0,0,0,0,0,0
2026-08-06,Local Government,Policy Enforcement,Support struggling businesses over enforcement,Bloxwich Community Group,"Issues concerning the implementation, enforcement, or lack thereof of existing council policies, regulations, or bylaws, including calls for consistent application of established rules or demands for policy clarification.",Argues that local businesses are struggling economically and should be supported rather than burdened with regulatory enforcement,3,14,14,0,0,0,0,0
2026-08-07,Businesses,Street Trading Disputes,Licensing and legal compliance,Bloxwich Community Group,"Conflicts and debates over businesses displaying goods or conducting commerce on public sidewalks, pedestrian areas, or other public spaces, including community reactions and enforcement concerns","Focus on whether businesses have proper permits, pay required fees, or comply with regulations for using public pavement space",1,1,1,0,0,0,0,0
2026-08-07,Businesses,Street Trading Disputes,Misplaced priorities argument,Bloxwich Community Group,"Conflicts and debates over businesses displaying goods or conducting commerce on public sidewalks, pedestrian areas, or other public spaces, including community reactions and enforcement concerns","Arguments that authorities should focus on more serious issues like crime, derelict buildings, or major infrastructure rather than retail display enforcement",1,0,0,0,0,0,0,0
2026-08-07,Businesses,Street Trading Disputes,Supports displays as economic necessity,Bloxwich Community Group,"Conflicts and debates over businesses displaying goods or conducting commerce on public sidewalks, pedestrian areas, or other public spaces, including community reactions and enforcement concerns","Arguments that pavement retail displays should be permitted because they help struggling businesses survive, generate trade, or contribute to local economic vitality",1,0,0,0,0,0,0,0
2026-08-07,Environmental,Litter Accumulation,Litter embedded in natural features,Bloxwich Chit Chat,"Reports and concerns about litter buildup in specific areas including embedded waste in natural features, street litter, and areas requiring targeted cleaning efforts","Comments specifically addressing waste that has become stuck in or attached to trees, bushes, rocks, or other natural environmental features",1,0,0,0,0,0,0,0
2026-08-07,Environmental,Wildlife Conflicts,,Bloxwich Chit Chat,"Conflicts, fights, or problematic interactions between wild animals and domestic pets or humans in residential areas, including concerns about feeding wild animals and resulting behavioral changes",,2,8,5,0,0,0,2,1
2026-08-07,Environmental,Wildlife Conflicts,Feeding foxes causes behavioral problems,Bloxwich Chit Chat,"Conflicts, fights, or problematic interactions between wild animals and domestic pets or humans in residential areas, including concerns about feeding wild animals and resulting behavioral changes","Blames human feeding of wild foxes for making them less fearful, more aggressive, and creating various neighborhood problems",2,6,6,0,0,0,0,0
2026-08-07,Environmental,Wildlife Conflicts,Foxes are recurring local problem,Bloxwich Chit Chat,"Conflicts, fights, or problematic interactions between wild animals and domestic pets or humans in residential areas, including concerns about feeding wild animals and resulting behavioral changes","Views urban foxes as an established, ongoing nuisance in the neighborhood causing regular disturbances and conflicts",3,4,3,0,0,1,0,0
2026-08-07,Environmental,Wildlife Conflicts,Foxes have territorial rights here,Bloxwich Chit Chat,"Conflicts, fights, or problematic interactions between wild animals and domestic pets or humans in residential areas, including concerns about feeding wild animals and resulting behavioral changes",Defends foxes' presence by arguing they have a prior or legitimate claim to the area,1,15,15,0,0,0,0,0
2026-08-07,Environmental,Wildlife Conflicts,Pets can defend against foxes,Bloxwich Chit Chat,"Conflicts, fights, or problematic interactions between wild animals and domestic pets or humans in residential areas, including concerns about feeding wild animals and resulting behavioral changes",Believes domestic animals can successfully protect themselves from fox encounters through aggressive defense,1,1,1,0,0,0,0,0
2026-08-07,Environmental,Wildlife Conflicts,Wild animals should find own food,Bloxwich Chit Chat,"Conflicts, fights, or problematic interactions between wild animals and domestic pets or humans in residential areas, including concerns about feeding wild animals and resulting behavioral changes",Argues that wild animals are naturally self-sufficient and humans shouldn't intervene by feeding them,1,6,6,0,0,0,0,0
2026-08-07,Health,Men's Support Groups,,Bloxwich Chit Chat,"Community-based support groups, walking groups, or regular meetups specifically designed for men's mental health and wellbeing, providing peer support and social connection through organized activities.",,1,1,1,0,0,0,0,0
2026-08-07,Immigration,Care Worker Visa Rights,Family separation prevention priority,Walsall Asian Community News & Views,"Issues related to immigration policies, visa restrictions, and family reunification rights specifically affecting care workers and healthcare support staff, including sponsorship of dependants and family separation concerns.",Emphasis on preventing family separation as a primary concern and moral imperative in immigration policy for care workers,1,0,0,0,0,0,0,0
2026-08-07,Local Government,Policy Enforcement,Higher priority issues argument,Bloxwich Community Group,"Issues concerning the implementation, enforcement, or lack thereof of existing council policies, regulations, or bylaws, including calls for consistent application of established rules or demands for policy clarification.","Argues that more serious problems like crime, drugs, or economic decline should take precedence over shop display enforcement",1,0,0,0,0,0,0,0
2026-08-07,Local Government,Public Space Maintenance,,Bloxwich Chit Chat,"Issues related to the upkeep, cleaning, mowing, and general maintenance of public areas including parks, grass verges, and community spaces managed by the council or other authorities.",,1,1,1,0,0,0,0,0
2026-08-07,Local Government,Public Space Maintenance,Vandalism creates public safety hazards,Bloxwich Chit Chat,"Issues related to the upkeep, cleaning, mowing, and general maintenance of public areas including parks, grass verges, and community spaces managed by the council or other authorities.","Concern about damaged property in public areas posing risks to community members, especially children",1,2,2,0,0,0,0,0
2026-08-07,Transport,Airport Disruptions,Concern about future travel plans,Bloxwich Chit Chat,"Operational problems at airports including baggage handling delays, system failures, service interruptions, and other disruptions affecting passenger travel and airport services.",Expressing worry or hope about how ongoing airport operational issues will affect upcoming travel arrangements,1,0,0,0,0,0,0,0
2026-08-07,Transport,Airport Disruptions,Severe passenger frustration with delays,Bloxwich Chit Chat,"Operational problems at airports including baggage handling delays, system failures, service interruptions, and other disruptions affecting passenger travel and airport services.","Describing intense anger, distress, or near-riot conditions among passengers due to operational failures",1,1,0,0,0,0,1,0
2026-08-08,Crime,Care Worker Abuse,Information sharing and awareness raising,Walsall Asian Community News & Views,"Cases involving mistreatment, neglect, or abuse by professional caregivers toward vulnerable individuals in their care, including elderly, disabled, or dependent persons in residential or home care settings.","Comments that primarily function to share news, evidence, or additional information about caregiver abuse cases to increase public awareness",1,0,0,0,0,0,0,0
2026-08-08,Crime,Hit and Run,,Bloxwich Chit Chat,"Vehicle collisions where the responsible party has left the scene without providing details or taking responsibility, including damage to parked cars and appeals for witnesses or information about the perpetrator.",,1,0,0,0,0,0,0,0
2026-08-08,Environmental,Climate Emergency Declaration,Alternative causes for environmental incidents,Walsall Public Group,"Discussions about municipal climate emergency declarations, their adoption, removal, or modification by councils and the political debates surrounding these formal acknowledgments of climate crisis requiring urgent action.","Attribution of fires, extreme weather, or environmental damage to human negligence, arson, or other non-climate factors rather than climate change",1,0,0,0,0,0,0,0
2026-08-08,Environmental,Climate Emergency Declaration,Climate change denial or skepticism,Walsall Public Group,"Discussions about municipal climate emergency declarations, their adoption, removal, or modification by councils and the political debates surrounding these formal acknowledgments of climate crisis requiring urgent action.","Disputing that climate change is occurring, worsening, or different from historical weather patterns",1,4,2,0,2,0,0,0
2026-08-08,Environmental,Climate Emergency Declaration,Dismissing normal weather as evidence,Walsall Public Group,"Discussions about municipal climate emergency declarations, their adoption, removal, or modification by councils and the political debates surrounding these formal acknowledgments of climate crisis requiring urgent action.",Treating current weather conditions as routine seasonal patterns rather than evidence of climate crisis,1,0,0,0,0,0,0,0
2026-08-08,Environmental,Climate Emergency Declaration,Fiscal pragmatism over climate action,Walsall Public Group,"Discussions about municipal climate emergency declarations, their adoption, removal, or modification by councils and the political debates surrounding these formal acknowledgments of climate crisis requiring urgent action.","Supporting removal or modification of climate declarations based on budget constraints, cost-effectiveness analysis, or economic priorities during financial crises",1,1,0,0,1,0,0,0
2026-08-08,Environmental,Climate Emergency Declaration,Political pressure influencing climate advocates,Walsall Public Group,"Discussions about municipal climate emergency declarations, their adoption, removal, or modification by councils and the political debates surrounding these formal acknowledgments of climate crisis requiring urgent action.",Concerns that political forces or individuals are manipulating or pressuring previously committed climate advocates to abandon their environmental positions,1,3,3,0,0,0,0,0
2026-08-08,Environmental,Climate Emergency Declaration,Questioning symbolic policy effectiveness,Walsall Public Group,"Discussions about municipal climate emergency declarations, their adoption, removal, or modification by councils and the political debates surrounding these formal acknowledgments of climate crisis requiring urgent action.",Skepticism about whether climate emergency declarations have meaningful practical impact on environmental outcomes,1,0,0,0,0,0,0,0
2026-08-08,Environmental,Climate Emergency Declaration,Strong support for climate declarations,Walsall Public Group,"Discussions about municipal climate emergency declarations, their adoption, removal, or modification by councils and the political debates surrounding these formal acknowledgments of climate crisis requiring urgent action.",Expressing agreement with maintaining or strengthening climate emergency declarations and associated policies,2,3,3,0,0,0,0,0
2026-08-08,Environmental,Wildlife Conflicts,Foxes threaten small pets,Bloxwich Chit Chat,"Conflicts, fights, or problematic interactions between wild animals and domestic pets or humans in residential areas, including concerns about feeding wild animals and resulting behavioral changes",Views foxes as a genuine danger to small domestic animals that pet owners should be cautious about,1,0,0,0,0,0,0,0
2026-08-08,Housing,Payment Disputes,Bank records prove payment validity,Beechdale Community Partnership,"Conflicts between tenants and landlords or housing management companies regarding rent payments, including lost payments, payment processing errors, disputed amounts owed, and disagreements over payment records or evidence.","Belief that bank statements, direct debit records, or official payment documentation from financial institutions constitute sufficient and reliable proof of rent payment",1,0,0,0,0,0,0,0
2026-08-08,Housing,Pub Conversions,,Bloxwich Chit Chat,"Discussions about former public houses being converted to residential flats, retail stores, or other uses, including planning applications and community reactions to these changes",,1,3,3,0,0,0,0,0
2026-08-08,Housing,Pub Conversions,Anti-immigrant sentiment regarding conversions,Bloxwich Chit Chat,"Discussions about former public houses being converted to residential flats, retail stores, or other uses, including planning applications and community reactions to these changes","Comments expressing concern or opposition to conversions being used to house immigrants or migrants, often with negative connotations",2,7,7,0,0,0,0,0
2026-08-08,Housing,Pub Conversions,Conflicting information about conversion type,Bloxwich Chit Chat,"Discussions about former public houses being converted to residential flats, retail stores, or other uses, including planning applications and community reactions to these changes","Comments that correct or contradict previous statements about what type of conversion is taking place, often citing different sources",2,7,5,2,0,0,0,0
2026-08-08,Housing,Pub Conversions,Criticism of pub abandonment patterns,Bloxwich Chit Chat,"Discussions about former public houses being converted to residential flats, retail stores, or other uses, including planning applications and community reactions to these changes",Comments expressing frustration about the general trend of pubs being left to deteriorate rather than being properly maintained or converted,1,1,1,0,0,0,0,0
2026-08-08,Housing,Pub Conversions,Factual reporting of conversion plans,Bloxwich Chit Chat,"Discussions about former public houses being converted to residential flats, retail stores, or other uses, including planning applications and community reactions to these changes","Comments that provide straightforward information about what type of conversion is planned or happening at a former pub site, without expressing opinion or emotion",5,6,5,0,0,0,0,0
2026-08-08,Housing,Pub Conversions,HMO conversion concerns,Bloxwich Chit Chat,"Discussions about former public houses being converted to residential flats, retail stores, or other uses, including planning applications and community reactions to these changes","Comments specifically discussing House in Multiple Occupation conversions, licensing requirements, or suggesting residents check HMO records",2,0,0,0,0,0,0,0
2026-08-08,Housing,Pub Conversions,Observing construction progress and delays,Bloxwich Chit Chat,"Discussions about former public houses being converted to residential flats, retail stores, or other uses, including planning applications and community reactions to these changes","Comments noting the timeline, progress, or lack thereof in conversion work, including observations about prolonged or stalled projects",2,3,3,0,0,0,0,0
2026-08-08,Housing,Pub Conversions,Specialized housing for vulnerable groups,Bloxwich Chit Chat,"Discussions about former public houses being converted to residential flats, retail stores, or other uses, including planning applications and community reactions to these changes","Comments reporting conversions intended for specific populations such as women with children, immigrants, or other targeted demographics",2,9,9,0,0,0,0,0
2026-08-08,Local Government,Policy Enforcement,Higher priority issues argument,Bloxwich Community Group,"Issues concerning the implementation, enforcement, or lack thereof of existing council policies, regulations, or bylaws, including calls for consistent application of established rules or demands for policy clarification.","Argues that more serious problems like crime, drugs, or economic decline should take precedence over shop display enforcement",1,0,0,0,0,0,0,0
2026-08-08,Local Government,Policy Enforcement,Support struggling businesses over enforcement,Bloxwich Community Group,"Issues concerning the implementation, enforcement, or lack thereof of existing council policies, regulations, or bylaws, including calls for consistent application of established rules or demands for policy clarification.",Argues that local businesses are struggling economically and should be supported rather than burdened with regulatory enforcement,1,0,0,0,0,0,0,0
2026-08-08,Local Government,Public Space Maintenance,Wildlife protection through maintenance practices,Bloxwich Chit Chat,"Issues related to the upkeep, cleaning, mowing, and general maintenance of public areas including parks, grass verges, and community spaces managed by the council or other authorities.","Advocating for specific maintenance approaches to protect local wildlife, particularly birds from predators like cats",1,0,0,0,0,0,0,0
2026-08-09,Businesses,Street Trading Disputes,Dismisses complaints as trivial,Bloxwich Community Group,"Conflicts and debates over businesses displaying goods or conducting commerce on public sidewalks, pedestrian areas, or other public spaces, including community reactions and enforcement concerns","Views that concerns about pavement displays are petty, overblown, or unworthy of official attention compared to more serious local problems",1,0,0,0,0,0,0,0
2026-08-09,Businesses,Street Trading Disputes,Misplaced priorities argument,Bloxwich Community Group,"Conflicts and debates over businesses displaying goods or conducting commerce on public sidewalks, pedestrian areas, or other public spaces, including community reactions and enforcement concerns","Arguments that authorities should focus on more serious issues like crime, derelict buildings, or major infrastructure rather than retail display enforcement",1,0,0,0,0,0,0,0
2026-08-09,Crime,Arson Fire Setting,,Bloxwich Chit Chat,"Deliberate fire-setting incidents in public areas, green spaces, or community locations, typically involving intentional ignition of vegetation, structures, or other materials.",,3,0,0,0,0,0,0,0
2026-08-09,Crime,Arson Fire Setting,Generational decline in youth behavior,Bloxwich Chit Chat,"Deliberate fire-setting incidents in public areas, green spaces, or community locations, typically involving intentional ignition of vegetation, structures, or other materials.","Comments characterizing young people as fundamentally problematic, undisciplined, or representing societal decay",1,8,8,0,0,0,0,0
2026-08-09,Crime,Arson Fire Setting,Harsh punishment for perpetrators,Bloxwich Chit Chat,"Deliberate fire-setting incidents in public areas, green spaces, or community locations, typically involving intentional ignition of vegetation, structures, or other materials.","Comments advocating for severe legal consequences, imprisonment, or extreme punitive measures against fire-setters",2,19,17,1,1,0,0,0
2026-08-09,Crime,Arson Fire Setting,Parental responsibility and accountability,Bloxwich Chit Chat,"Deliberate fire-setting incidents in public areas, green spaces, or community locations, typically involving intentional ignition of vegetation, structures, or other materials.","Comments questioning parental supervision, calling for parents to be held responsible, or criticizing lack of parental control",2,5,5,0,0,0,0,0
2026-08-09,Crime,Arson Fire Setting,Public shaming and identification,Bloxwich Chit Chat,"Deliberate fire-setting incidents in public areas, green spaces, or community locations, typically involving intentional ignition of vegetation, structures, or other materials.","Comments calling for perpetrators to be publicly named, identified, or subjected to community accountability",2,3,3,0,0,0,0,0
2026-08-09,Crime,Arson Fire Setting,Recurring local problem pattern,Bloxwich Chit Chat,"Deliberate fire-setting incidents in public areas, green spaces, or community locations, typically involving intentional ignition of vegetation, structures, or other materials.",Comments indicating this is part of an ongoing trend of fire incidents in the area rather than isolated event,2,0,0,0,0,0,0,0
2026-08-09,Crime,Arson Fire Setting,Seeking incident location details,Bloxwich Chit Chat,"Deliberate fire-setting incidents in public areas, green spaces, or community locations, typically involving intentional ignition of vegetation, structures, or other materials.",Comments requesting or providing specific geographical information about where the fire occurred,4,10,4,1,0,5,0,0
2026-08-09,Crime,Arson Fire Setting,Simple disapproval expressions,Bloxwich Chit Chat,"Deliberate fire-setting incidents in public areas, green spaces, or community locations, typically involving intentional ignition of vegetation, structures, or other materials.",Brief comments expressing basic negative sentiment without detailed opinions or solutions,2,3,3,0,0,0,0,0
2026-08-09,Crime,Care Worker Abuse,Moral outrage at caregiver cruelty,Walsall Asian Community News & Views,"Cases involving mistreatment, neglect, or abuse by professional caregivers toward vulnerable individuals in their care, including elderly, disabled, or dependent persons in residential or home care settings.","Expressions of strong emotional disgust, anger, or moral condemnation toward acts of cruelty or dehumanizing treatment by caregivers",1,1,1,0,0,0,0,0
2026-08-09,Crime,Cemetery Theft,Cemetery policies necessary for maintenance,Bloxwich Chit Chat,"Theft or unauthorized removal of items from graves and cemetery grounds, including flowers, plants, ornaments, and memorial decorations. Covers both suspected theft by individuals and removal by authorities.","Defends cemetery removal policies as justified for practical maintenance, upkeep, or preventing disorder, viewing restrictions as reasonable operational requirements",1,3,3,0,0,0,0,0
2026-08-09,Crime,Cemetery Theft,Contact cemetery management for clarification,Bloxwich Chit Chat,"Theft or unauthorized removal of items from graves and cemetery grounds, including flowers, plants, ornaments, and memorial decorations. Covers both suspected theft by individuals and removal by authorities.",Advises seeking direct communication with cemetery staff or authorities to understand policies and clarify what happened to missing items rather than speculating about theft,1,3,3,0,0,0,0,0
2026-08-09,Crime,Cemetery Theft,Council policies overly bureaucratic,Bloxwich Chit Chat,"Theft or unauthorized removal of items from graves and cemetery grounds, including flowers, plants, ornaments, and memorial decorations. Covers both suspected theft by individuals and removal by authorities.","Criticizes cemetery authorities as excessively rule-bound or unreasonable in their enforcement of regulations, questioning the necessity of strict policies",1,1,1,0,0,0,0,0
2026-08-09,Crime,Cemetery Theft,Inconsistent policy enforcement suggests targeting,Bloxwich Chit Chat,"Theft or unauthorized removal of items from graves and cemetery grounds, including flowers, plants, ornaments, and memorial decorations. Covers both suspected theft by individuals and removal by authorities.","Questions selective removal patterns that seem inconsistent with stated policies, suggesting either deliberate targeting or unclear regulations",1,1,1,0,0,0,0,0
2026-08-09,Crime,Cemetery Theft,Root damage justifies plant restrictions,Bloxwich Chit Chat,"Theft or unauthorized removal of items from graves and cemetery grounds, including flowers, plants, ornaments, and memorial decorations. Covers both suspected theft by individuals and removal by authorities.","Explains cemetery plant policies based on preventing root damage to headstones, pathways, or infrastructure, often suggesting potted alternatives",1,8,8,0,0,0,0,0
2026-08-09,Crime,Cemetery Theft,Safety liability concerns drive removals,Bloxwich Chit Chat,"Theft or unauthorized removal of items from graves and cemetery grounds, including flowers, plants, ornaments, and memorial decorations. Covers both suspected theft by individuals and removal by authorities.","Suggests items are removed due to potential injury risks or legal liability concerns, particularly regarding thorns, sharp objects, or hazardous materials",1,0,0,0,0,0,0,0
2026-08-09,Crime,Cemetery Theft,Selective theft indicates public culprits,Bloxwich Chit Chat,"Theft or unauthorized removal of items from graves and cemetery grounds, including flowers, plants, ornaments, and memorial decorations. Covers both suspected theft by individuals and removal by authorities.","Argues that selective removal patterns point to theft by individuals rather than official policy, based on what items are taken versus left behind",3,5,1,0,0,0,3,1
2026-08-09,Crime,Cemetery Theft,Widespread theft problem at cemetery,Bloxwich Chit Chat,"Theft or unauthorized removal of items from graves and cemetery grounds, including flowers, plants, ornaments, and memorial decorations. Covers both suspected theft by individuals and removal by authorities.","Reports or confirms that theft by individuals is a recurring issue affecting multiple graves, often describing rapid disappearance of items",3,4,0,1,0,0,3,0
2026-08-09,Crime,Youth Antisocial Behavior,Adults should show empathy toward youth,Bloxwich Chit Chat,"Disruptive, dangerous, or inappropriate conduct by children and teenagers in public spaces, including verbal abuse, reckless behavior, property damage, or actions that endanger themselves or others.","Argues that adults should consider children's backgrounds and circumstances before judging their behavior harshly, emphasizing understanding over condemnation",1,41,28,3,7,1,0,2
2026-08-09,Crime,Youth Antisocial Behavior,Children lack basic intelligence/judgment,Bloxwich Chit Chat,"Disruptive, dangerous, or inappropriate conduct by children and teenagers in public spaces, including verbal abuse, reckless behavior, property damage, or actions that endanger themselves or others.","Criticizes youth misconduct as stemming from stupidity, poor decision-making skills, or lack of common sense rather than other factors",2,43,43,0,0,0,0,0
2026-08-09,Crime,Youth Antisocial Behavior,Generational decline in youth behavior,Bloxwich Chit Chat,"Disruptive, dangerous, or inappropriate conduct by children and teenagers in public spaces, including verbal abuse, reckless behavior, property damage, or actions that endanger themselves or others.",Expresses belief that children today behave worse than previous generations and that youth conduct standards have deteriorated over time,1,11,11,0,0,0,0,0
2026-08-09,Crime,Youth Antisocial Behavior,Poor parenting causes youth misconduct,Bloxwich Chit Chat,"Disruptive, dangerous, or inappropriate conduct by children and teenagers in public spaces, including verbal abuse, reckless behavior, property damage, or actions that endanger themselves or others.","Attributes children's dangerous or inappropriate behavior to inadequate parental supervision, discipline, or upbringing",1,23,22,0,1,0,0,0
2026-08-09,Crime,Youth Antisocial Behavior,Youth destined for criminal futures,Bloxwich Chit Chat,"Disruptive, dangerous, or inappropriate conduct by children and teenagers in public spaces, including verbal abuse, reckless behavior, property damage, or actions that endanger themselves or others.",Predicts that children engaging in current misconduct will inevitably become criminals or face incarceration as adults,1,13,13,0,0,0,0,0
2026-08-09,Environmental,Barking Dogs,Distinguishing normal vs excessive barking,Bloxwich Community Group,"Complaints and concerns about persistent or excessive dog barking that disturbs residents, including discussions about locating problem animals and potential welfare issues",Comments that acknowledge some dog barking as acceptable while identifying certain instances as unusually disruptive or problematic,1,0,0,0,0,0,0,0
2026-08-09,Environmental,Barking Dogs,Expressing frustration with noise disruption,Bloxwich Community Group,"Complaints and concerns about persistent or excessive dog barking that disturbs residents, including discussions about locating problem animals and potential welfare issues","Comments emphasizing the negative impact of persistent barking on daily life, sleep, or peace, often using emotional or colloquial language",1,0,0,0,0,0,0,0
2026-08-09,Environmental,Barking Dogs,Reporting similar barking problems elsewhere,Bloxwich Community Group,"Complaints and concerns about persistent or excessive dog barking that disturbs residents, including discussions about locating problem animals and potential welfare issues",Comments sharing experiences of comparable dog barking issues in different locations within the same general area or neighborhood,2,0,0,0,0,0,0,0
2026-08-09,Environmental,Barking Dogs,Seeking to locate barking dog source,Bloxwich Community Group,"Complaints and concerns about persistent or excessive dog barking that disturbs residents, including discussions about locating problem animals and potential welfare issues",Comments attempting to identify the specific location or owner of a persistently barking dog through geographic references or collaborative information gathering,1,0,0,0,0,0,0,0
2026-08-09,Environmental,Barking Dogs,Threatening formal complaints to authorities,Bloxwich Community Group,"Complaints and concerns about persistent or excessive dog barking that disturbs residents, including discussions about locating problem animals and potential welfare issues","Comments indicating intention to report dog owners to council, animal control, or other official bodies for noise violations",1,1,1,0,0,0,0,0
2026-08-09,Environmental,Climate Emergency Declaration,Criticizing climate science rejection,Walsall Public Group,"Discussions about municipal climate emergency declarations, their adoption, removal, or modification by councils and the political debates surrounding these formal acknowledgments of climate crisis requiring urgent action.",Frustration with politicians or groups who dismiss established scientific consensus on climate change,1,2,2,0,0,0,0,0
2026-08-09,Environmental,Wildlife Conflicts,Authorities should be contacted,Bloxwich Chit Chat,"Conflicts, fights, or problematic interactions between wild animals and domestic pets or humans in residential areas, including concerns about feeding wild animals and resulting behavioral changes",Believes disturbing incidents involving animals and distressed people warrant official reporting to police or other authorities,1,0,0,0,0,0,0,0
2026-08-09,Environmental,Wildlife Conflicts,Focus on child's distress not animals,Bloxwich Chit Chat,"Conflicts, fights, or problematic interactions between wild animals and domestic pets or humans in residential areas, including concerns about feeding wild animals and resulting behavioral changes",Prioritizes concern for human emotional trauma over debates about animal identification or wildlife conflicts,1,0,0,0,0,0,0,0
2026-08-09,Health,GP Practice Recommendations,Referencing previous discussions,Bloxwich Chit Chat,"Posts seeking or providing recommendations, reviews, or comparisons of general practitioner surgeries and medical practices in the area, including discussions about quality of service, accessibility, and patient experiences.",Comments that direct others to earlier conversations or threads about GP recommendations rather than providing new information,1,1,1,0,0,0,0,0
2026-08-09,Housing,Pub Conversions,,Bloxwich Chit Chat,"Discussions about former public houses being converted to residential flats, retail stores, or other uses, including planning applications and community reactions to these changes",,2,13,13,0,0,0,0,0
2026-08-09,Housing,Pub Conversions,HMO conversion concerns,Bloxwich Chit Chat,"Discussions about former public houses being converted to residential flats, retail stores, or other uses, including planning applications and community reactions to these changes","Comments specifically discussing House in Multiple Occupation conversions, licensing requirements, or suggesting residents check HMO records",1,2,2,0,0,0,0,0
2026-08-09,Housing,Pub Conversions,Nostalgia for lost community pubs,Bloxwich Chit Chat,"Discussions about former public houses being converted to residential flats, retail stores, or other uses, including planning applications and community reactions to these changes","Comments expressing sadness or longing for pubs as they were, emphasizing their former role as community gathering places and social venues",1,7,6,0,0,0,1,0
2026-08-09,Housing,Pub Conversions,Observing construction progress and delays,Bloxwich Chit Chat,"Discussions about former public houses being converted to residential flats, retail stores, or other uses, including planning applications and community reactions to these changes","Comments noting the timeline, progress, or lack thereof in conversion work, including observations about prolonged or stalled projects",1,1,1,0,0,0,0,0
2026-08-09,Housing,Pub Conversions,Planning permission status updates,Bloxwich Chit Chat,"Discussions about former public houses being converted to residential flats, retail stores, or other uses, including planning applications and community reactions to these changes","Comments providing information about planning applications, their approval or rejection status, and official planning documentation",1,2,2,0,0,0,0,0
2026-08-09,Housing,Pub Conversions,Safety and fire risk concerns,Bloxwich Chit Chat,"Discussions about former public houses being converted to residential flats, retail stores, or other uses, including planning applications and community reactions to these changes",Comments warning about fire hazards or other safety issues related to abandoned or poorly maintained former pub buildings,2,9,9,0,0,0,0,0
2026-08-09,Local Government,Policy Enforcement,Former councillor credibility attacks,Bloxwich Community Group,"Issues concerning the implementation, enforcement, or lack thereof of existing council policies, regulations, or bylaws, including calls for consistent application of established rules or demands for policy clarification.","Questions the post author's credibility or motives based on their past role as councillor, suggesting hypocrisy or sour grapes",1,0,0,0,0,0,0,0
2026-08-10,Benefits,Emergency Food Aid,Directing to food distribution resources,Walsall Asian Community News & Views,"Requests for immediate food assistance or donations due to urgent circumstances such as housing transitions, financial hardship, or temporary lack of resources. Includes both requests for help and offers of food support.","Providing information about specific food banks, distribution events, or organized food assistance programs as solutions to immediate food needs",1,0,0,0,0,0,0,0
2026-08-10,Crime,Arson Fire Setting,Alternative cause theories,Bloxwich Chit Chat,"Deliberate fire-setting incidents in public areas, green spaces, or community locations, typically involving intentional ignition of vegetation, structures, or other materials.",Comments questioning youth culpability and suggesting other explanations like adult negligence or accidental causes,1,1,1,0,0,0,0,0
2026-08-10,Crime,Arson Fire Setting,Direct intervention experiences,Bloxwich Chit Chat,"Deliberate fire-setting incidents in public areas, green spaces, or community locations, typically involving intentional ignition of vegetation, structures, or other materials.",Comments sharing personal encounters with fire-setting behavior or having to personally address such incidents,1,1,1,0,0,0,0,0
2026-08-10,Crime,Arson Fire Setting,Public shaming and identification,Bloxwich Chit Chat,"Deliberate fire-setting incidents in public areas, green spaces, or community locations, typically involving intentional ignition of vegetation, structures, or other materials.","Comments calling for perpetrators to be publicly named, identified, or subjected to community accountability",1,1,1,0,0,0,0,0
2026-08-10,Crime,Arson Fire Setting,Recurring local problem pattern,Bloxwich Chit Chat,"Deliberate fire-setting incidents in public areas, green spaces, or community locations, typically involving intentional ignition of vegetation, structures, or other materials.",Comments indicating this is part of an ongoing trend of fire incidents in the area rather than isolated event,1,2,2,0,0,0,0,0
2026-08-10,Crime,Arson Fire Setting,Seeking incident location details,Bloxwich Chit Chat,"Deliberate fire-setting incidents in public areas, green spaces, or community locations, typically involving intentional ignition of vegetation, structures, or other materials.",Comments requesting or providing specific geographical information about where the fire occurred,1,0,0,0,0,0,0,0
2026-08-10,Crime,Arson Fire Setting,Simple disapproval expressions,Bloxwich Chit Chat,"Deliberate fire-setting incidents in public areas, green spaces, or community locations, typically involving intentional ignition of vegetation, structures, or other materials.",Brief comments expressing basic negative sentiment without detailed opinions or solutions,1,0,0,0,0,0,0,0
2026-08-10,Crime,Cemetery Theft,Contact cemetery management for clarification,Bloxwich Chit Chat,"Theft or unauthorized removal of items from graves and cemetery grounds, including flowers, plants, ornaments, and memorial decorations. Covers both suspected theft by individuals and removal by authorities.",Advises seeking direct communication with cemetery staff or authorities to understand policies and clarify what happened to missing items rather than speculating about theft,1,0,0,0,0,0,0,0
2026-08-10,Crime,Cemetery Theft,Perennial plants treated differently than annuals,Bloxwich Chit Chat,"Theft or unauthorized removal of items from graves and cemetery grounds, including flowers, plants, ornaments, and memorial decorations. Covers both suspected theft by individuals and removal by authorities.","Explains removal patterns based on plant growth characteristics, suggesting permanent plantings face different treatment than temporary seasonal decorations",1,0,0,0,0,0,0,0
2026-08-10,Crime,Cemetery Theft,Root damage justifies plant restrictions,Bloxwich Chit Chat,"Theft or unauthorized removal of items from graves and cemetery grounds, including flowers, plants, ornaments, and memorial decorations. Covers both suspected theft by individuals and removal by authorities.","Explains cemetery plant policies based on preventing root damage to headstones, pathways, or infrastructure, often suggesting potted alternatives",1,0,0,0,0,0,0,0
2026-08-10,Crime,Cemetery Theft,Selective theft indicates public culprits,Bloxwich Chit Chat,"Theft or unauthorized removal of items from graves and cemetery grounds, including flowers, plants, ornaments, and memorial decorations. Covers both suspected theft by individuals and removal by authorities.","Argues that selective removal patterns point to theft by individuals rather than official policy, based on what items are taken versus left behind",1,0,0,0,0,0,0,0
2026-08-10,Crime,Cemetery Theft,Widespread theft problem at cemetery,Bloxwich Chit Chat,"Theft or unauthorized removal of items from graves and cemetery grounds, including flowers, plants, ornaments, and memorial decorations. Covers both suspected theft by individuals and removal by authorities.","Reports or confirms that theft by individuals is a recurring issue affecting multiple graves, often describing rapid disappearance of items",1,0,0,0,0,0,0,0
2026-08-10,Crime,Stalking Harassment,Attribute incident to immigration issues,Bloxwich Chit Chat,"Incidents involving persistent following, surveillance, or intimidating behavior toward individuals in public spaces, creating fear or concern for personal safety.","Links the suspicious behavior to immigration, cultural differences, or demographic changes",1,26,23,0,1,0,1,1
2026-08-10,Crime,Vehicle Theft,Community sharing and amplification,Bloxwich Chit Chat,"Theft of motor vehicles including cars, vans, motorcycles, scooters, and bicycles. Covers incidents where vehicles have been stolen from driveways, streets, or other locations, including appeals for information and sightings.","Comments that share or amplify theft appeals to increase visibility and reach within social networks, often with minimal additional commentary",1,1,1,0,0,0,0,0
2026-08-10,Environmental,Barking Dogs,Defending against overreaction to barking,Bloxwich Community Group,"Complaints and concerns about persistent or excessive dog barking that disturbs residents, including discussions about locating problem animals and potential welfare issues","Comments suggesting that complaints about dog barking are excessive, disproportionate, or reflect unreasonable expectations about neighborhood noise",1,1,1,0,0,0,0,0
2026-08-10,Health,GP Practice Recommendations,,Bloxwich Chit Chat,"Posts seeking or providing recommendations, reviews, or comparisons of general practitioner surgeries and medical practices in the area, including discussions about quality of service, accessibility, and patient experiences.",,1,0,0,0,0,0,0,0
2026-08-10,Health,GP Practice Recommendations,Appointment availability concerns at recommended practices,Bloxwich Chit Chat,"Posts seeking or providing recommendations, reviews, or comparisons of general practitioner surgeries and medical practices in the area, including discussions about quality of service, accessibility, and patient experiences.",Comments that acknowledge a practice as good but highlight difficulties with booking appointments or accessing services,1,1,1,0,0,0,0,0
2026-08-10,Health,GP Practice Recommendations,Brief practice mentions without evaluation,Bloxwich Chit Chat,"Posts seeking or providing recommendations, reviews, or comparisons of general practitioner surgeries and medical practices in the area, including discussions about quality of service, accessibility, and patient experiences.","Short comments that name GP practices without clear recommendation, criticism, or personal experience sharing",1,0,0,0,0,0,0,0
2026-08-10,Health,GP Practice Recommendations,Multiple practice recommendations,Bloxwich Chit Chat,"Posts seeking or providing recommendations, reviews, or comparisons of general practitioner surgeries and medical practices in the area, including discussions about quality of service, accessibility, and patient experiences.",Comments that recommend two or more different GP practices as good options without detailed comparison,1,1,1,0,0,0,0,0
2026-08-10,Health,GP Practice Recommendations,Neutral mention of Pinfold Medical Centre,Bloxwich Chit Chat,"Posts seeking or providing recommendations, reviews, or comparisons of general practitioner surgeries and medical practices in the area, including discussions about quality of service, accessibility, and patient experiences.","Brief, non-evaluative mentions of Pinfold Medical Centre as an option without clear positive or negative stance",3,1,1,0,0,0,0,0
2026-08-10,Health,GP Practice Recommendations,Positive recommendation for Mossley practices,Bloxwich Chit Chat,"Posts seeking or providing recommendations, reviews, or comparisons of general practitioner surgeries and medical practices in the area, including discussions about quality of service, accessibility, and patient experiences.","Comments that recommend Mossley-based GP practices (Mossley Fields, Mossley Doctors) as good options, either with explicit praise or by sharing positive personal experience",3,4,4,0,0,0,0,0
2026-08-10,Health,GP Practice Recommendations,Seasonal appointment planning advice,Bloxwich Chit Chat,"Posts seeking or providing recommendations, reviews, or comparisons of general practitioner surgeries and medical practices in the area, including discussions about quality of service, accessibility, and patient experiences.",Comments that provide practical advice about timing appointments around holidays or busy periods at GP practices,1,1,1,0,0,0,0,0
2026-08-10,Housing,Payment Disputes,Housing provider service has declined,Beechdale Community Partnership,"Conflicts between tenants and landlords or housing management companies regarding rent payments, including lost payments, payment processing errors, disputed amounts owed, and disagreements over payment records or evidence.","Perception that a housing organization's performance, administration, or tenant services have worsened over time, often following organizational changes",1,0,0,0,0,0,0,0
2026-08-10,Housing,Payment Disputes,Large tenant base excuses are invalid,Beechdale Community Partnership,"Conflicts between tenants and landlords or housing management companies regarding rent payments, including lost payments, payment processing errors, disputed amounts owed, and disagreements over payment records or evidence.",Rejection of housing providers using their size or number of tenants as justification for administrative errors or poor service,1,0,0,0,0,0,0,0
2026-08-10,Housing,Pub Conversions,HMO conversion concerns,Bloxwich Chit Chat,"Discussions about former public houses being converted to residential flats, retail stores, or other uses, including planning applications and community reactions to these changes","Comments specifically discussing House in Multiple Occupation conversions, licensing requirements, or suggesting residents check HMO records",1,0,0,0,0,0,0,0
2026-08-10,Housing,Pub Conversions,Planning permission status updates,Bloxwich Chit Chat,"Discussions about former public houses being converted to residential flats, retail stores, or other uses, including planning applications and community reactions to these changes","Comments providing information about planning applications, their approval or rejection status, and official planning documentation",1,1,1,0,0,0,0,0
2026-08-10,Local Government,Accessibility Services,,Bloxwich Chit Chat,"Matters concerning disabled access, mobility aids, adaptive equipment, and support services available at public facilities to assist people with disabilities or mobility challenges.",,2,1,1,0,0,0,0,0
2026-08-10,Local Government,Accessibility Services,Active Living has accessibility features,Bloxwich Chit Chat,"Matters concerning disabled access, mobility aids, adaptive equipment, and support services available at public facilities to assist people with disabilities or mobility challenges.","Comments confirming that Active Living facility has accessibility equipment like hoists, chair lifts, handrails, and steps to assist disabled swimmers",6,15,14,1,0,0,0,0
2026-08-10,Local Government,Accessibility Services,Contact facility directly for information,Bloxwich Chit Chat,"Matters concerning disabled access, mobility aids, adaptive equipment, and support services available at public facilities to assist people with disabilities or mobility challenges.","Advice to call, visit, or directly contact facilities to inquire about accessibility features rather than relying on online information",2,1,1,0,0,0,0,0
2026-08-10,Local Government,Accessibility Services,Detailed facility accessibility descriptions,Bloxwich Chit Chat,"Matters concerning disabled access, mobility aids, adaptive equipment, and support services available at public facilities to assist people with disabilities or mobility challenges.","Comments providing comprehensive information about multiple accessibility features, entry methods, and facility characteristics",1,0,0,0,0,0,0,0
2026-08-10,Local Government,Accessibility Services,Equipment weight limitations acknowledged,Bloxwich Chit Chat,"Matters concerning disabled access, mobility aids, adaptive equipment, and support services available at public facilities to assist people with disabilities or mobility challenges.",Comments discussing weight restrictions on accessibility equipment like hoists and how this affects facility usability,1,1,1,0,0,0,0,0
2026-08-10,Local Government,Accessibility Services,Offers personal assistance or companionship,Bloxwich Chit Chat,"Matters concerning disabled access, mobility aids, adaptive equipment, and support services available at public facilities to assist people with disabilities or mobility challenges.","Comments offering to accompany, help, or provide additional support to disabled individuals accessing facilities",1,0,0,0,0,0,0,0
2026-08-10,Local Government,Accessibility Services,Recommends alternative accessible facilities,Bloxwich Chit Chat,"Matters concerning disabled access, mobility aids, adaptive equipment, and support services available at public facilities to assist people with disabilities or mobility challenges.","Comments suggesting other swimming facilities as better or additional options for disabled access, particularly brine pools or other venues",5,9,9,0,0,0,0,0
2026-08-10,Local Government,Policy Enforcement,Former councillor credibility attacks,Bloxwich Community Group,"Issues concerning the implementation, enforcement, or lack thereof of existing council policies, regulations, or bylaws, including calls for consistent application of established rules or demands for policy clarification.","Questions the post author's credibility or motives based on their past role as councillor, suggesting hypocrisy or sour grapes",1,0,0,0,0,0,0,0
2026-08-11,Crime,Deliberate Fire Setting,Sharing additional fire information resources,Walsall Asian Community News & Views,"Intentional fire starting and arson incidents, including appeals for information about suspected arsonists and warnings about patterns of deliberate fires in the community.","Comments that provide or reference links, resources, or additional sources of information about ongoing arson incidents or fire patterns",1,0,0,0,0,0,0,0
2026-08-11,Crime,Police Response Incidents,Normalizing heavy police presence,Bloxwich Community Group,"Discussions about visible police presence, emergency responses, or law enforcement activities in the community including multiple police vehicles, raids, or unusual police activity that residents observe or inquire about","Comments that characterize significant police deployments as routine, unremarkable, or typical for the area",1,0,0,0,0,0,0,0
2026-08-11,Crime,Police Response Incidents,Reporting inflammatory social media content,Bloxwich Community Group,"Discussions about visible police presence, emergency responses, or law enforcement activities in the community including multiple police vehicles, raids, or unusual police activity that residents observe or inquire about","Comments that flag or report problematic posts related to police incidents, particularly those with discriminatory or inflammatory content",1,0,0,0,0,0,0,0
2026-08-11,Crime,Police Response Incidents,Seeking local insider knowledge,Bloxwich Community Group,"Discussions about visible police presence, emergency responses, or law enforcement activities in the community including multiple police vehicles, raids, or unusual police activity that residents observe or inquire about",Comments that directly ask specific individuals who are perceived to have local connections or inside information about police activities,1,1,0,0,1,0,0,0
2026-08-11,Crime,Police Response Incidents,Sharing secondhand local information,Bloxwich Community Group,"Discussions about visible police presence, emergency responses, or law enforcement activities in the community including multiple police vehicles, raids, or unusual police activity that residents observe or inquire about","Comments that relay information obtained from local residents, family members, or neighbors about their awareness or experience of police activity",1,0,0,0,0,0,0,0
2026-08-11,Crime,Police Response Incidents,Speculating serious criminal incident,Bloxwich Community Group,"Discussions about visible police presence, emergency responses, or law enforcement activities in the community including multiple police vehicles, raids, or unusual police activity that residents observe or inquire about","Comments that suggest police presence indicates a major crime, raid, or serious criminal activity rather than routine operations",1,0,0,0,0,0,0,0
2026-08-11,Crime,Stalking Harassment,,Bloxwich Chit Chat,"Incidents involving persistent following, surveillance, or intimidating behavior toward individuals in public spaces, creating fear or concern for personal safety.",,10,20,17,1,0,0,1,0
2026-08-11,Crime,Stalking Harassment,Attribute incident to immigration issues,Bloxwich Chit Chat,"Incidents involving persistent following, surveillance, or intimidating behavior toward individuals in public spaces, creating fear or concern for personal safety.","Links the suspicious behavior to immigration, cultural differences, or demographic changes",4,93,91,0,0,0,0,2
2026-08-11,Crime,Stalking Harassment,Express broader societal safety decline,Bloxwich Chit Chat,"Incidents involving persistent following, surveillance, or intimidating behavior toward individuals in public spaces, creating fear or concern for personal safety.",Views incident as evidence of general deterioration in community safety and security,9,8,8,0,0,0,0,0
2026-08-11,Crime,Stalking Harassment,Express empathy and emotional support,Bloxwich Chit Chat,"Incidents involving persistent following, surveillance, or intimidating behavior toward individuals in public spaces, creating fear or concern for personal safety.","Offers sympathy, relief for safety, or emotional validation for the frightening experience",8,5,5,0,0,0,0,0
2026-08-11,Crime,Stalking Harassment,Propose regulatory solutions for vehicle modifications,Bloxwich Chit Chat,"Incidents involving persistent following, surveillance, or intimidating behavior toward individuals in public spaces, creating fear or concern for personal safety.",Suggests banning or restricting heavily tinted windows or other vehicle modifications for safety,2,6,6,0,0,0,0,0
2026-08-11,Crime,Stalking Harassment,Provide alternative innocent explanations,Bloxwich Chit Chat,"Incidents involving persistent following, surveillance, or intimidating behavior toward individuals in public spaces, creating fear or concern for personal safety.",Suggests the suspicious behavior may have benign causes like being lost or making deliveries,1,7,5,0,1,1,0,0
2026-08-11,Crime,Stalking Harassment,Provide corroborating evidence or sightings,Bloxwich Chit Chat,"Incidents involving persistent following, surveillance, or intimidating behavior toward individuals in public spaces, creating fear or concern for personal safety.",Reports additional sightings of the same vehicle or similar incidents in the area,3,0,0,0,0,0,0,0
2026-08-11,Crime,Stalking Harassment,Question incident authenticity or details,Bloxwich Chit Chat,"Incidents involving persistent following, surveillance, or intimidating behavior toward individuals in public spaces, creating fear or concern for personal safety.",Expresses skepticism about whether the reported incident occurred as described or at all,2,14,10,1,1,2,0,0
2026-08-11,Crime,Stalking Harassment,Recommend reporting to police,Bloxwich Chit Chat,"Incidents involving persistent following, surveillance, or intimidating behavior toward individuals in public spaces, creating fear or concern for personal safety.",Advocates for official law enforcement involvement and reporting suspicious behavior to authorities,8,23,22,1,0,0,0,0
2026-08-11,Crime,Stalking Harassment,Share similar personal experiences,Bloxwich Chit Chat,"Incidents involving persistent following, surveillance, or intimidating behavior toward individuals in public spaces, creating fear or concern for personal safety.",Relates comparable encounters with suspicious vehicles or following behavior to validate concerns,1,5,5,0,0,0,0,0
2026-08-11,Crime,Stalking Harassment,Support sharing incident for community safety,Bloxwich Chit Chat,"Incidents involving persistent following, surveillance, or intimidating behavior toward individuals in public spaces, creating fear or concern for personal safety.",Endorses publicizing the incident to warn others and protect community members from potential threats,4,45,45,0,0,0,0,0
2026-08-11,Cultural issues,Gender-Based Employment,,Walsall Asian Community News & Views,"Job advertisements or employment practices that specify gender requirements or preferences, raising questions about discrimination in hiring practices.",,1,1,1,0,0,0,0,0
2026-08-11,Cultural issues,Gender-Based Employment,Gender-specific hiring violates employment law,Walsall Asian Community News & Views,"Job advertisements or employment practices that specify gender requirements or preferences, raising questions about discrimination in hiring practices.","Position that gender-based job requirements constitute illegal discrimination under employment legislation, regardless of employer justifications",1,0,0,0,0,0,0,0
2026-08-11,Education,School Fines,Support abolishing school absence fines,Walsall Public Group,"Penalties imposed on parents or guardians related to school attendance, behavior, or administrative violations and associated campaigns against such penalties",Advocates for eliminating financial penalties imposed on parents for unauthorized student absences from school,1,0,0,0,0,0,0,0
2026-08-11,Environmental,Business Responsibility,Enforcement must target operators not businesses,Bloxwich Community Group,"Debates about the role and accountability of shopkeepers, retailers, and commercial establishments in maintaining cleanliness and proper waste management around their premises",Argument that enforcement actions should focus on the people running problematic establishments rather than just closing businesses that can easily reopen under different names,1,0,0,0,0,0,0,0
2026-08-11,Environmental,Business Responsibility,Infrastructure investment prevents antisocial behavior,Bloxwich Community Group,"Debates about the role and accountability of shopkeepers, retailers, and commercial establishments in maintaining cleanliness and proper waste management around their premises","Belief that providing more bins, facilities, and youth programs addresses root causes of littering and antisocial behavior through environmental improvements",2,3,3,0,0,0,0,0
2026-08-11,Environmental,Business Responsibility,Shopkeeper litter responsibility inconsistent,Bloxwich Community Group,"Debates about the role and accountability of shopkeepers, retailers, and commercial establishments in maintaining cleanliness and proper waste management around their premises","Observations that shopkeepers vary in taking responsibility for litter cleanup outside their premises, with some being proactive and others neglecting this duty",1,0,0,0,0,0,0,0
2026-08-11,Environmental,Business Responsibility,Specific problem locations identified,Bloxwich Community Group,"Debates about the role and accountability of shopkeepers, retailers, and commercial establishments in maintaining cleanliness and proper waste management around their premises",Comments that point to particular geographic areas or establishments as examples of or relevant to the enforcement and accountability issues being discussed,1,0,0,0,0,0,0,0
2026-08-11,Environmental,Business Responsibility,Youth engagement challenges acknowledged,Bloxwich Community Group,"Debates about the role and accountability of shopkeepers, retailers, and commercial establishments in maintaining cleanliness and proper waste management around their premises","Recognition that while youth programs and funding exist, engaging certain groups of young people in constructive activities remains difficult",2,0,0,0,0,0,0,0
2026-08-11,Housing,Office to Residential,,Bloxwich Chit Chat,"Conversion of office buildings, commercial premises, or institutional buildings into residential apartments or flats, including planning notifications and community concerns",,3,0,0,0,0,0,0,0
2026-08-11,Housing,Office to Residential,Calls for unbiased investigation,Bloxwich Chit Chat,"Conversion of office buildings, commercial premises, or institutional buildings into residential apartments or flats, including planning notifications and community concerns",Emphasis on approaching planning proposals objectively and gathering facts before forming opinions,1,10,9,1,0,0,0,0
2026-08-11,Housing,Office to Residential,Factual clarification attempts,Bloxwich Chit Chat,"Conversion of office buildings, commercial premises, or institutional buildings into residential apartments or flats, including planning notifications and community concerns",Comments aimed at correcting misunderstandings or providing accurate information about planning proposals,1,5,5,0,0,0,0,0
2026-08-11,Housing,Office to Residential,HMO and transient housing fears,Bloxwich Chit Chat,"Conversion of office buildings, commercial premises, or institutional buildings into residential apartments or flats, including planning notifications and community concerns",Concerns that conversions will create Houses in Multiple Occupation or temporary accommodation with associated social problems,1,5,5,0,0,0,0,0
2026-08-11,Housing,Office to Residential,Housing affordability crisis support,Bloxwich Chit Chat,"Conversion of office buildings, commercial premises, or institutional buildings into residential apartments or flats, including planning notifications and community concerns",Views that conversions are needed to address high rental costs and housing shortage problems in the area,1,2,2,0,0,0,0,0
2026-08-11,Housing,Office to Residential,Housing density anxiety,Bloxwich Chit Chat,"Conversion of office buildings, commercial premises, or institutional buildings into residential apartments or flats, including planning notifications and community concerns",Concerns about too many units being created or the conversion resulting in overcrowding and high-density living,1,1,1,0,0,0,0,0
2026-08-11,Housing,Office to Residential,Parking shortage concerns,Bloxwich Chit Chat,"Conversion of office buildings, commercial premises, or institutional buildings into residential apartments or flats, including planning notifications and community concerns",Worries that conversions will create inadequate parking provision or exacerbate existing parking problems in the area,1,0,0,0,0,0,0,0
2026-08-11,Housing,Office to Residential,Public funding misallocation claims,Bloxwich Chit Chat,"Conversion of office buildings, commercial premises, or institutional buildings into residential apartments or flats, including planning notifications and community concerns",Arguments that taxpayer money or public resources are being inappropriately used for housing conversions at expense of other services,1,34,34,0,0,0,0,0
2026-08-11,Housing,Pub Conversions,Nostalgia for lost community pubs,Bloxwich Chit Chat,"Discussions about former public houses being converted to residential flats, retail stores, or other uses, including planning applications and community reactions to these changes","Comments expressing sadness or longing for pubs as they were, emphasizing their former role as community gathering places and social venues",1,1,1,0,0,0,0,0
2026-08-12,Businesses,Pavement Obstruction,Complaints threaten business viability,Bloxwich Chit Chat,"Concerns about items, displays, or structures blocking pedestrian pathways, creating accessibility barriers or safety hazards for wheelchair users, mobility scooters, visually impaired individuals, parents with prams, and other pedestrians.","Argues that restricting pavement displays will harm shops economically and lead to closures, creating ghost town effect",1,7,7,0,0,0,0,0
2026-08-12,Businesses,Pavement Obstruction,Neighborhood aesthetic decline and disorder,Bloxwich Chit Chat,"Concerns about items, displays, or structures blocking pedestrian pathways, creating accessibility barriers or safety hazards for wheelchair users, mobility scooters, visually impaired individuals, parents with prams, and other pedestrians.","Concerns that pavement displays contribute to area looking run-down, cluttered, or resembling less desirable locations",2,15,15,0,0,0,0,0
2026-08-12,Businesses,Pavement Obstruction,Safety hazard for vulnerable pedestrians,Bloxwich Chit Chat,"Concerns about items, displays, or structures blocking pedestrian pathways, creating accessibility barriers or safety hazards for wheelchair users, mobility scooters, visually impaired individuals, parents with prams, and other pedestrians.","Views pavement obstructions as creating serious safety risks and accessibility barriers for disabled people, elderly, parents with prams, and other vulnerable pedestrians",1,3,3,0,0,0,0,0
2026-08-12,Businesses,Pavement Obstruction,Shops have adequate indoor space,Bloxwich Chit Chat,"Concerns about items, displays, or structures blocking pedestrian pathways, creating accessibility barriers or safety hazards for wheelchair users, mobility scooters, visually impaired individuals, parents with prams, and other pedestrians.",Argues that businesses using pavement displays have sufficient interior space and don't need outdoor areas for commercial purposes,1,2,2,0,0,0,0,0
2026-08-12,Businesses,Pavement Obstruction,Skepticism about enforcement effectiveness,Bloxwich Chit Chat,"Concerns about items, displays, or structures blocking pedestrian pathways, creating accessibility barriers or safety hazards for wheelchair users, mobility scooters, visually impaired individuals, parents with prams, and other pedestrians.","Doubts that proposed solutions or regulations will work in practice due to theft, non-compliance, or other practical barriers",1,2,2,0,0,0,0,0
2026-08-12,Crime,Vehicle Theft,Information coordination requests,Bloxwich Chit Chat,"Theft of motor vehicles including cars, vans, motorcycles, scooters, and bicycles. Covers incidents where vehicles have been stolen from driveways, streets, or other locations, including appeals for information and sightings.","Comments directing how and where to share information about stolen vehicles, including contact instructions and messaging protocols",1,0,0,0,0,0,0,0
2026-08-12,Transport,Pavement Parking,Citing parking regulations and enforcement,Bloxwich Chit Chat,"Vehicles parked on pavements, footpaths, or pedestrian walkways that obstruct or impede pedestrian access, particularly affecting mobility aid users, wheelchair users, and parents with pushchairs.","Referencing specific parking laws, regulations, or enforcement experiences to establish that pavement parking is illegal",1,1,0,0,0,0,0,1
2026-08-12,Transport,Pavement Parking,Emergency circumstances justify poor parking,Bloxwich Chit Chat,"Vehicles parked on pavements, footpaths, or pedestrian walkways that obstruct or impede pedestrian access, particularly affecting mobility aid users, wheelchair users, and parents with pushchairs.",Suggesting that urgent personal situations or emergencies can excuse parking violations that obstruct pedestrian access,1,0,0,0,0,0,0,0
2026-08-12,Transport,Pavement Parking,Preempting technical defenses of parking,Bloxwich Chit Chat,"Vehicles parked on pavements, footpaths, or pedestrian walkways that obstruct or impede pedestrian access, particularly affecting mobility aid users, wheelchair users, and parents with pushchairs.",Anticipating that others will raise technical or legal arguments to defend questionable parking and preparing counter-arguments,1,0,0,0,0,0,0,0
2026-08-12,Transport,Pavement Parking,Questioning legitimacy of obstruction claims,Bloxwich Chit Chat,"Vehicles parked on pavements, footpaths, or pedestrian walkways that obstruct or impede pedestrian access, particularly affecting mobility aid users, wheelchair users, and parents with pushchairs.","Challenging whether reported parking actually constitutes a genuine obstruction or violation, suggesting the complainant may be misrepresenting the situation",1,3,2,0,1,0,0,0
