comment_id,post_id,timestamp,date,category,issue,opinion,group,num_reactions,reactions_like,reactions_love,reactions_haha,reactions_wow,reactions_sad,reactions_angry,link,text,comment_summary,post_text,post_summary
2155408548369404,2155381481705444,2026-07-29T16:34:45+00:00,2026-07-29,Crime,Business Closure Safety,Staff safety priority validates closure,Beechdale Community Partnership,2,2,0,0,0,0,0,https://www.facebook.com/groups/1457262554850677/posts/2155381481705444?comment_id=2155408548369404,It is unfortunate that it has gone to this but safety comes first,"Expresses regret that the situation has escalated to the point of closure while affirming that prioritizing staff safety is the correct decision. Implicitly validates the closure as a necessary response to safety concerns, despite the unfortunate circumstances.",Today morrisons daily/post office on Stephenson Square have decided in the best interest of the safe and well-being of the staff to CLOSE with IMMEDIATE effect. We would like to say thank you to our loyal customers and a final farewell to all that have supported the shop these past few years🫶.,The immediate closure of the Stephenson Square Morrisons Daily and Post Office due to safety concerns regarding antisocial behaviour has prompted local residents to express both sympathy for the staff and practical anxiety over uncollected parcels.
2155421521701440,2155381481705444,2026-07-29T16:53:26+00:00,2026-07-29,Crime,Business Closure Safety,,Beechdale Community Partnership,2,0,0,0,2,0,0,https://www.facebook.com/groups/1457262554850677/posts/2155381481705444?comment_id=2155421521701440,Loopy Lou Heptinstall Courtney Louise,"Tags or names two individuals, Loopy Lou Heptinstall and Courtney Louise, in apparent reference to the shop closure. The intent is unclear—it may be identifying people involved in the incident, making a joke, or simply tagging acquaintances, but without additional context the specific meaning cannot be determined.",Today morrisons daily/post office on Stephenson Square have decided in the best interest of the safe and well-being of the staff to CLOSE with IMMEDIATE effect. We would like to say thank you to our loyal customers and a final farewell to all that have supported the shop these past few years🫶.,The immediate closure of the Stephenson Square Morrisons Daily and Post Office due to safety concerns regarding antisocial behaviour has prompted local residents to express both sympathy for the staff and practical anxiety over uncollected parcels.
2155423131701279,2155381481705444,2026-07-29T16:55:55+00:00,2026-07-29,Crime,Business Closure Safety,Practical concerns about service disruption,Beechdale Community Partnership,1,1,0,0,0,0,0,https://www.facebook.com/groups/1457262554850677/posts/2155381481705444?comment_id=2155423131701279,It’s such a shame but does anybody know where the parcels will go if they are already at the post office there,Questions the practical logistics of what will happen to parcels that were already at the post office when it closed suddenly. Expresses sympathy for the situation while raising concern about how customers will retrieve their packages.,Today morrisons daily/post office on Stephenson Square have decided in the best interest of the safe and well-being of the staff to CLOSE with IMMEDIATE effect. We would like to say thank you to our loyal customers and a final farewell to all that have supported the shop these past few years🫶.,The immediate closure of the Stephenson Square Morrisons Daily and Post Office due to safety concerns regarding antisocial behaviour has prompted local residents to express both sympathy for the staff and practical anxiety over uncollected parcels.
2155435411700051,2155381481705444,2026-07-29T17:13:55+00:00,2026-07-29,Crime,Business Closure Safety,Youth antisocial behavior blamed,Beechdale Community Partnership,5,5,0,0,0,0,0,https://www.facebook.com/groups/1457262554850677/posts/2155381481705444?comment_id=2155435411700051,"It was only time, ferral kids","Suggests that the shop closure was inevitable, attributing it to antisocial behaviour by young people in the area. Implies this outcome was predictable given the problem of 'feral kids' causing disruption.",Today morrisons daily/post office on Stephenson Square have decided in the best interest of the safe and well-being of the staff to CLOSE with IMMEDIATE effect. We would like to say thank you to our loyal customers and a final farewell to all that have supported the shop these past few years🫶.,The immediate closure of the Stephenson Square Morrisons Daily and Post Office due to safety concerns regarding antisocial behaviour has prompted local residents to express both sympathy for the staff and practical anxiety over uncollected parcels.
2155436801699912,2155381481705444,2026-07-29T17:15:28+00:00,2026-07-29,Crime,Business Closure Safety,Area deterioration and decline,Beechdale Community Partnership,6,6,0,0,0,0,0,https://www.facebook.com/groups/1457262554850677/posts/2155381481705444?comment_id=2155436801699912,The bronx is a better place than here just lately.Bastard disgusting 🤬.,"Expresses frustration with local conditions, suggesting the area has deteriorated recently and is now worse than the Bronx, while using strong language to convey disgust—likely directed at the antisocial behavior that prompted the shop closure rather than the closure itself.",Today morrisons daily/post office on Stephenson Square have decided in the best interest of the safe and well-being of the staff to CLOSE with IMMEDIATE effect. We would like to say thank you to our loyal customers and a final farewell to all that have supported the shop these past few years🫶.,The immediate closure of the Stephenson Square Morrisons Daily and Post Office due to safety concerns regarding antisocial behaviour has prompted local residents to express both sympathy for the staff and practical anxiety over uncollected parcels.
2155439825032943,2155381481705444,2026-07-29T17:19:45+00:00,2026-07-29,Crime,Business Closure Safety,Sympathy for affected staff,Beechdale Community Partnership,3,3,0,0,0,0,0,https://www.facebook.com/groups/1457262554850677/posts/2155381481705444?comment_id=2155439825032943,So sorry to hear this wishing all the staff well,Expresses sympathy for the store closure and concern for the affected staff members. Offers well-wishes to those who will be impacted by the immediate closure.,Today morrisons daily/post office on Stephenson Square have decided in the best interest of the safe and well-being of the staff to CLOSE with IMMEDIATE effect. We would like to say thank you to our loyal customers and a final farewell to all that have supported the shop these past few years🫶.,The immediate closure of the Stephenson Square Morrisons Daily and Post Office due to safety concerns regarding antisocial behaviour has prompted local residents to express both sympathy for the staff and practical anxiety over uncollected parcels.
2155474431696149,2155381481705444,2026-07-29T18:12:14+00:00,2026-07-29,Crime,Business Closure Safety,,Beechdale Community Partnership,0,0,0,0,0,0,0,https://www.facebook.com/groups/1457262554850677/posts/2155381481705444?comment_id=2155474431696149,Emma Louise Coverson,"The comment consists only of a name (Emma Louise Coverson) with no additional text or substantive content. Without any actual commentary, the commenter's position, stance, or meaning cannot be determined.",Today morrisons daily/post office on Stephenson Square have decided in the best interest of the safe and well-being of the staff to CLOSE with IMMEDIATE effect. We would like to say thank you to our loyal customers and a final farewell to all that have supported the shop these past few years🫶.,The immediate closure of the Stephenson Square Morrisons Daily and Post Office due to safety concerns regarding antisocial behaviour has prompted local residents to express both sympathy for the staff and practical anxiety over uncollected parcels.
2155480865028839,2155381481705444,2026-07-29T18:22:29+00:00,2026-07-29,Crime,Business Closure Safety,Closure was inevitable outcome,Beechdale Community Partnership,1,1,0,0,0,0,0,https://www.facebook.com/groups/1457262554850677/posts/2155381481705444?comment_id=2155480865028839,"Only a matter of time,staff need to be safe and they ain't.such a shame.","Expresses sympathy for staff safety concerns, suggesting the closure was inevitable given ongoing antisocial behaviour issues at the location. Implies the situation had become untenable and closure was the only responsible course of action.",Today morrisons daily/post office on Stephenson Square have decided in the best interest of the safe and well-being of the staff to CLOSE with IMMEDIATE effect. We would like to say thank you to our loyal customers and a final farewell to all that have supported the shop these past few years🫶.,The immediate closure of the Stephenson Square Morrisons Daily and Post Office due to safety concerns regarding antisocial behaviour has prompted local residents to express both sympathy for the staff and practical anxiety over uncollected parcels.
2155495038360755,2155381481705444,2026-07-29T18:44:06+00:00,2026-07-29,Crime,Business Closure Safety,,Beechdale Community Partnership,1,1,0,0,0,0,0,https://www.facebook.com/groups/1457262554850677/posts/2155381481705444?comment_id=2155495038360755,Message you x,"Sends a brief, informal greeting or acknowledgment ('Message you x'). The comment is too minimal to determine whether it expresses sympathy for the closure, concern about the situation, or simply represents an incomplete or accidental message.",Today morrisons daily/post office on Stephenson Square have decided in the best interest of the safe and well-being of the staff to CLOSE with IMMEDIATE effect. We would like to say thank you to our loyal customers and a final farewell to all that have supported the shop these past few years🫶.,The immediate closure of the Stephenson Square Morrisons Daily and Post Office due to safety concerns regarding antisocial behaviour has prompted local residents to express both sympathy for the staff and practical anxiety over uncollected parcels.
2155547941688798,2155381481705444,2026-07-29T20:13:50+00:00,2026-07-29,Crime,Business Closure Safety,Sympathy for affected staff,Beechdale Community Partnership,1,1,0,0,0,0,0,https://www.facebook.com/groups/1457262554850677/posts/2155381481705444?comment_id=2155547941688798,Sad to hear wishing you all the very best and thank you for your time and laughs 👌🙏❤️,Expresses sympathy for the closure and appreciation for the staff's service and positive interactions with customers over the years. Offers well-wishes to those affected by the immediate shutdown.,Today morrisons daily/post office on Stephenson Square have decided in the best interest of the safe and well-being of the staff to CLOSE with IMMEDIATE effect. We would like to say thank you to our loyal customers and a final farewell to all that have supported the shop these past few years🫶.,The immediate closure of the Stephenson Square Morrisons Daily and Post Office due to safety concerns regarding antisocial behaviour has prompted local residents to express both sympathy for the staff and practical anxiety over uncollected parcels.
2155575998352659,2155381481705444,2026-07-29T21:06:55+00:00,2026-07-29,Crime,Business Closure Safety,Practical concerns about service disruption,Beechdale Community Partnership,1,1,0,0,0,0,0,https://www.facebook.com/groups/1457262554850677/posts/2155381481705444?comment_id=2155575998352659,Sorry to hear this is have a parcel there to collect how do I get it now ?,Expresses sympathy for the closure while raising a practical concern about retrieving a parcel that was left at the now-closed location. Questions how to collect the package given the immediate shutdown.,Today morrisons daily/post office on Stephenson Square have decided in the best interest of the safe and well-being of the staff to CLOSE with IMMEDIATE effect. We would like to say thank you to our loyal customers and a final farewell to all that have supported the shop these past few years🫶.,The immediate closure of the Stephenson Square Morrisons Daily and Post Office due to safety concerns regarding antisocial behaviour has prompted local residents to express both sympathy for the staff and practical anxiety over uncollected parcels.
2155997514977174,2155381481705444,2026-07-30T09:41:45+00:00,2026-07-30,Crime,Business Closure Safety,Condemns perpetrators of problems,Beechdale Community Partnership,1,1,0,0,0,0,0,https://www.facebook.com/groups/1457262554850677/posts/2155381481705444?comment_id=2155997514977174,What a society we live in Scum that caused so much stress and grief the staff Well done to the staff al the years it has been going,"Criticizes individuals responsible for antisocial behavior that caused staff distress, calling them 'scum,' while praising the staff for their years of service. The comment expresses disapproval of the circumstances that led to the closure, though the exact referent of 'scum' is somewhat unclear—likely directed at perpetrators of antisocial behavior rather than the business itself.",Today morrisons daily/post office on Stephenson Square have decided in the best interest of the safe and well-being of the staff to CLOSE with IMMEDIATE effect. We would like to say thank you to our loyal customers and a final farewell to all that have supported the shop these past few years🫶.,The immediate closure of the Stephenson Square Morrisons Daily and Post Office due to safety concerns regarding antisocial behaviour has prompted local residents to express both sympathy for the staff and practical anxiety over uncollected parcels.
2156286978281561,2155381481705444,2026-07-30T16:38:01+00:00,2026-07-30,Crime,Business Closure Safety,Humor about area safety issues,Beechdale Community Partnership,2,0,0,2,0,0,0,https://www.facebook.com/groups/1457262554850677/posts/2155381481705444?comment_id=2156286978281561,Some one said Mandy and bills shop is having the post office they are after workers need to have good experience with machine guns sas trained and not get frightened when you have a shooter shoved in your face 😂😂,"References another local shop (Mandy and Bill's) allegedly seeking post office staff and sarcastically suggests the job requirements include weapons training and tolerance for armed violence, implying the area has serious safety issues justifying such extreme qualifications. Uses humor to comment on the severity of antisocial behavior affecting local businesses.",Today morrisons daily/post office on Stephenson Square have decided in the best interest of the safe and well-being of the staff to CLOSE with IMMEDIATE effect. We would like to say thank you to our loyal customers and a final farewell to all that have supported the shop these past few years🫶.,The immediate closure of the Stephenson Square Morrisons Daily and Post Office due to safety concerns regarding antisocial behaviour has prompted local residents to express both sympathy for the staff and practical anxiety over uncollected parcels.
2157156431527949,2155381481705444,2026-07-31T16:23:22+00:00,2026-07-31,Crime,Business Closure Safety,,Beechdale Community Partnership,0,0,0,0,0,0,0,https://www.facebook.com/groups/1457262554850677/posts/2155381481705444?comment_id=2157156431527949,https://www.expressandstar.com/news/beechdale-post-office-walsall-8832868,"Shares a news article link from the Express and Star about the Beechdale Post Office in Walsall, likely providing additional context or reporting on the closure mentioned in the post.",Today morrisons daily/post office on Stephenson Square have decided in the best interest of the safe and well-being of the staff to CLOSE with IMMEDIATE effect. We would like to say thank you to our loyal customers and a final farewell to all that have supported the shop these past few years🫶.,The immediate closure of the Stephenson Square Morrisons Daily and Post Office due to safety concerns regarding antisocial behaviour has prompted local residents to express both sympathy for the staff and practical anxiety over uncollected parcels.
3386243454913089,3386237471580354,2026-08-04T13:39:27+00:00,2026-08-04,Crime,Vehicle Theft,Community sharing and amplification,Walsall Asian Community News & Views,1,1,0,0,0,0,0,https://www.facebook.com/groups/1149747311896059/posts/3386237471580354?comment_id=3386243454913089,Shared,Shares the stolen car post to amplify its reach within the community. The single-word comment indicates support for the appeal and intent to help distribute the information.,"🚨 STOLEN CAR – PLEASE SHARE 🚨 My BMW 1 Series was stolen from my driveway in the early hours of 3 August at around 1:00 a.m from Great Barr. I believe it is parked in the surrounding areas. Registration: MW66 LDL This car meant so much more than just getting from A to B. It has a lot of sentimental items inside including photos of my family and cat. It also has my detailing products I use for my side business. If you saw anything suspicious, have dashcam or CCTV footage from the area around that time, or have any information at all, please contact me on 07928 338445 or report it to the police. Please share this post—it only takes one person recognising the car to make a difference. Thank you so much for your support.",A victim is appealing for public assistance and information following the theft of a vehicle containing significant sentimental and professional items from a residential driveway in Great Barr.
3386253861578715,3386237471580354,2026-08-04T13:52:00+00:00,2026-08-04,Crime,Vehicle Theft,Anger toward thieves,Walsall Asian Community News & Views,1,1,0,0,0,0,0,https://www.facebook.com/groups/1149747311896059/posts/3386237471580354?comment_id=3386253861578715,Bunch of cunts. Hope you get it back,"Expresses strong anger toward the car thieves using profanity, and offers sympathetic support to the victim by wishing for the recovery of their stolen vehicle.","🚨 STOLEN CAR – PLEASE SHARE 🚨 My BMW 1 Series was stolen from my driveway in the early hours of 3 August at around 1:00 a.m from Great Barr. I believe it is parked in the surrounding areas. Registration: MW66 LDL This car meant so much more than just getting from A to B. It has a lot of sentimental items inside including photos of my family and cat. It also has my detailing products I use for my side business. If you saw anything suspicious, have dashcam or CCTV footage from the area around that time, or have any information at all, please contact me on 07928 338445 or report it to the police. Please share this post—it only takes one person recognising the car to make a difference. Thank you so much for your support.",A victim is appealing for public assistance and information following the theft of a vehicle containing significant sentimental and professional items from a residential driveway in Great Barr.
3387025524834882,3386237471580354,2026-08-05T06:56:33+00:00,2026-08-05,Crime,Vehicle Theft,Community sharing and amplification,Walsall Asian Community News & Views,1,1,0,0,0,0,0,https://www.facebook.com/groups/1149747311896059/posts/3386237471580354?comment_id=3387025524834882,shared ws1,"Shares the post, likely indicating intent to help distribute the stolen vehicle appeal to a wider audience. The comment provides no additional information or commentary beyond the sharing action.","🚨 STOLEN CAR – PLEASE SHARE 🚨 My BMW 1 Series was stolen from my driveway in the early hours of 3 August at around 1:00 a.m from Great Barr. I believe it is parked in the surrounding areas. Registration: MW66 LDL This car meant so much more than just getting from A to B. It has a lot of sentimental items inside including photos of my family and cat. It also has my detailing products I use for my side business. If you saw anything suspicious, have dashcam or CCTV footage from the area around that time, or have any information at all, please contact me on 07928 338445 or report it to the police. Please share this post—it only takes one person recognising the car to make a difference. Thank you so much for your support.",A victim is appealing for public assistance and information following the theft of a vehicle containing significant sentimental and professional items from a residential driveway in Great Barr.
3437183773118255,3436873666482599,2026-08-06T23:28:24+00:00,2026-08-06,Crime,Vehicle Theft,Information coordination requests,Bloxwich Chit Chat,1,0,1,0,0,0,0,https://www.facebook.com/groups/2369573043212672/posts/3436873666482599?comment_id=3437183773118255,Any information contact Grace Rochelle,"Provides contact information for the post author, Grace Rochelle, as a point of contact for anyone with information about the stolen van. The comment appears to be either a clarification of how to reach the original poster or potentially a duplicate/redundant statement since Grace Rochelle is already identified as the post author.","VAN STOLEN!!!! Last night on red brook road in beachdale a COMPANY van was took from our house, the reg is shown in the picture with the damage it already has. If anyone knows or sees this van please let me know (no names will be mentioned!) VAN STOLEN!!!! Last night on red brook road in beachdale a COMPANY van was took from our house, the reg is shown in the picture with the damage it already has. If anyone knows or sees this van please let me know (no names will be mentioned!)",A local resident is appealing for information regarding the theft of a distinctive grey Ford Transit company van from the Beechdale area.
3438639619639337,3438503599652939,2026-08-08T09:05:19+00:00,2026-08-08,Crime,Hit and Run,,Bloxwich Chit Chat,0,0,0,0,0,0,0,https://www.facebook.com/groups/2369573043212672/posts/3438503599652939?comment_id=3438639619639337,Any information contact Sare Obrien.,"Directs readers to contact Sare Obrien for information about the hit-and-run incident. This appears to be either a self-referential statement from the post author or a confusing redirect, as Sare Obrien is the original poster seeking information rather than someone providing it.","This happened to my car yesterday, parked outside my house in Hadley Way. Anyone got a white van who was working in the area suddenly have a black stripe on it? There were a few workvans around yesterday, someone must know they did it. As you can see they must have pulled up to hit me the way they did, and its not the bloke in front, he lives here and he's lovely.",A resident is seeking information to identify the driver of a white van responsible for a hit-and-run collision involving their parked car in Hadley Way.
3390937011110400,3390936487777119,2026-08-08T20:50:00+00:00,2026-08-08,Crime,Care Worker Abuse,Information sharing and awareness raising,Walsall Asian Community News & Views,0,0,0,0,0,0,0,https://www.facebook.com/groups/1149747311896059/posts/3390936487777119?comment_id=3390937011110400,Read more: https://trib.al/37uLkpz,"Directs readers to an external news article via a shortened URL link, presumably to provide additional information or evidence related to the care worker abuse case discussed in the post.",🚨 A 'significant personal injustice' 😢😡 #CrimeNewsUK #CrimeNews #CrimestoppersUK #CareWorker #careworkerabuse,"The public is expressing outrage over a report of a care worker feeding an elderly woman dog food prior to her death, describing the incident as a significant personal injustice."
3391448854392549,3390936487777119,2026-08-09T09:03:45+00:00,2026-08-09,Crime,Care Worker Abuse,Moral outrage at caregiver cruelty,Walsall Asian Community News & Views,1,1,0,0,0,0,0,https://www.facebook.com/groups/1149747311896059/posts/3390936487777119?comment_id=3391448854392549,That’s disgusting 😡,Expresses strong moral disapproval and disgust at the reported incident of a care worker mistreating an elderly woman by feeding her dog food. The commenter's emotional reaction aligns with the post's framing of the incident as a serious injustice.,🚨 A 'significant personal injustice' 😢😡 #CrimeNewsUK #CrimeNews #CrimestoppersUK #CareWorker #careworkerabuse,"The public is expressing outrage over a report of a care worker feeding an elderly woman dog food prior to her death, describing the incident as a significant personal injustice."
3440188686151097,3440064902830142,2026-08-09T19:49:23+00:00,2026-08-09,Crime,Arson Fire Setting,Seeking incident location details,Bloxwich Chit Chat,0,0,0,0,0,0,0,https://www.facebook.com/groups/2369573043212672/posts/3440064902830142?comment_id=3440188686151097,Where is this pls,"Asks for the specific location of the fire shown in the video. The commenter likely seeks to know where in Bloxwich the incident occurred, possibly out of local concern or curiosity about the incident.",Not my video - but kids have lit this today Bloxwich -(leobuchanan91) Not my video - but kids have lit this today Bloxwich -(leobuchanan91),"Local residents are expressing outrage and calling for strict punitive measures against the youths responsible for starting a grass fire in Bloxwich, citing a perceived lack of parental discipline and respect."
3440189426151023,3440064902830142,2026-08-09T19:50:31+00:00,2026-08-09,Crime,Arson Fire Setting,Seeking incident location details,Bloxwich Chit Chat,0,0,0,0,0,0,0,https://www.facebook.com/groups/2369573043212672/posts/3440064902830142?comment_id=3440189426151023,Omg where is this plz looks bad,Expresses concern about the fire incident and requests the specific location where it occurred. Implies the situation appears serious or dangerous based on the video evidence.,Not my video - but kids have lit this today Bloxwich -(leobuchanan91) Not my video - but kids have lit this today Bloxwich -(leobuchanan91),"Local residents are expressing outrage and calling for strict punitive measures against the youths responsible for starting a grass fire in Bloxwich, citing a perceived lack of parental discipline and respect."
3440190366150929,3440064902830142,2026-08-09T19:51:55+00:00,2026-08-09,Crime,Arson Fire Setting,Seeking incident location details,Bloxwich Chit Chat,2,2,0,0,0,0,0,https://www.facebook.com/groups/2369573043212672/posts/3440064902830142?comment_id=3440190366150929,Where is this please,Asks for the specific location of the fire shown in the video. The commenter seeks clarification on where in Bloxwich the incident occurred.,Not my video - but kids have lit this today Bloxwich -(leobuchanan91) Not my video - but kids have lit this today Bloxwich -(leobuchanan91),"Local residents are expressing outrage and calling for strict punitive measures against the youths responsible for starting a grass fire in Bloxwich, citing a perceived lack of parental discipline and respect."
3440193516150614,3439765909526708,2026-08-09T19:56:03+00:00,2026-08-09,Crime,Cemetery Theft,Contact cemetery management for clarification,Bloxwich Chit Chat,3,3,0,0,0,0,0,https://www.facebook.com/groups/2369573043212672/posts/3439765909526708?comment_id=3440193516150614,"All cemetery’s are the same, they will remove items . If you ask the ground staff at the cemetery they will tell you what your allowed.",Advises that all cemeteries have policies removing items from graves and recommends contacting ground staff directly to clarify what is permitted. Implies the original poster should seek clarification from cemetery management rather than speculating about theft or council removal.,"I’m hoping someone in this group might be able to help. I have a family grave at Bloxwich Cemetery. A couple of years ago, a small rose plant was removed from the grave. It had been planted by my Dad for his Mom. I contacted Walsall Council at the time and was told that they had removed it because it had been planted at the side of the grave. In April 2026, I purchased two more rose plants and planted them at the front of the grave, along with some bedding plants. Unfortunately, when I checked the grave about a month later, both roses had disappeared, although the bedding plants were still there and hadn’t been disturbed. As I’m not local to the area, I’m unable to visit the grave regularly. Having looked through this group, I’ve noticed that other people have mentioned items, flowers and plants being taken from graves. I wondered if anyone else has experienced this at Bloxwich Cemetery, or whether it is likely that someone may have taken the roses? It seems strange that both roses would disappear while the bedding plants were left untouched. It’s particularly upsetting as the first rose had been planted by my Dad for his Mom, so the plants have sentimental value to our family. Thank you in advance to anyone who may be able to shed some light on this. ❤️ I’m hoping someone in this group might be able to help. I have a family grave at Bloxwich Cemetery. A couple of years ago, a small rose plant was removed from the grave. It had been planted by my Dad for his Mom. I contacted Walsall Council at the time and was told that they had removed it because it had been planted at the side of the grave. In April 2026, I purchased two more rose plants and planted them at the front of the grave, along with some bedding plants. Unfortunately, when I checked the grave about a month later, both roses had disappeared, although the bedding plants were still there and hadn’t been disturbed. As I’m not local to the area, I’m unable to visit the grave regularly. Having looked through this group, I’ve noticed that other people have mentioned items, flowers and plants being taken from graves. I wondered if anyone else has experienced this at Bloxwich Cemetery, or whether it is likely that someone may have taken the roses? It seems strange that both roses would disappear while the bedding plants were left untouched. It’s particularly upsetting as the first rose had been planted by my Dad for his Mom, so the plants have sentimental value to our family. Thank you in advance to anyone who may be able to shed some light on this. ❤️","The discussion centres on the distressing disappearance of sentimental plants and ornaments from graves at Bloxwich Cemetery, debating whether these losses result from strict council maintenance policies or targeted theft by the public."
3440193936150572,3440064902830142,2026-08-09T19:56:36+00:00,2026-08-09,Crime,Arson Fire Setting,Seeking incident location details,Bloxwich Chit Chat,8,2,1,0,5,0,0,https://www.facebook.com/groups/2369573043212672/posts/3440064902830142?comment_id=3440193936150572,"Caution strong language from original poster : @Leo: Lichfield road entranceon the way to stoney Lane, little bloxwich","Provides a specific location detail identifying where the fire occurred in Bloxwich, directing attention to the Lichfield Road entrance near Stoney Lane in Little Bloxwich. The commenter is contributing factual information to help pinpoint the incident location discussed in the post.",Not my video - but kids have lit this today Bloxwich -(leobuchanan91) Not my video - but kids have lit this today Bloxwich -(leobuchanan91),"Local residents are expressing outrage and calling for strict punitive measures against the youths responsible for starting a grass fire in Bloxwich, citing a perceived lack of parental discipline and respect."
3440195172817115,3439765909526708,2026-08-09T19:58:23+00:00,2026-08-09,Crime,Cemetery Theft,Cemetery policies necessary for maintenance,Bloxwich Chit Chat,3,3,0,0,0,0,0,https://www.facebook.com/groups/2369573043212672/posts/3439765909526708?comment_id=3440195172817115,"All cemeteries will remove things around graves for maintenance reasons, if they allowed everyone to do anything they wanted it would get out of control very quickly.","Defends cemetery maintenance policies by explaining that cemeteries must remove items from graves for upkeep purposes, and argues that allowing unrestricted placement of items would quickly lead to disorder and chaos. Implicitly suggests the original poster's rose removal was likely justified policy rather than theft or malice.","I’m hoping someone in this group might be able to help. I have a family grave at Bloxwich Cemetery. A couple of years ago, a small rose plant was removed from the grave. It had been planted by my Dad for his Mom. I contacted Walsall Council at the time and was told that they had removed it because it had been planted at the side of the grave. In April 2026, I purchased two more rose plants and planted them at the front of the grave, along with some bedding plants. Unfortunately, when I checked the grave about a month later, both roses had disappeared, although the bedding plants were still there and hadn’t been disturbed. As I’m not local to the area, I’m unable to visit the grave regularly. Having looked through this group, I’ve noticed that other people have mentioned items, flowers and plants being taken from graves. I wondered if anyone else has experienced this at Bloxwich Cemetery, or whether it is likely that someone may have taken the roses? It seems strange that both roses would disappear while the bedding plants were left untouched. It’s particularly upsetting as the first rose had been planted by my Dad for his Mom, so the plants have sentimental value to our family. Thank you in advance to anyone who may be able to shed some light on this. ❤️ I’m hoping someone in this group might be able to help. I have a family grave at Bloxwich Cemetery. A couple of years ago, a small rose plant was removed from the grave. It had been planted by my Dad for his Mom. I contacted Walsall Council at the time and was told that they had removed it because it had been planted at the side of the grave. In April 2026, I purchased two more rose plants and planted them at the front of the grave, along with some bedding plants. Unfortunately, when I checked the grave about a month later, both roses had disappeared, although the bedding plants were still there and hadn’t been disturbed. As I’m not local to the area, I’m unable to visit the grave regularly. Having looked through this group, I’ve noticed that other people have mentioned items, flowers and plants being taken from graves. I wondered if anyone else has experienced this at Bloxwich Cemetery, or whether it is likely that someone may have taken the roses? It seems strange that both roses would disappear while the bedding plants were left untouched. It’s particularly upsetting as the first rose had been planted by my Dad for his Mom, so the plants have sentimental value to our family. Thank you in advance to anyone who may be able to shed some light on this. ❤️","The discussion centres on the distressing disappearance of sentimental plants and ornaments from graves at Bloxwich Cemetery, debating whether these losses result from strict council maintenance policies or targeted theft by the public."
3440197226150243,3440064902830142,2026-08-09T20:01:13+00:00,2026-08-09,Crime,Arson Fire Setting,,Bloxwich Chit Chat,0,0,0,0,0,0,0,https://www.facebook.com/groups/2369573043212672/posts/3440064902830142?comment_id=3440197226150243,Jane Cottam,"The comment consists only of the commenter's name 'Jane Cottam' with no additional text or substantive content. It is unclear whether this represents an accidental submission, a placeholder, or an incomplete comment.",Not my video - but kids have lit this today Bloxwich -(leobuchanan91) Not my video - but kids have lit this today Bloxwich -(leobuchanan91),"Local residents are expressing outrage and calling for strict punitive measures against the youths responsible for starting a grass fire in Bloxwich, citing a perceived lack of parental discipline and respect."
3440200679483231,3439742726195693,2026-08-09T20:05:27+00:00,2026-08-09,Crime,Youth Antisocial Behavior,Poor parenting causes youth misconduct,Bloxwich Chit Chat,23,22,0,1,0,0,0,https://www.facebook.com/groups/2369573043212672/posts/3439742726195693?comment_id=3440200679483231,Dragged up little munters,"Criticizes the children involved in the incident as poorly-behaved and inadequately parented, using derogatory language ('munters') to express contempt for their conduct and upbringing.","If these are your delightful little cherubs walking dogs by Bloxwich Active Living I suggest you have a word with them. They have walked out in the road with cars approaching. My friend has beeped the one with the blonde hair as a car was coming the other way and he didn't look. The 2 that crossed first have stood at the side of the road abusing her using disgusting racist language aswell as calling her a fat bitch and a paedophile for beeping him amongst other things. She had her baby in the car and to be quite frank, it's fucking disgusting. Just to add - the images and video will be clearer when uploaded onto the laptop and a log is being made with the police. It was taken directly from the dashcam as soon as she pulled up","The community is divided over a report of children engaging in dangerous road behaviour and directing vitriolic, racist abuse at a motorist, with some residents condemning the lack of parental discipline while others urge empathy for the youths' backgrounds."
3440200802816552,3440064902830142,2026-08-09T20:05:36+00:00,2026-08-09,Crime,Arson Fire Setting,Recurring local problem pattern,Bloxwich Chit Chat,0,0,0,0,0,0,0,https://www.facebook.com/groups/2369573043212672/posts/3440064902830142?comment_id=3440200802816552,What with al.these grass fires,"Expresses concern about the prevalence of grass fires in the area, likely referencing the incident described in the post. The incomplete phrasing suggests frustration or exasperation about repeated fire incidents, though the full thought is unclear due to the truncated nature of the comment.",Not my video - but kids have lit this today Bloxwich -(leobuchanan91) Not my video - but kids have lit this today Bloxwich -(leobuchanan91),"Local residents are expressing outrage and calling for strict punitive measures against the youths responsible for starting a grass fire in Bloxwich, citing a perceived lack of parental discipline and respect."
3440202689483030,3439742726195693,2026-08-09T20:07:44+00:00,2026-08-09,Crime,Youth Antisocial Behavior,Youth destined for criminal futures,Bloxwich Chit Chat,13,13,0,0,0,0,0,https://www.facebook.com/groups/2369573043212672/posts/3439742726195693?comment_id=3440202689483030,Jail bait for the future x,"Suggests that the children involved in the incident are destined for incarceration due to their poor behavior and lack of discipline. Uses a dismissive, derogatory tone to characterize the youths as future criminals.","If these are your delightful little cherubs walking dogs by Bloxwich Active Living I suggest you have a word with them. They have walked out in the road with cars approaching. My friend has beeped the one with the blonde hair as a car was coming the other way and he didn't look. The 2 that crossed first have stood at the side of the road abusing her using disgusting racist language aswell as calling her a fat bitch and a paedophile for beeping him amongst other things. She had her baby in the car and to be quite frank, it's fucking disgusting. Just to add - the images and video will be clearer when uploaded onto the laptop and a log is being made with the police. It was taken directly from the dashcam as soon as she pulled up","The community is divided over a report of children engaging in dangerous road behaviour and directing vitriolic, racist abuse at a motorist, with some residents condemning the lack of parental discipline while others urge empathy for the youths' backgrounds."
3440204816149484,3439765909526708,2026-08-09T20:10:32+00:00,2026-08-09,Crime,Cemetery Theft,Inconsistent policy enforcement suggests targeting,Bloxwich Chit Chat,1,1,0,0,0,0,0,https://www.facebook.com/groups/2369573043212672/posts/3439765909526708?comment_id=3440204816149484,"When I spoke to the council previously, I was advised that we could plant at the front of the grave, which is why the two roses were planted there in April, along with the bedding plants. What I find particularly confusing is that the bedding plants have not been removed, yet both of the roses have disappeared. If the plants at the front of the grave were considered inappropriate or not permitted, I would have expected all of the plants to have been removed rather than just the roses. It seems very unusual and, understandably, I would really like to know what has happened to them and why they were specifically removed. These roses were planted in memory of my Dad’s Mom, so it is particularly upsetting to have them disappear again after I had already sought advice from the council about where they could be planted.","Questions the inconsistency of the council's actions in removing only the roses while leaving bedding plants untouched, suggesting this selective removal contradicts the stated policy against inappropriate plantings and implying either deliberate targeting or lack of clarity in cemetery regulations. Expresses frustration at the repeated loss of sentimental memorial roses despite having sought and followed council guidance on proper planting locations.","I’m hoping someone in this group might be able to help. I have a family grave at Bloxwich Cemetery. A couple of years ago, a small rose plant was removed from the grave. It had been planted by my Dad for his Mom. I contacted Walsall Council at the time and was told that they had removed it because it had been planted at the side of the grave. In April 2026, I purchased two more rose plants and planted them at the front of the grave, along with some bedding plants. Unfortunately, when I checked the grave about a month later, both roses had disappeared, although the bedding plants were still there and hadn’t been disturbed. As I’m not local to the area, I’m unable to visit the grave regularly. Having looked through this group, I’ve noticed that other people have mentioned items, flowers and plants being taken from graves. I wondered if anyone else has experienced this at Bloxwich Cemetery, or whether it is likely that someone may have taken the roses? It seems strange that both roses would disappear while the bedding plants were left untouched. It’s particularly upsetting as the first rose had been planted by my Dad for his Mom, so the plants have sentimental value to our family. Thank you in advance to anyone who may be able to shed some light on this. ❤️ I’m hoping someone in this group might be able to help. I have a family grave at Bloxwich Cemetery. A couple of years ago, a small rose plant was removed from the grave. It had been planted by my Dad for his Mom. I contacted Walsall Council at the time and was told that they had removed it because it had been planted at the side of the grave. In April 2026, I purchased two more rose plants and planted them at the front of the grave, along with some bedding plants. Unfortunately, when I checked the grave about a month later, both roses had disappeared, although the bedding plants were still there and hadn’t been disturbed. As I’m not local to the area, I’m unable to visit the grave regularly. Having looked through this group, I’ve noticed that other people have mentioned items, flowers and plants being taken from graves. I wondered if anyone else has experienced this at Bloxwich Cemetery, or whether it is likely that someone may have taken the roses? It seems strange that both roses would disappear while the bedding plants were left untouched. It’s particularly upsetting as the first rose had been planted by my Dad for his Mom, so the plants have sentimental value to our family. Thank you in advance to anyone who may be able to shed some light on this. ❤️","The discussion centres on the distressing disappearance of sentimental plants and ornaments from graves at Bloxwich Cemetery, debating whether these losses result from strict council maintenance policies or targeted theft by the public."
3440206356149330,3439765909526708,2026-08-09T20:13:14+00:00,2026-08-09,Crime,Cemetery Theft,Root damage justifies plant restrictions,Bloxwich Chit Chat,8,8,0,0,0,0,0,https://www.facebook.com/groups/2369573043212672/posts/3439765909526708?comment_id=3440206356149330,Im not sure if this is across the board but at the cemetery i attend ( not bloxwich) you're not allowed to plant directly into the ground as the roots can disturb headstones and walk ways as they establish. You can have pots with plants in though xx,"Shares that their own cemetery has a policy prohibiting direct planting in the ground due to root damage to headstones and pathways, but allows potted plants as an alternative. Implies this may be a common practice across cemeteries and could explain why the poster's roses were removed.","I’m hoping someone in this group might be able to help. I have a family grave at Bloxwich Cemetery. A couple of years ago, a small rose plant was removed from the grave. It had been planted by my Dad for his Mom. I contacted Walsall Council at the time and was told that they had removed it because it had been planted at the side of the grave. In April 2026, I purchased two more rose plants and planted them at the front of the grave, along with some bedding plants. Unfortunately, when I checked the grave about a month later, both roses had disappeared, although the bedding plants were still there and hadn’t been disturbed. As I’m not local to the area, I’m unable to visit the grave regularly. Having looked through this group, I’ve noticed that other people have mentioned items, flowers and plants being taken from graves. I wondered if anyone else has experienced this at Bloxwich Cemetery, or whether it is likely that someone may have taken the roses? It seems strange that both roses would disappear while the bedding plants were left untouched. It’s particularly upsetting as the first rose had been planted by my Dad for his Mom, so the plants have sentimental value to our family. Thank you in advance to anyone who may be able to shed some light on this. ❤️ I’m hoping someone in this group might be able to help. I have a family grave at Bloxwich Cemetery. A couple of years ago, a small rose plant was removed from the grave. It had been planted by my Dad for his Mom. I contacted Walsall Council at the time and was told that they had removed it because it had been planted at the side of the grave. In April 2026, I purchased two more rose plants and planted them at the front of the grave, along with some bedding plants. Unfortunately, when I checked the grave about a month later, both roses had disappeared, although the bedding plants were still there and hadn’t been disturbed. As I’m not local to the area, I’m unable to visit the grave regularly. Having looked through this group, I’ve noticed that other people have mentioned items, flowers and plants being taken from graves. I wondered if anyone else has experienced this at Bloxwich Cemetery, or whether it is likely that someone may have taken the roses? It seems strange that both roses would disappear while the bedding plants were left untouched. It’s particularly upsetting as the first rose had been planted by my Dad for his Mom, so the plants have sentimental value to our family. Thank you in advance to anyone who may be able to shed some light on this. ❤️","The discussion centres on the distressing disappearance of sentimental plants and ornaments from graves at Bloxwich Cemetery, debating whether these losses result from strict council maintenance policies or targeted theft by the public."
3440207656149200,3439765909526708,2026-08-09T20:15:15+00:00,2026-08-09,Crime,Cemetery Theft,Widespread theft problem at cemetery,Bloxwich Chit Chat,1,0,1,0,0,0,0,https://www.facebook.com/groups/2369573043212672/posts/3439765909526708?comment_id=3440207656149200,We had the same. We've had stuff stolen as well,Confirms experiencing similar issues with items being stolen from graves at the cemetery. Implies this is a recurring problem affecting multiple families in the area.,"I’m hoping someone in this group might be able to help. I have a family grave at Bloxwich Cemetery. A couple of years ago, a small rose plant was removed from the grave. It had been planted by my Dad for his Mom. I contacted Walsall Council at the time and was told that they had removed it because it had been planted at the side of the grave. In April 2026, I purchased two more rose plants and planted them at the front of the grave, along with some bedding plants. Unfortunately, when I checked the grave about a month later, both roses had disappeared, although the bedding plants were still there and hadn’t been disturbed. As I’m not local to the area, I’m unable to visit the grave regularly. Having looked through this group, I’ve noticed that other people have mentioned items, flowers and plants being taken from graves. I wondered if anyone else has experienced this at Bloxwich Cemetery, or whether it is likely that someone may have taken the roses? It seems strange that both roses would disappear while the bedding plants were left untouched. It’s particularly upsetting as the first rose had been planted by my Dad for his Mom, so the plants have sentimental value to our family. Thank you in advance to anyone who may be able to shed some light on this. ❤️ I’m hoping someone in this group might be able to help. I have a family grave at Bloxwich Cemetery. A couple of years ago, a small rose plant was removed from the grave. It had been planted by my Dad for his Mom. I contacted Walsall Council at the time and was told that they had removed it because it had been planted at the side of the grave. In April 2026, I purchased two more rose plants and planted them at the front of the grave, along with some bedding plants. Unfortunately, when I checked the grave about a month later, both roses had disappeared, although the bedding plants were still there and hadn’t been disturbed. As I’m not local to the area, I’m unable to visit the grave regularly. Having looked through this group, I’ve noticed that other people have mentioned items, flowers and plants being taken from graves. I wondered if anyone else has experienced this at Bloxwich Cemetery, or whether it is likely that someone may have taken the roses? It seems strange that both roses would disappear while the bedding plants were left untouched. It’s particularly upsetting as the first rose had been planted by my Dad for his Mom, so the plants have sentimental value to our family. Thank you in advance to anyone who may be able to shed some light on this. ❤️","The discussion centres on the distressing disappearance of sentimental plants and ornaments from graves at Bloxwich Cemetery, debating whether these losses result from strict council maintenance policies or targeted theft by the public."
3440208962815736,3440064902830142,2026-08-09T20:17:11+00:00,2026-08-09,Crime,Arson Fire Setting,Simple disapproval expressions,Bloxwich Chit Chat,2,2,0,0,0,0,0,https://www.facebook.com/groups/2369573043212672/posts/3440064902830142?comment_id=3440208962815736,Leo Buchanan 🫣🫣🫣,"Expresses shock or dismay at the grass fire incident in Bloxwich, using face-palm emojis to convey disapproval or exasperation. The comment appears to be a reaction to the original post about youths starting the fire, though the exact sentiment is somewhat ambiguous.",Not my video - but kids have lit this today Bloxwich -(leobuchanan91) Not my video - but kids have lit this today Bloxwich -(leobuchanan91),"Local residents are expressing outrage and calling for strict punitive measures against the youths responsible for starting a grass fire in Bloxwich, citing a perceived lack of parental discipline and respect."
3440210846148881,3439765909526708,2026-08-09T20:19:36+00:00,2026-08-09,Crime,Cemetery Theft,Selective theft indicates public culprits,Bloxwich Chit Chat,1,1,0,0,0,0,0,https://www.facebook.com/groups/2369573043212672/posts/3439765909526708?comment_id=3440210846148881,It’s probably not the council if the bedding plants weren’t removed. More likely to have been stolen 🙁,"Suggests that the council is unlikely responsible for the missing roses since the bedding plants remained undisturbed, implying instead that theft by members of the public is the more probable explanation. Expresses sympathy for the situation with a sad emoji.","I’m hoping someone in this group might be able to help. I have a family grave at Bloxwich Cemetery. A couple of years ago, a small rose plant was removed from the grave. It had been planted by my Dad for his Mom. I contacted Walsall Council at the time and was told that they had removed it because it had been planted at the side of the grave. In April 2026, I purchased two more rose plants and planted them at the front of the grave, along with some bedding plants. Unfortunately, when I checked the grave about a month later, both roses had disappeared, although the bedding plants were still there and hadn’t been disturbed. As I’m not local to the area, I’m unable to visit the grave regularly. Having looked through this group, I’ve noticed that other people have mentioned items, flowers and plants being taken from graves. I wondered if anyone else has experienced this at Bloxwich Cemetery, or whether it is likely that someone may have taken the roses? It seems strange that both roses would disappear while the bedding plants were left untouched. It’s particularly upsetting as the first rose had been planted by my Dad for his Mom, so the plants have sentimental value to our family. Thank you in advance to anyone who may be able to shed some light on this. ❤️ I’m hoping someone in this group might be able to help. I have a family grave at Bloxwich Cemetery. A couple of years ago, a small rose plant was removed from the grave. It had been planted by my Dad for his Mom. I contacted Walsall Council at the time and was told that they had removed it because it had been planted at the side of the grave. In April 2026, I purchased two more rose plants and planted them at the front of the grave, along with some bedding plants. Unfortunately, when I checked the grave about a month later, both roses had disappeared, although the bedding plants were still there and hadn’t been disturbed. As I’m not local to the area, I’m unable to visit the grave regularly. Having looked through this group, I’ve noticed that other people have mentioned items, flowers and plants being taken from graves. I wondered if anyone else has experienced this at Bloxwich Cemetery, or whether it is likely that someone may have taken the roses? It seems strange that both roses would disappear while the bedding plants were left untouched. It’s particularly upsetting as the first rose had been planted by my Dad for his Mom, so the plants have sentimental value to our family. Thank you in advance to anyone who may be able to shed some light on this. ❤️","The discussion centres on the distressing disappearance of sentimental plants and ornaments from graves at Bloxwich Cemetery, debating whether these losses result from strict council maintenance policies or targeted theft by the public."
3440211212815511,3440064902830142,2026-08-09T20:20:08+00:00,2026-08-09,Crime,Arson Fire Setting,Parental responsibility and accountability,Bloxwich Chit Chat,5,5,0,0,0,0,0,https://www.facebook.com/groups/2369573043212672/posts/3440064902830142?comment_id=3440211212815511,If kids have started this where are the parents,"Questions the whereabouts and responsibility of parents in relation to children starting the fire, implying parental negligence or lack of supervision. Suggests that parents should be held accountable for their children's dangerous behavior.",Not my video - but kids have lit this today Bloxwich -(leobuchanan91) Not my video - but kids have lit this today Bloxwich -(leobuchanan91),"Local residents are expressing outrage and calling for strict punitive measures against the youths responsible for starting a grass fire in Bloxwich, citing a perceived lack of parental discipline and respect."
3440212459482053,3439742726195693,2026-08-09T20:22:12+00:00,2026-08-09,Crime,Youth Antisocial Behavior,Children lack basic intelligence/judgment,Bloxwich Chit Chat,40,40,0,0,0,0,0,https://www.facebook.com/groups/2369573043212672/posts/3439742726195693?comment_id=3440212459482053,Haven’t got a brain in their heads to be walking dogs in 27° heat anyway so I doubt they’d have road sense 🙂‍↔️,"Criticizes the children's lack of intelligence and judgment, suggesting their dangerous road behavior and poor road sense are unsurprising given their apparent lack of common sense. Implies through sarcasm (indicated by the sideways-looking emoji) that the children are foolish for walking dogs in extreme heat.","If these are your delightful little cherubs walking dogs by Bloxwich Active Living I suggest you have a word with them. They have walked out in the road with cars approaching. My friend has beeped the one with the blonde hair as a car was coming the other way and he didn't look. The 2 that crossed first have stood at the side of the road abusing her using disgusting racist language aswell as calling her a fat bitch and a paedophile for beeping him amongst other things. She had her baby in the car and to be quite frank, it's fucking disgusting. Just to add - the images and video will be clearer when uploaded onto the laptop and a log is being made with the police. It was taken directly from the dashcam as soon as she pulled up","The community is divided over a report of children engaging in dangerous road behaviour and directing vitriolic, racist abuse at a motorist, with some residents condemning the lack of parental discipline while others urge empathy for the youths' backgrounds."
3440213766148589,3439742726195693,2026-08-09T20:24:29+00:00,2026-08-09,Crime,Youth Antisocial Behavior,Children lack basic intelligence/judgment,Bloxwich Chit Chat,3,3,0,0,0,0,0,https://www.facebook.com/groups/2369573043212672/posts/3439742726195693?comment_id=3440213766148589,"There's a pelican crossing just yards away , mongols","Suggests that the children's dangerous road crossing behavior was unnecessary because a safer pedestrian crossing (pelican crossing) is located very nearby. Uses the term 'mongols' as a derogatory insult, likely directed at the children for their poor judgment in crossing unsafely.","If these are your delightful little cherubs walking dogs by Bloxwich Active Living I suggest you have a word with them. They have walked out in the road with cars approaching. My friend has beeped the one with the blonde hair as a car was coming the other way and he didn't look. The 2 that crossed first have stood at the side of the road abusing her using disgusting racist language aswell as calling her a fat bitch and a paedophile for beeping him amongst other things. She had her baby in the car and to be quite frank, it's fucking disgusting. Just to add - the images and video will be clearer when uploaded onto the laptop and a log is being made with the police. It was taken directly from the dashcam as soon as she pulled up","The community is divided over a report of children engaging in dangerous road behaviour and directing vitriolic, racist abuse at a motorist, with some residents condemning the lack of parental discipline while others urge empathy for the youths' backgrounds."
3440214642815168,3440064902830142,2026-08-09T20:25:50+00:00,2026-08-09,Crime,Arson Fire Setting,,Bloxwich Chit Chat,0,0,0,0,0,0,0,https://www.facebook.com/groups/2369573043212672/posts/3440064902830142?comment_id=3440214642815168,Glenys Smith,"The comment consists only of the commenter's name 'Glenys Smith' with no substantive text or statement. Without additional content, the commenter's position, stance, or implied meaning cannot be determined.",Not my video - but kids have lit this today Bloxwich -(leobuchanan91) Not my video - but kids have lit this today Bloxwich -(leobuchanan91),"Local residents are expressing outrage and calling for strict punitive measures against the youths responsible for starting a grass fire in Bloxwich, citing a perceived lack of parental discipline and respect."
3440215592815073,3439742726195693,2026-08-09T20:27:14+00:00,2026-08-09,Crime,Youth Antisocial Behavior,Generational decline in youth behavior,Bloxwich Chit Chat,11,11,0,0,0,0,0,https://www.facebook.com/groups/2369573043212672/posts/3439742726195693?comment_id=3440215592815073,What is wrong with the kids today 😡,"Expresses exasperation and disapproval of young people's behavior, implying that children today lack proper discipline and conduct themselves inappropriately. The comment suggests generational decline in youth behavior standards.","If these are your delightful little cherubs walking dogs by Bloxwich Active Living I suggest you have a word with them. They have walked out in the road with cars approaching. My friend has beeped the one with the blonde hair as a car was coming the other way and he didn't look. The 2 that crossed first have stood at the side of the road abusing her using disgusting racist language aswell as calling her a fat bitch and a paedophile for beeping him amongst other things. She had her baby in the car and to be quite frank, it's fucking disgusting. Just to add - the images and video will be clearer when uploaded onto the laptop and a log is being made with the police. It was taken directly from the dashcam as soon as she pulled up","The community is divided over a report of children engaging in dangerous road behaviour and directing vitriolic, racist abuse at a motorist, with some residents condemning the lack of parental discipline while others urge empathy for the youths' backgrounds."
3440215956148370,3440064902830142,2026-08-09T20:27:49+00:00,2026-08-09,Crime,Arson Fire Setting,Simple disapproval expressions,Bloxwich Chit Chat,1,1,0,0,0,0,0,https://www.facebook.com/groups/2369573043212672/posts/3440064902830142?comment_id=3440215956148370,Bloody idiots,Expresses strong disapproval and frustration toward the youths responsible for starting the grass fire in Bloxwich. Uses derogatory language to convey anger at what is perceived as reckless and dangerous behavior.,Not my video - but kids have lit this today Bloxwich -(leobuchanan91) Not my video - but kids have lit this today Bloxwich -(leobuchanan91),"Local residents are expressing outrage and calling for strict punitive measures against the youths responsible for starting a grass fire in Bloxwich, citing a perceived lack of parental discipline and respect."
3440217499481549,3439765909526708,2026-08-09T20:30:16+00:00,2026-08-09,Crime,Cemetery Theft,Council policies overly bureaucratic,Bloxwich Chit Chat,1,1,0,0,0,0,0,https://www.facebook.com/groups/2369573043212672/posts/3439765909526708?comment_id=3440217499481549,Jobs worth’s!!!what’s a flower gonna do ffs!!!,"Criticizes council officials as overly bureaucratic and rule-bound ('jobs worth's'), dismissing their enforcement of planting regulations as disproportionate and questioning what harm a flower could realistically cause. Implies the council's strict policies are unreasonable and excessive.","I’m hoping someone in this group might be able to help. I have a family grave at Bloxwich Cemetery. A couple of years ago, a small rose plant was removed from the grave. It had been planted by my Dad for his Mom. I contacted Walsall Council at the time and was told that they had removed it because it had been planted at the side of the grave. In April 2026, I purchased two more rose plants and planted them at the front of the grave, along with some bedding plants. Unfortunately, when I checked the grave about a month later, both roses had disappeared, although the bedding plants were still there and hadn’t been disturbed. As I’m not local to the area, I’m unable to visit the grave regularly. Having looked through this group, I’ve noticed that other people have mentioned items, flowers and plants being taken from graves. I wondered if anyone else has experienced this at Bloxwich Cemetery, or whether it is likely that someone may have taken the roses? It seems strange that both roses would disappear while the bedding plants were left untouched. It’s particularly upsetting as the first rose had been planted by my Dad for his Mom, so the plants have sentimental value to our family. Thank you in advance to anyone who may be able to shed some light on this. ❤️ I’m hoping someone in this group might be able to help. I have a family grave at Bloxwich Cemetery. A couple of years ago, a small rose plant was removed from the grave. It had been planted by my Dad for his Mom. I contacted Walsall Council at the time and was told that they had removed it because it had been planted at the side of the grave. In April 2026, I purchased two more rose plants and planted them at the front of the grave, along with some bedding plants. Unfortunately, when I checked the grave about a month later, both roses had disappeared, although the bedding plants were still there and hadn’t been disturbed. As I’m not local to the area, I’m unable to visit the grave regularly. Having looked through this group, I’ve noticed that other people have mentioned items, flowers and plants being taken from graves. I wondered if anyone else has experienced this at Bloxwich Cemetery, or whether it is likely that someone may have taken the roses? It seems strange that both roses would disappear while the bedding plants were left untouched. It’s particularly upsetting as the first rose had been planted by my Dad for his Mom, so the plants have sentimental value to our family. Thank you in advance to anyone who may be able to shed some light on this. ❤️","The discussion centres on the distressing disappearance of sentimental plants and ornaments from graves at Bloxwich Cemetery, debating whether these losses result from strict council maintenance policies or targeted theft by the public."
3440217749481524,3439742726195693,2026-08-09T20:30:42+00:00,2026-08-09,Crime,Youth Antisocial Behavior,Adults should show empathy toward youth,Bloxwich Chit Chat,41,28,3,7,1,0,2,https://www.facebook.com/groups/2369573043212672/posts/3439742726195693?comment_id=3440217749481524,"What is it with grown men and women here judging kids? Yeah, what they did was disrespectful and yeah, they should be crossing roads safely. But not one of you know what their life stories are or how they were raised. I think we need to remember that they are children. Children make mistakes, no matter if they were raised by the Royal family. You cannot tell me you didn't make a single mistake as a child, so If you're an adult commenting vile things about these kids, have a word with yourself. You have enough life experience to know better 🫶🏼","Criticizes adults in the community group for harshly judging children involved in the road safety incident, arguing that without knowledge of the children's backgrounds and life circumstances, such judgment is unfair and hypocritical given that all adults made mistakes as children. Implies that adults should exercise restraint and empathy rather than posting 'vile things' about minors online.","If these are your delightful little cherubs walking dogs by Bloxwich Active Living I suggest you have a word with them. They have walked out in the road with cars approaching. My friend has beeped the one with the blonde hair as a car was coming the other way and he didn't look. The 2 that crossed first have stood at the side of the road abusing her using disgusting racist language aswell as calling her a fat bitch and a paedophile for beeping him amongst other things. She had her baby in the car and to be quite frank, it's fucking disgusting. Just to add - the images and video will be clearer when uploaded onto the laptop and a log is being made with the police. It was taken directly from the dashcam as soon as she pulled up","The community is divided over a report of children engaging in dangerous road behaviour and directing vitriolic, racist abuse at a motorist, with some residents condemning the lack of parental discipline while others urge empathy for the youths' backgrounds."
3440233446146621,3440064902830142,2026-08-09T20:51:06+00:00,2026-08-09,Crime,Arson Fire Setting,Recurring local problem pattern,Bloxwich Chit Chat,0,0,0,0,0,0,0,https://www.facebook.com/groups/2369573043212672/posts/3440064902830142?comment_id=3440233446146621,This happened on willenhall Park last weekend.,"Reports that a similar incident of youths lighting fires occurred at Willenhall Park the previous weekend, suggesting this is a recurring problem in the local area rather than an isolated incident.",Not my video - but kids have lit this today Bloxwich -(leobuchanan91) Not my video - but kids have lit this today Bloxwich -(leobuchanan91),"Local residents are expressing outrage and calling for strict punitive measures against the youths responsible for starting a grass fire in Bloxwich, citing a perceived lack of parental discipline and respect."
3440244286145537,3440064902830142,2026-08-09T21:05:36+00:00,2026-08-09,Crime,Arson Fire Setting,Harsh punishment for perpetrators,Bloxwich Chit Chat,18,16,1,1,0,0,0,https://www.facebook.com/groups/2369573043212672/posts/3440064902830142?comment_id=3440244286145537,"People setting all these fires need jail time! I don't care what age they are, they can't get away with it.","Advocates for criminal prosecution and imprisonment of those responsible for setting fires, regardless of their age, rejecting any leniency based on youth. Expresses frustration that perpetrators are escaping accountability for their actions.",Not my video - but kids have lit this today Bloxwich -(leobuchanan91) Not my video - but kids have lit this today Bloxwich -(leobuchanan91),"Local residents are expressing outrage and calling for strict punitive measures against the youths responsible for starting a grass fire in Bloxwich, citing a perceived lack of parental discipline and respect."
3440248062811826,3440064902830142,2026-08-09T21:11:10+00:00,2026-08-09,Crime,Arson Fire Setting,Public shaming and identification,Bloxwich Chit Chat,1,1,0,0,0,0,0,https://www.facebook.com/groups/2369573043212672/posts/3440064902830142?comment_id=3440248062811826,Bloody kids no respect at all. I'd give them a Bloody good slap. Please share their names. NAME AND SHAME THE DARLINGS.,"Expresses anger at young people for starting the fire, attributing it to lack of respect and poor parenting, and calls for public identification and shaming of those responsible. Uses sarcastic language ('the darlings') to emphasize contempt while advocating for vigilante-style public naming.",Not my video - but kids have lit this today Bloxwich -(leobuchanan91) Not my video - but kids have lit this today Bloxwich -(leobuchanan91),"Local residents are expressing outrage and calling for strict punitive measures against the youths responsible for starting a grass fire in Bloxwich, citing a perceived lack of parental discipline and respect."
3440258786144087,3440064902830142,2026-08-09T21:27:51+00:00,2026-08-09,Crime,Arson Fire Setting,Public shaming and identification,Bloxwich Chit Chat,2,2,0,0,0,0,0,https://www.facebook.com/groups/2369573043212672/posts/3440064902830142?comment_id=3440258786144087,The kids that did this needs to b found n prosecuted u prob know who they r,"Calls for the youths responsible for the fire to be identified and prosecuted. Implies the commenter believes community members likely know who the perpetrators are, suggesting local accountability.",Not my video - but kids have lit this today Bloxwich -(leobuchanan91) Not my video - but kids have lit this today Bloxwich -(leobuchanan91),"Local residents are expressing outrage and calling for strict punitive measures against the youths responsible for starting a grass fire in Bloxwich, citing a perceived lack of parental discipline and respect."
3440259292810703,3440064902830142,2026-08-09T21:28:38+00:00,2026-08-09,Crime,Arson Fire Setting,Harsh punishment for perpetrators,Bloxwich Chit Chat,1,1,0,0,0,0,0,https://www.facebook.com/groups/2369573043212672/posts/3440064902830142?comment_id=3440259292810703,It should burn there fingers off,"Expresses a wish for severe physical harm to befall the youths responsible for starting the fire, suggesting they deserve to be burned as punishment. Reflects the commenter's anger at the incident and desire for harsh consequences.",Not my video - but kids have lit this today Bloxwich -(leobuchanan91) Not my video - but kids have lit this today Bloxwich -(leobuchanan91),"Local residents are expressing outrage and calling for strict punitive measures against the youths responsible for starting a grass fire in Bloxwich, citing a perceived lack of parental discipline and respect."
3440261829477116,3439765909526708,2026-08-09T21:33:08+00:00,2026-08-09,Crime,Cemetery Theft,Widespread theft problem at cemetery,Bloxwich Chit Chat,2,0,0,0,0,2,0,https://www.facebook.com/groups/2369573043212672/posts/3439765909526708?comment_id=3440261829477116,We have had lots of flowers and items stolen from family graves at Bloxwich cemetery. Sometimes within hours of being placed there.,"Reports experiencing repeated theft of flowers and items from family graves at Bloxwich Cemetery, with items sometimes disappearing within hours of being placed. Corroborates the original poster's concern by confirming this is a widespread problem affecting multiple graves at the cemetery.","I’m hoping someone in this group might be able to help. I have a family grave at Bloxwich Cemetery. A couple of years ago, a small rose plant was removed from the grave. It had been planted by my Dad for his Mom. I contacted Walsall Council at the time and was told that they had removed it because it had been planted at the side of the grave. In April 2026, I purchased two more rose plants and planted them at the front of the grave, along with some bedding plants. Unfortunately, when I checked the grave about a month later, both roses had disappeared, although the bedding plants were still there and hadn’t been disturbed. As I’m not local to the area, I’m unable to visit the grave regularly. Having looked through this group, I’ve noticed that other people have mentioned items, flowers and plants being taken from graves. I wondered if anyone else has experienced this at Bloxwich Cemetery, or whether it is likely that someone may have taken the roses? It seems strange that both roses would disappear while the bedding plants were left untouched. It’s particularly upsetting as the first rose had been planted by my Dad for his Mom, so the plants have sentimental value to our family. Thank you in advance to anyone who may be able to shed some light on this. ❤️ I’m hoping someone in this group might be able to help. I have a family grave at Bloxwich Cemetery. A couple of years ago, a small rose plant was removed from the grave. It had been planted by my Dad for his Mom. I contacted Walsall Council at the time and was told that they had removed it because it had been planted at the side of the grave. In April 2026, I purchased two more rose plants and planted them at the front of the grave, along with some bedding plants. Unfortunately, when I checked the grave about a month later, both roses had disappeared, although the bedding plants were still there and hadn’t been disturbed. As I’m not local to the area, I’m unable to visit the grave regularly. Having looked through this group, I’ve noticed that other people have mentioned items, flowers and plants being taken from graves. I wondered if anyone else has experienced this at Bloxwich Cemetery, or whether it is likely that someone may have taken the roses? It seems strange that both roses would disappear while the bedding plants were left untouched. It’s particularly upsetting as the first rose had been planted by my Dad for his Mom, so the plants have sentimental value to our family. Thank you in advance to anyone who may be able to shed some light on this. ❤️","The discussion centres on the distressing disappearance of sentimental plants and ornaments from graves at Bloxwich Cemetery, debating whether these losses result from strict council maintenance policies or targeted theft by the public."
3440265566143409,3440064902830142,2026-08-09T21:39:35+00:00,2026-08-09,Crime,Arson Fire Setting,,Bloxwich Chit Chat,0,0,0,0,0,0,0,https://www.facebook.com/groups/2369573043212672/posts/3440064902830142?comment_id=3440265566143409,Bethany Horgan,"The comment consists only of the commenter's name 'Bethany Horgan' with no substantive text or statement. Without additional content, the commenter's position, stance, or views on the grass fire incident cannot be determined.",Not my video - but kids have lit this today Bloxwich -(leobuchanan91) Not my video - but kids have lit this today Bloxwich -(leobuchanan91),"Local residents are expressing outrage and calling for strict punitive measures against the youths responsible for starting a grass fire in Bloxwich, citing a perceived lack of parental discipline and respect."
3440267072809925,3439765909526708,2026-08-09T21:41:57+00:00,2026-08-09,Crime,Cemetery Theft,Safety liability concerns drive removals,Bloxwich Chit Chat,0,0,0,0,0,0,0,https://www.facebook.com/groups/2369573043212672/posts/3439765909526708?comment_id=3440267072809925,If someone hurt themselves on the rose thorns they would complain to the council. A scar to a child can be a claim can't it . My opinion,"Suggests that rose thorns pose a liability risk to the public, implying the council may have removed the roses to avoid potential injury claims, particularly from children who could be scarred. The commenter frames this as a legal/compensation concern rather than addressing the original question about theft or disappearance.","I’m hoping someone in this group might be able to help. I have a family grave at Bloxwich Cemetery. A couple of years ago, a small rose plant was removed from the grave. It had been planted by my Dad for his Mom. I contacted Walsall Council at the time and was told that they had removed it because it had been planted at the side of the grave. In April 2026, I purchased two more rose plants and planted them at the front of the grave, along with some bedding plants. Unfortunately, when I checked the grave about a month later, both roses had disappeared, although the bedding plants were still there and hadn’t been disturbed. As I’m not local to the area, I’m unable to visit the grave regularly. Having looked through this group, I’ve noticed that other people have mentioned items, flowers and plants being taken from graves. I wondered if anyone else has experienced this at Bloxwich Cemetery, or whether it is likely that someone may have taken the roses? It seems strange that both roses would disappear while the bedding plants were left untouched. It’s particularly upsetting as the first rose had been planted by my Dad for his Mom, so the plants have sentimental value to our family. Thank you in advance to anyone who may be able to shed some light on this. ❤️ I’m hoping someone in this group might be able to help. I have a family grave at Bloxwich Cemetery. A couple of years ago, a small rose plant was removed from the grave. It had been planted by my Dad for his Mom. I contacted Walsall Council at the time and was told that they had removed it because it had been planted at the side of the grave. In April 2026, I purchased two more rose plants and planted them at the front of the grave, along with some bedding plants. Unfortunately, when I checked the grave about a month later, both roses had disappeared, although the bedding plants were still there and hadn’t been disturbed. As I’m not local to the area, I’m unable to visit the grave regularly. Having looked through this group, I’ve noticed that other people have mentioned items, flowers and plants being taken from graves. I wondered if anyone else has experienced this at Bloxwich Cemetery, or whether it is likely that someone may have taken the roses? It seems strange that both roses would disappear while the bedding plants were left untouched. It’s particularly upsetting as the first rose had been planted by my Dad for his Mom, so the plants have sentimental value to our family. Thank you in advance to anyone who may be able to shed some light on this. ❤️","The discussion centres on the distressing disappearance of sentimental plants and ornaments from graves at Bloxwich Cemetery, debating whether these losses result from strict council maintenance policies or targeted theft by the public."
3440277819475517,3440064902830142,2026-08-09T22:00:11+00:00,2026-08-09,Crime,Arson Fire Setting,Parental responsibility and accountability,Bloxwich Chit Chat,0,0,0,0,0,0,0,https://www.facebook.com/groups/2369573043212672/posts/3440064902830142?comment_id=3440277819475517,Parents will pay for damages because I'm sure they work....lol,"Suggests sarcastically that parents will be held financially responsible for damages caused by their children's fire-setting, implying skepticism about whether parents actually work or have the means to pay. The comment expresses doubt about parental accountability and capacity to compensate for the incident.",Not my video - but kids have lit this today Bloxwich -(leobuchanan91) Not my video - but kids have lit this today Bloxwich -(leobuchanan91),"Local residents are expressing outrage and calling for strict punitive measures against the youths responsible for starting a grass fire in Bloxwich, citing a perceived lack of parental discipline and respect."
3440289036141062,3439765909526708,2026-08-09T22:17:25+00:00,2026-08-09,Crime,Cemetery Theft,Widespread theft problem at cemetery,Bloxwich Chit Chat,1,0,0,0,0,1,0,https://www.facebook.com/groups/2369573043212672/posts/3439765909526708?comment_id=3440289036141062,"I put a lovely sparking ornament (glitter flowers) for my mum's birthday at Streetly crem. yes, it got stolen. Hope my late mum will sort out whoever took it lol",Shares a personal experience of having a decorative ornament (glitter flower) stolen from a grave at Streetly crematorium on their mother's birthday. Uses dark humor by jokingly suggesting their late mother will take revenge on the thief.,"I’m hoping someone in this group might be able to help. I have a family grave at Bloxwich Cemetery. A couple of years ago, a small rose plant was removed from the grave. It had been planted by my Dad for his Mom. I contacted Walsall Council at the time and was told that they had removed it because it had been planted at the side of the grave. In April 2026, I purchased two more rose plants and planted them at the front of the grave, along with some bedding plants. Unfortunately, when I checked the grave about a month later, both roses had disappeared, although the bedding plants were still there and hadn’t been disturbed. As I’m not local to the area, I’m unable to visit the grave regularly. Having looked through this group, I’ve noticed that other people have mentioned items, flowers and plants being taken from graves. I wondered if anyone else has experienced this at Bloxwich Cemetery, or whether it is likely that someone may have taken the roses? It seems strange that both roses would disappear while the bedding plants were left untouched. It’s particularly upsetting as the first rose had been planted by my Dad for his Mom, so the plants have sentimental value to our family. Thank you in advance to anyone who may be able to shed some light on this. ❤️ I’m hoping someone in this group might be able to help. I have a family grave at Bloxwich Cemetery. A couple of years ago, a small rose plant was removed from the grave. It had been planted by my Dad for his Mom. I contacted Walsall Council at the time and was told that they had removed it because it had been planted at the side of the grave. In April 2026, I purchased two more rose plants and planted them at the front of the grave, along with some bedding plants. Unfortunately, when I checked the grave about a month later, both roses had disappeared, although the bedding plants were still there and hadn’t been disturbed. As I’m not local to the area, I’m unable to visit the grave regularly. Having looked through this group, I’ve noticed that other people have mentioned items, flowers and plants being taken from graves. I wondered if anyone else has experienced this at Bloxwich Cemetery, or whether it is likely that someone may have taken the roses? It seems strange that both roses would disappear while the bedding plants were left untouched. It’s particularly upsetting as the first rose had been planted by my Dad for his Mom, so the plants have sentimental value to our family. Thank you in advance to anyone who may be able to shed some light on this. ❤️","The discussion centres on the distressing disappearance of sentimental plants and ornaments from graves at Bloxwich Cemetery, debating whether these losses result from strict council maintenance policies or targeted theft by the public."
3440294612807171,3439765909526708,2026-08-09T22:26:50+00:00,2026-08-09,Crime,Cemetery Theft,Selective theft indicates public culprits,Bloxwich Chit Chat,1,0,0,0,0,1,0,https://www.facebook.com/groups/2369573043212672/posts/3439765909526708?comment_id=3440294612807171,my grandparents are buried at bloxwich cemetery and iv planted rose plants and they havent been touched but the little ornaments have been taken an even a little potted Christmas tree was taken,"Reports experiencing similar losses at Bloxwich Cemetery, where rose plants were stolen while other plants remained untouched, and ornaments and a potted Christmas tree were also taken. Implies a pattern of selective theft targeting specific items of sentimental value at the cemetery.","I’m hoping someone in this group might be able to help. I have a family grave at Bloxwich Cemetery. A couple of years ago, a small rose plant was removed from the grave. It had been planted by my Dad for his Mom. I contacted Walsall Council at the time and was told that they had removed it because it had been planted at the side of the grave. In April 2026, I purchased two more rose plants and planted them at the front of the grave, along with some bedding plants. Unfortunately, when I checked the grave about a month later, both roses had disappeared, although the bedding plants were still there and hadn’t been disturbed. As I’m not local to the area, I’m unable to visit the grave regularly. Having looked through this group, I’ve noticed that other people have mentioned items, flowers and plants being taken from graves. I wondered if anyone else has experienced this at Bloxwich Cemetery, or whether it is likely that someone may have taken the roses? It seems strange that both roses would disappear while the bedding plants were left untouched. It’s particularly upsetting as the first rose had been planted by my Dad for his Mom, so the plants have sentimental value to our family. Thank you in advance to anyone who may be able to shed some light on this. ❤️ I’m hoping someone in this group might be able to help. I have a family grave at Bloxwich Cemetery. A couple of years ago, a small rose plant was removed from the grave. It had been planted by my Dad for his Mom. I contacted Walsall Council at the time and was told that they had removed it because it had been planted at the side of the grave. In April 2026, I purchased two more rose plants and planted them at the front of the grave, along with some bedding plants. Unfortunately, when I checked the grave about a month later, both roses had disappeared, although the bedding plants were still there and hadn’t been disturbed. As I’m not local to the area, I’m unable to visit the grave regularly. Having looked through this group, I’ve noticed that other people have mentioned items, flowers and plants being taken from graves. I wondered if anyone else has experienced this at Bloxwich Cemetery, or whether it is likely that someone may have taken the roses? It seems strange that both roses would disappear while the bedding plants were left untouched. It’s particularly upsetting as the first rose had been planted by my Dad for his Mom, so the plants have sentimental value to our family. Thank you in advance to anyone who may be able to shed some light on this. ❤️","The discussion centres on the distressing disappearance of sentimental plants and ornaments from graves at Bloxwich Cemetery, debating whether these losses result from strict council maintenance policies or targeted theft by the public."
3440300812806551,3439765909526708,2026-08-09T22:37:56+00:00,2026-08-09,Crime,Cemetery Theft,Selective theft indicates public culprits,Bloxwich Chit Chat,3,0,0,0,0,2,1,https://www.facebook.com/groups/2369573043212672/posts/3439765909526708?comment_id=3440300812806551,Just incase anyone has had a white statue stolen on here.... 2 scumbags had a white statue wrapped in his coat on his shoulder ( stolen ) came from Bloxwich cemetery area or a garden ( had mud on bottom) then they went into Greggs and stole a drink as a reward. . ( Friday ),"Reports witnessing two individuals carrying a stolen white statue (likely from Bloxwich Cemetery or a nearby garden) into a Greggs on Friday, where they also stole a drink. Alerts the community to watch for similar thefts of white statues from graves and gardens in the area.","I’m hoping someone in this group might be able to help. I have a family grave at Bloxwich Cemetery. A couple of years ago, a small rose plant was removed from the grave. It had been planted by my Dad for his Mom. I contacted Walsall Council at the time and was told that they had removed it because it had been planted at the side of the grave. In April 2026, I purchased two more rose plants and planted them at the front of the grave, along with some bedding plants. Unfortunately, when I checked the grave about a month later, both roses had disappeared, although the bedding plants were still there and hadn’t been disturbed. As I’m not local to the area, I’m unable to visit the grave regularly. Having looked through this group, I’ve noticed that other people have mentioned items, flowers and plants being taken from graves. I wondered if anyone else has experienced this at Bloxwich Cemetery, or whether it is likely that someone may have taken the roses? It seems strange that both roses would disappear while the bedding plants were left untouched. It’s particularly upsetting as the first rose had been planted by my Dad for his Mom, so the plants have sentimental value to our family. Thank you in advance to anyone who may be able to shed some light on this. ❤️ I’m hoping someone in this group might be able to help. I have a family grave at Bloxwich Cemetery. A couple of years ago, a small rose plant was removed from the grave. It had been planted by my Dad for his Mom. I contacted Walsall Council at the time and was told that they had removed it because it had been planted at the side of the grave. In April 2026, I purchased two more rose plants and planted them at the front of the grave, along with some bedding plants. Unfortunately, when I checked the grave about a month later, both roses had disappeared, although the bedding plants were still there and hadn’t been disturbed. As I’m not local to the area, I’m unable to visit the grave regularly. Having looked through this group, I’ve noticed that other people have mentioned items, flowers and plants being taken from graves. I wondered if anyone else has experienced this at Bloxwich Cemetery, or whether it is likely that someone may have taken the roses? It seems strange that both roses would disappear while the bedding plants were left untouched. It’s particularly upsetting as the first rose had been planted by my Dad for his Mom, so the plants have sentimental value to our family. Thank you in advance to anyone who may be able to shed some light on this. ❤️","The discussion centres on the distressing disappearance of sentimental plants and ornaments from graves at Bloxwich Cemetery, debating whether these losses result from strict council maintenance policies or targeted theft by the public."
3440301536139812,3440064902830142,2026-08-09T22:39:17+00:00,2026-08-09,Crime,Arson Fire Setting,Generational decline in youth behavior,Bloxwich Chit Chat,8,8,0,0,0,0,0,https://www.facebook.com/groups/2369573043212672/posts/3440064902830142?comment_id=3440301536139812,Today's feral generation,"Criticizes young people as undisciplined and unruly, using the term 'feral generation' to express disapproval of their behavior in relation to the fire-setting incident. Implies a generational decline in respect and conduct among youth.",Not my video - but kids have lit this today Bloxwich -(leobuchanan91) Not my video - but kids have lit this today Bloxwich -(leobuchanan91),"Local residents are expressing outrage and calling for strict punitive measures against the youths responsible for starting a grass fire in Bloxwich, citing a perceived lack of parental discipline and respect."
3440354126134553,3440064902830142,2026-08-10T00:09:58+00:00,2026-08-10,Crime,Arson Fire Setting,Alternative cause theories,Bloxwich Chit Chat,1,1,0,0,0,0,0,https://www.facebook.com/groups/2369573043212672/posts/3440064902830142?comment_id=3440354126134553,Dows anyone know this is kids. The fire service are saying people dropping ciggeretts butts are causing it as the heat is causing dry grass to catch.,"Questions whether kids are actually responsible for the fire, citing the fire service's statement that discarded cigarette butts from adults are the real cause due to heat igniting dry grass. Implicitly challenges the post's narrative blaming youth by presenting an alternative explanation from official sources.",Not my video - but kids have lit this today Bloxwich -(leobuchanan91) Not my video - but kids have lit this today Bloxwich -(leobuchanan91),"Local residents are expressing outrage and calling for strict punitive measures against the youths responsible for starting a grass fire in Bloxwich, citing a perceived lack of parental discipline and respect."
3440594459443853,3440064902830142,2026-08-10T06:15:33+00:00,2026-08-10,Crime,Arson Fire Setting,Direct intervention experiences,Bloxwich Chit Chat,1,1,0,0,0,0,0,https://www.facebook.com/groups/2369573043212672/posts/3440064902830142?comment_id=3440594459443853,I had to tell some kids the other day for lighting fires.. they were doing it in the middle of the little park to an Aladdin's pizza box..,"Reports a personal experience of having to intervene and scold children for lighting fires in a local park, specifically mentioning they were burning a pizza box. Implies this is part of a broader pattern of dangerous and irresponsible behavior by young people in the community.",Not my video - but kids have lit this today Bloxwich -(leobuchanan91) Not my video - but kids have lit this today Bloxwich -(leobuchanan91),"Local residents are expressing outrage and calling for strict punitive measures against the youths responsible for starting a grass fire in Bloxwich, citing a perceived lack of parental discipline and respect."
3440596806110285,3439765909526708,2026-08-10T06:19:04+00:00,2026-08-10,Crime,Cemetery Theft,Contact cemetery management for clarification,Bloxwich Chit Chat,0,0,0,0,0,0,0,https://www.facebook.com/groups/2369573043212672/posts/3439765909526708?comment_id=3440596806110285,"Thank you all so much for your comments. I’m really hoping they haven’t been stolen, as that’s honestly the last thing I’d want to think has happened. I’m going to contact the council this week to see if they can shed any light on the situation and hopefully clarify what has happened to them. Fingers crossed there’s a simple explanation! 🤞🌹","Expresses gratitude for community responses and outlines a plan to contact Walsall Council to investigate the disappearance of the rose plants, hoping for a straightforward explanation rather than theft. Maintains cautious optimism while acknowledging the distressing possibility that the plants may have been stolen.","I’m hoping someone in this group might be able to help. I have a family grave at Bloxwich Cemetery. A couple of years ago, a small rose plant was removed from the grave. It had been planted by my Dad for his Mom. I contacted Walsall Council at the time and was told that they had removed it because it had been planted at the side of the grave. In April 2026, I purchased two more rose plants and planted them at the front of the grave, along with some bedding plants. Unfortunately, when I checked the grave about a month later, both roses had disappeared, although the bedding plants were still there and hadn’t been disturbed. As I’m not local to the area, I’m unable to visit the grave regularly. Having looked through this group, I’ve noticed that other people have mentioned items, flowers and plants being taken from graves. I wondered if anyone else has experienced this at Bloxwich Cemetery, or whether it is likely that someone may have taken the roses? It seems strange that both roses would disappear while the bedding plants were left untouched. It’s particularly upsetting as the first rose had been planted by my Dad for his Mom, so the plants have sentimental value to our family. Thank you in advance to anyone who may be able to shed some light on this. ❤️ I’m hoping someone in this group might be able to help. I have a family grave at Bloxwich Cemetery. A couple of years ago, a small rose plant was removed from the grave. It had been planted by my Dad for his Mom. I contacted Walsall Council at the time and was told that they had removed it because it had been planted at the side of the grave. In April 2026, I purchased two more rose plants and planted them at the front of the grave, along with some bedding plants. Unfortunately, when I checked the grave about a month later, both roses had disappeared, although the bedding plants were still there and hadn’t been disturbed. As I’m not local to the area, I’m unable to visit the grave regularly. Having looked through this group, I’ve noticed that other people have mentioned items, flowers and plants being taken from graves. I wondered if anyone else has experienced this at Bloxwich Cemetery, or whether it is likely that someone may have taken the roses? It seems strange that both roses would disappear while the bedding plants were left untouched. It’s particularly upsetting as the first rose had been planted by my Dad for his Mom, so the plants have sentimental value to our family. Thank you in advance to anyone who may be able to shed some light on this. ❤️","The discussion centres on the distressing disappearance of sentimental plants and ornaments from graves at Bloxwich Cemetery, debating whether these losses result from strict council maintenance policies or targeted theft by the public."
3440620029441296,3440064902830142,2026-08-10T06:55:06+00:00,2026-08-10,Crime,Arson Fire Setting,Public shaming and identification,Bloxwich Chit Chat,1,1,0,0,0,0,0,https://www.facebook.com/groups/2369573043212672/posts/3440064902830142?comment_id=3440620029441296,Whatever the age they should be named & shamed.Senseless behaviour & a drain on the services!,"Calls for public identification and punishment of those responsible for the fire, regardless of their age. Characterizes the behavior as senseless and criticizes the individuals for wasting emergency services resources.",Not my video - but kids have lit this today Bloxwich -(leobuchanan91) Not my video - but kids have lit this today Bloxwich -(leobuchanan91),"Local residents are expressing outrage and calling for strict punitive measures against the youths responsible for starting a grass fire in Bloxwich, citing a perceived lack of parental discipline and respect."
3440641206105845,3436080523228580,2026-08-10T07:27:50+00:00,2026-08-10,Crime,Vehicle Theft,Community sharing and amplification,Bloxwich Chit Chat,1,1,0,0,0,0,0,https://www.facebook.com/groups/2369573043212672/posts/3436080523228580?comment_id=3440641206105845,Shared in my group All the best Bloody scumbags,"Expresses strong anger and condemnation toward the scooter thieves, calling them derogatory names. Shares the post to amplify awareness of the theft within their own social network.","Hi Everyone tonight I’ve had my scooter stolen from outside Tip Top Chinese at 19:40. If anyone has any information of seeing it or being sold on can you drop me a message straight away. It’s not so much the fact it’s been stolen, I suffer with Epilepsy and have finally got cleared to ride and this was my independence being able to ride and now I’m back to square one. Thank you in advance. Registration: DS25 YBV","The theft of a black Yamaha scooter from outside a takeaway has caused significant distress to an individual with epilepsy, as the loss of the vehicle represents a major setback to their newly regained independence."
3440641746105791,3440064902830142,2026-08-10T07:28:24+00:00,2026-08-10,Crime,Arson Fire Setting,Recurring local problem pattern,Bloxwich Chit Chat,2,2,0,0,0,0,0,https://www.facebook.com/groups/2369573043212672/posts/3440064902830142?comment_id=3440641746105791,Where have all these pyromaniacs appeared from 😡 are they all really that bored!,Expresses frustration and bewilderment at what the commenter perceives as a sudden increase in fire-setting incidents by young people in the local area. Implies that boredom is a likely motivation for this dangerous behavior.,Not my video - but kids have lit this today Bloxwich -(leobuchanan91) Not my video - but kids have lit this today Bloxwich -(leobuchanan91),"Local residents are expressing outrage and calling for strict punitive measures against the youths responsible for starting a grass fire in Bloxwich, citing a perceived lack of parental discipline and respect."
3440651279438171,3440064902830142,2026-08-10T07:43:27+00:00,2026-08-10,Crime,Arson Fire Setting,Simple disapproval expressions,Bloxwich Chit Chat,0,0,0,0,0,0,0,https://www.facebook.com/groups/2369573043212672/posts/3440064902830142?comment_id=3440651279438171,Terrible,Expresses disapproval of the grass fire incident in Bloxwich. The single-word response indicates strong negative sentiment toward the youths responsible for starting the fire.,Not my video - but kids have lit this today Bloxwich -(leobuchanan91) Not my video - but kids have lit this today Bloxwich -(leobuchanan91),"Local residents are expressing outrage and calling for strict punitive measures against the youths responsible for starting a grass fire in Bloxwich, citing a perceived lack of parental discipline and respect."
3440662089437090,3439765909526708,2026-08-10T08:00:09+00:00,2026-08-10,Crime,Cemetery Theft,Perennial plants treated differently than annuals,Bloxwich Chit Chat,0,0,0,0,0,0,0,https://www.facebook.com/groups/2369573043212672/posts/3439765909526708?comment_id=3440662089437090,"Just a thought, ive not got a grave to attend , but bedding plants dont over grow and die yearly but a rose doesn't. so it can at some point, if ignored, over grow.. could this be a reason.. either way its wrong to remove without explanation x","Suggests that roses may have been removed by cemetery maintenance staff because they grow and spread annually unlike bedding plants, potentially becoming overgrown if neglected. Criticizes the lack of explanation from authorities for removing the plants, implying this is inappropriate regardless of the reason.","I’m hoping someone in this group might be able to help. I have a family grave at Bloxwich Cemetery. A couple of years ago, a small rose plant was removed from the grave. It had been planted by my Dad for his Mom. I contacted Walsall Council at the time and was told that they had removed it because it had been planted at the side of the grave. In April 2026, I purchased two more rose plants and planted them at the front of the grave, along with some bedding plants. Unfortunately, when I checked the grave about a month later, both roses had disappeared, although the bedding plants were still there and hadn’t been disturbed. As I’m not local to the area, I’m unable to visit the grave regularly. Having looked through this group, I’ve noticed that other people have mentioned items, flowers and plants being taken from graves. I wondered if anyone else has experienced this at Bloxwich Cemetery, or whether it is likely that someone may have taken the roses? It seems strange that both roses would disappear while the bedding plants were left untouched. It’s particularly upsetting as the first rose had been planted by my Dad for his Mom, so the plants have sentimental value to our family. Thank you in advance to anyone who may be able to shed some light on this. ❤️ I’m hoping someone in this group might be able to help. I have a family grave at Bloxwich Cemetery. A couple of years ago, a small rose plant was removed from the grave. It had been planted by my Dad for his Mom. I contacted Walsall Council at the time and was told that they had removed it because it had been planted at the side of the grave. In April 2026, I purchased two more rose plants and planted them at the front of the grave, along with some bedding plants. Unfortunately, when I checked the grave about a month later, both roses had disappeared, although the bedding plants were still there and hadn’t been disturbed. As I’m not local to the area, I’m unable to visit the grave regularly. Having looked through this group, I’ve noticed that other people have mentioned items, flowers and plants being taken from graves. I wondered if anyone else has experienced this at Bloxwich Cemetery, or whether it is likely that someone may have taken the roses? It seems strange that both roses would disappear while the bedding plants were left untouched. It’s particularly upsetting as the first rose had been planted by my Dad for his Mom, so the plants have sentimental value to our family. Thank you in advance to anyone who may be able to shed some light on this. ❤️","The discussion centres on the distressing disappearance of sentimental plants and ornaments from graves at Bloxwich Cemetery, debating whether these losses result from strict council maintenance policies or targeted theft by the public."
3440668179436481,3439765909526708,2026-08-10T08:08:48+00:00,2026-08-10,Crime,Cemetery Theft,Selective theft indicates public culprits,Bloxwich Chit Chat,0,0,0,0,0,0,0,https://www.facebook.com/groups/2369573043212672/posts/3439765909526708?comment_id=3440668179436481,I would say these were stolen 😔,"Suggests that the disappearing rose plants were stolen rather than removed by council maintenance, implying deliberate theft by members of the public. Expresses sympathy for the poster's loss through the sad emoji.","I’m hoping someone in this group might be able to help. I have a family grave at Bloxwich Cemetery. A couple of years ago, a small rose plant was removed from the grave. It had been planted by my Dad for his Mom. I contacted Walsall Council at the time and was told that they had removed it because it had been planted at the side of the grave. In April 2026, I purchased two more rose plants and planted them at the front of the grave, along with some bedding plants. Unfortunately, when I checked the grave about a month later, both roses had disappeared, although the bedding plants were still there and hadn’t been disturbed. As I’m not local to the area, I’m unable to visit the grave regularly. Having looked through this group, I’ve noticed that other people have mentioned items, flowers and plants being taken from graves. I wondered if anyone else has experienced this at Bloxwich Cemetery, or whether it is likely that someone may have taken the roses? It seems strange that both roses would disappear while the bedding plants were left untouched. It’s particularly upsetting as the first rose had been planted by my Dad for his Mom, so the plants have sentimental value to our family. Thank you in advance to anyone who may be able to shed some light on this. ❤️ I’m hoping someone in this group might be able to help. I have a family grave at Bloxwich Cemetery. A couple of years ago, a small rose plant was removed from the grave. It had been planted by my Dad for his Mom. I contacted Walsall Council at the time and was told that they had removed it because it had been planted at the side of the grave. In April 2026, I purchased two more rose plants and planted them at the front of the grave, along with some bedding plants. Unfortunately, when I checked the grave about a month later, both roses had disappeared, although the bedding plants were still there and hadn’t been disturbed. As I’m not local to the area, I’m unable to visit the grave regularly. Having looked through this group, I’ve noticed that other people have mentioned items, flowers and plants being taken from graves. I wondered if anyone else has experienced this at Bloxwich Cemetery, or whether it is likely that someone may have taken the roses? It seems strange that both roses would disappear while the bedding plants were left untouched. It’s particularly upsetting as the first rose had been planted by my Dad for his Mom, so the plants have sentimental value to our family. Thank you in advance to anyone who may be able to shed some light on this. ❤️","The discussion centres on the distressing disappearance of sentimental plants and ornaments from graves at Bloxwich Cemetery, debating whether these losses result from strict council maintenance policies or targeted theft by the public."
3440676059435693,3440064902830142,2026-08-10T08:20:39+00:00,2026-08-10,Crime,Arson Fire Setting,Seeking incident location details,Bloxwich Chit Chat,0,0,0,0,0,0,0,https://www.facebook.com/groups/2369573043212672/posts/3440064902830142?comment_id=3440676059435693,Where that in bloxwich,"Questions the specific location of the fire in Bloxwich, likely seeking clarification about where exactly in the area the incident occurred. The comment appears to be asking for more precise geographical details about the fire's location.",Not my video - but kids have lit this today Bloxwich -(leobuchanan91) Not my video - but kids have lit this today Bloxwich -(leobuchanan91),"Local residents are expressing outrage and calling for strict punitive measures against the youths responsible for starting a grass fire in Bloxwich, citing a perceived lack of parental discipline and respect."
3440739192762713,3439765909526708,2026-08-10T09:51:21+00:00,2026-08-10,Crime,Cemetery Theft,Root damage justifies plant restrictions,Bloxwich Chit Chat,0,0,0,0,0,0,0,https://www.facebook.com/groups/2369573043212672/posts/3439765909526708?comment_id=3440739192762713,They could of removed the roses Because 🌹 the roots can cause problems with the headstones with subsidence it's only a thought it is very distressing when you visit your loved ones and things have been stolen or moved 💔,"Suggests that the council may have legitimately removed the roses due to root subsidence concerns affecting headstones, while acknowledging the emotional distress caused by items disappearing from graves. Expresses sympathy for the original poster's loss while offering an alternative explanation to theft.","I’m hoping someone in this group might be able to help. I have a family grave at Bloxwich Cemetery. A couple of years ago, a small rose plant was removed from the grave. It had been planted by my Dad for his Mom. I contacted Walsall Council at the time and was told that they had removed it because it had been planted at the side of the grave. In April 2026, I purchased two more rose plants and planted them at the front of the grave, along with some bedding plants. Unfortunately, when I checked the grave about a month later, both roses had disappeared, although the bedding plants were still there and hadn’t been disturbed. As I’m not local to the area, I’m unable to visit the grave regularly. Having looked through this group, I’ve noticed that other people have mentioned items, flowers and plants being taken from graves. I wondered if anyone else has experienced this at Bloxwich Cemetery, or whether it is likely that someone may have taken the roses? It seems strange that both roses would disappear while the bedding plants were left untouched. It’s particularly upsetting as the first rose had been planted by my Dad for his Mom, so the plants have sentimental value to our family. Thank you in advance to anyone who may be able to shed some light on this. ❤️ I’m hoping someone in this group might be able to help. I have a family grave at Bloxwich Cemetery. A couple of years ago, a small rose plant was removed from the grave. It had been planted by my Dad for his Mom. I contacted Walsall Council at the time and was told that they had removed it because it had been planted at the side of the grave. In April 2026, I purchased two more rose plants and planted them at the front of the grave, along with some bedding plants. Unfortunately, when I checked the grave about a month later, both roses had disappeared, although the bedding plants were still there and hadn’t been disturbed. As I’m not local to the area, I’m unable to visit the grave regularly. Having looked through this group, I’ve noticed that other people have mentioned items, flowers and plants being taken from graves. I wondered if anyone else has experienced this at Bloxwich Cemetery, or whether it is likely that someone may have taken the roses? It seems strange that both roses would disappear while the bedding plants were left untouched. It’s particularly upsetting as the first rose had been planted by my Dad for his Mom, so the plants have sentimental value to our family. Thank you in advance to anyone who may be able to shed some light on this. ❤️","The discussion centres on the distressing disappearance of sentimental plants and ornaments from graves at Bloxwich Cemetery, debating whether these losses result from strict council maintenance policies or targeted theft by the public."
3441079442728688,3439765909526708,2026-08-10T16:50:43+00:00,2026-08-10,Crime,Cemetery Theft,Widespread theft problem at cemetery,Bloxwich Chit Chat,0,0,0,0,0,0,0,https://www.facebook.com/groups/2369573043212672/posts/3439765909526708?comment_id=3441079442728688,We have had flowers stolen and saw Reaves stolen,Reports personal experience of flowers being stolen from graves at Bloxwich Cemetery and mentions witnessing the theft of items described as 'Reaves' (likely 'wreaths' or similar grave ornaments). Corroborates the original poster's concern that theft rather than council removal may be responsible for missing items.,"I’m hoping someone in this group might be able to help. I have a family grave at Bloxwich Cemetery. A couple of years ago, a small rose plant was removed from the grave. It had been planted by my Dad for his Mom. I contacted Walsall Council at the time and was told that they had removed it because it had been planted at the side of the grave. In April 2026, I purchased two more rose plants and planted them at the front of the grave, along with some bedding plants. Unfortunately, when I checked the grave about a month later, both roses had disappeared, although the bedding plants were still there and hadn’t been disturbed. As I’m not local to the area, I’m unable to visit the grave regularly. Having looked through this group, I’ve noticed that other people have mentioned items, flowers and plants being taken from graves. I wondered if anyone else has experienced this at Bloxwich Cemetery, or whether it is likely that someone may have taken the roses? It seems strange that both roses would disappear while the bedding plants were left untouched. It’s particularly upsetting as the first rose had been planted by my Dad for his Mom, so the plants have sentimental value to our family. Thank you in advance to anyone who may be able to shed some light on this. ❤️ I’m hoping someone in this group might be able to help. I have a family grave at Bloxwich Cemetery. A couple of years ago, a small rose plant was removed from the grave. It had been planted by my Dad for his Mom. I contacted Walsall Council at the time and was told that they had removed it because it had been planted at the side of the grave. In April 2026, I purchased two more rose plants and planted them at the front of the grave, along with some bedding plants. Unfortunately, when I checked the grave about a month later, both roses had disappeared, although the bedding plants were still there and hadn’t been disturbed. As I’m not local to the area, I’m unable to visit the grave regularly. Having looked through this group, I’ve noticed that other people have mentioned items, flowers and plants being taken from graves. I wondered if anyone else has experienced this at Bloxwich Cemetery, or whether it is likely that someone may have taken the roses? It seems strange that both roses would disappear while the bedding plants were left untouched. It’s particularly upsetting as the first rose had been planted by my Dad for his Mom, so the plants have sentimental value to our family. Thank you in advance to anyone who may be able to shed some light on this. ❤️","The discussion centres on the distressing disappearance of sentimental plants and ornaments from graves at Bloxwich Cemetery, debating whether these losses result from strict council maintenance policies or targeted theft by the public."
3441361349367164,3441180589385240,2026-08-10T23:18:03+00:00,2026-08-10,Crime,Stalking Harassment,Attribute incident to immigration issues,Bloxwich Chit Chat,26,23,0,1,0,1,1,https://www.facebook.com/groups/2369573043212672/posts/3441180589385240?comment_id=3441361349367164,"Laying £ on the driver not being white, and yes it DOES matter, had something very similar happen to me on the A34 and Hilton - Brook lane, and that was a silver Merc, dark windows but I saw the driver face to face, they weren’t lost or slowing for speed humps….thank god I have a big dog, she’s daft but these creeps don’t know that, Made me more vigilant that’s for sure","Suggests the driver is likely not white and implies this detail is relevant to understanding the incident, while sharing a similar experience and attributing personal safety precautions to increased vigilance. The comment appears to associate the suspicious behavior with the driver's perceived ethnicity, reflecting a contentious framing present in the broader post discussion about crime and immigration.","Hey everyone, just wanted to share something that happened to me last night partly because I never thought it would happen to me and partly to remind us all to stay alert and safe out there running I wouldn’t normally post something like this but I feel like it’s important to share I was out doing what I love doing and had stuck to roads I know really well, it wasn’t even dark yet and there was plenty of people and cars around and a fully blacked out Mercedes started following me. It drove past slowly, kept circling and came back past me four times in 10 minutes. The windows were so heavily tinted I couldn’t see who was driving or anything inside at all. Mercedes-Benz E-class, registration KR17 XCB. I don’t get spooked easily and after the fourth time I ran as fast as I could to the Why not inn pub who were amazing and made sure I was safe. I’m usually so careful, I plan my route, stick to places I know, stay aware… but this just shows it can happen to anyone, anywhere. Please look out for yourselves and each other ✨If you can run with someone I don’t think I will be running solo for a long time ✨Keep to busy and well‑lit roads ✨If something feels off trust your gut, head straight for an open business, pub or house where there are people ✨Report anything that makes you feel uneasy it could be nothing but it’s always best to be safe ✨ Always let people know where your going and share you live location","The discussion centres on a female runner’s encounter with a suspicious vehicle, prompting community warnings about personal safety and a contentious debate regarding the perceived link between rising crime and immigration."
3441542972682335,3441180589385240,2026-08-11T04:05:42+00:00,2026-08-11,Crime,Stalking Harassment,Support sharing incident for community safety,Bloxwich Chit Chat,31,31,0,0,0,0,0,https://www.facebook.com/groups/2369573043212672/posts/3441180589385240?comment_id=3441542972682335,"Thank you for sharing. As tough as it is, it may save someone else as well being followed by them knowing the car. It may be worth sharing with the police. I believe also, its illegal to have heavily tinted windows on the front. ❤️❤️❤️","Endorses sharing the incident as it may protect others and recommends reporting to police. Notes that heavily tinted front windows are illegal, implying the vehicle's window tinting may constitute a legal violation worth reporting.","Hey everyone, just wanted to share something that happened to me last night partly because I never thought it would happen to me and partly to remind us all to stay alert and safe out there running I wouldn’t normally post something like this but I feel like it’s important to share I was out doing what I love doing and had stuck to roads I know really well, it wasn’t even dark yet and there was plenty of people and cars around and a fully blacked out Mercedes started following me. It drove past slowly, kept circling and came back past me four times in 10 minutes. The windows were so heavily tinted I couldn’t see who was driving or anything inside at all. Mercedes-Benz E-class, registration KR17 XCB. I don’t get spooked easily and after the fourth time I ran as fast as I could to the Why not inn pub who were amazing and made sure I was safe. I’m usually so careful, I plan my route, stick to places I know, stay aware… but this just shows it can happen to anyone, anywhere. Please look out for yourselves and each other ✨If you can run with someone I don’t think I will be running solo for a long time ✨Keep to busy and well‑lit roads ✨If something feels off trust your gut, head straight for an open business, pub or house where there are people ✨Report anything that makes you feel uneasy it could be nothing but it’s always best to be safe ✨ Always let people know where your going and share you live location","The discussion centres on a female runner’s encounter with a suspicious vehicle, prompting community warnings about personal safety and a contentious debate regarding the perceived link between rising crime and immigration."
2234273233781271,2233558430519418,2026-08-11T04:27:04+00:00,2026-08-11,Crime,Police Response Incidents,Speculating serious criminal incident,Bloxwich Community Group,0,0,0,0,0,0,0,https://www.facebook.com/groups/846204072588201/posts/2233558430519418?comment_id=2234273233781271,Probably a raid or something reallllllly bad has gone on? 🙄,Speculates that the large police presence on Booth Street is likely due to either a raid or a serious criminal incident. The sarcastic tone (indicated by the eye-roll emoji and extended vowels) suggests skepticism about more mundane explanations.,Anybody know why there’s about 15 police cars n riot van at the end of booth st,"Local residents are speculating on the reasons behind a significant police presence on Booth Street, ranging from potential criminal activity to routine occurrences."
3441575459345753,3441180589385240,2026-08-11T04:52:28+00:00,2026-08-11,Crime,Stalking Harassment,,Bloxwich Chit Chat,1,0,0,0,0,1,0,https://www.facebook.com/groups/2369573043212672/posts/3441180589385240?comment_id=3441575459345753,Rebecca Grimshaw,"Unable to determine - the comment contains only the commenter's name 'Rebecca Grimshaw' with no substantive text, statement, or position expressed.","Hey everyone, just wanted to share something that happened to me last night partly because I never thought it would happen to me and partly to remind us all to stay alert and safe out there running I wouldn’t normally post something like this but I feel like it’s important to share I was out doing what I love doing and had stuck to roads I know really well, it wasn’t even dark yet and there was plenty of people and cars around and a fully blacked out Mercedes started following me. It drove past slowly, kept circling and came back past me four times in 10 minutes. The windows were so heavily tinted I couldn’t see who was driving or anything inside at all. Mercedes-Benz E-class, registration KR17 XCB. I don’t get spooked easily and after the fourth time I ran as fast as I could to the Why not inn pub who were amazing and made sure I was safe. I’m usually so careful, I plan my route, stick to places I know, stay aware… but this just shows it can happen to anyone, anywhere. Please look out for yourselves and each other ✨If you can run with someone I don’t think I will be running solo for a long time ✨Keep to busy and well‑lit roads ✨If something feels off trust your gut, head straight for an open business, pub or house where there are people ✨Report anything that makes you feel uneasy it could be nothing but it’s always best to be safe ✨ Always let people know where your going and share you live location","The discussion centres on a female runner’s encounter with a suspicious vehicle, prompting community warnings about personal safety and a contentious debate regarding the perceived link between rising crime and immigration."
2234291717112756,2233558430519418,2026-08-11T04:59:03+00:00,2026-08-11,Crime,Police Response Incidents,Seeking local insider knowledge,Bloxwich Community Group,1,0,0,1,0,0,0,https://www.facebook.com/groups/846204072588201/posts/2233558430519418?comment_id=2234291717112756,Joe Steed 's stomping ground tha is . Whats gooin on Joe ?,"Suggests that Joe Steed is familiar with or frequents the Booth Street area, and directly addresses him to ask if he has information about the police activity. The comment implies Joe might know something about the incident due to his local presence.",Anybody know why there’s about 15 police cars n riot van at the end of booth st,"Local residents are speculating on the reasons behind a significant police presence on Booth Street, ranging from potential criminal activity to routine occurrences."
3441584126011553,3441180589385240,2026-08-11T05:06:28+00:00,2026-08-11,Crime,Stalking Harassment,Provide alternative innocent explanations,Bloxwich Chit Chat,7,5,0,1,1,0,0,https://www.facebook.com/groups/2369573043212672/posts/3441180589385240?comment_id=3441584126011553,"I completely understand why you were concerned, but in this case there’s a simple explanation. The person was making a delivery and was only there because they couldn’t find the address. They were slowing down and looking around to locate the correct property. So I don’t think it’s fair to assume there was anything suspicious going on, especially based on the driver’s appearance or ethnicity.","Provides an alternative explanation for the vehicle's behavior as a delivery driver searching for an address rather than engaging in suspicious activity, and cautions against making assumptions based on the driver's appearance or ethnicity. Implicitly critiques the original post for potentially promoting unfair stereotyping.","Hey everyone, just wanted to share something that happened to me last night partly because I never thought it would happen to me and partly to remind us all to stay alert and safe out there running I wouldn’t normally post something like this but I feel like it’s important to share I was out doing what I love doing and had stuck to roads I know really well, it wasn’t even dark yet and there was plenty of people and cars around and a fully blacked out Mercedes started following me. It drove past slowly, kept circling and came back past me four times in 10 minutes. The windows were so heavily tinted I couldn’t see who was driving or anything inside at all. Mercedes-Benz E-class, registration KR17 XCB. I don’t get spooked easily and after the fourth time I ran as fast as I could to the Why not inn pub who were amazing and made sure I was safe. I’m usually so careful, I plan my route, stick to places I know, stay aware… but this just shows it can happen to anyone, anywhere. Please look out for yourselves and each other ✨If you can run with someone I don’t think I will be running solo for a long time ✨Keep to busy and well‑lit roads ✨If something feels off trust your gut, head straight for an open business, pub or house where there are people ✨Report anything that makes you feel uneasy it could be nothing but it’s always best to be safe ✨ Always let people know where your going and share you live location","The discussion centres on a female runner’s encounter with a suspicious vehicle, prompting community warnings about personal safety and a contentious debate regarding the perceived link between rising crime and immigration."
3441589562677676,3441180589385240,2026-08-11T05:15:17+00:00,2026-08-11,Crime,Stalking Harassment,Support sharing incident for community safety,Bloxwich Chit Chat,14,14,0,0,0,0,0,https://www.facebook.com/groups/2369573043212672/posts/3441180589385240?comment_id=3441589562677676,"I know there could be a simple explanation as to why the car was driving around. If it's a legit reason fine . But this post reminds people also to be vigilant whilst out running, walking we all need a reminder regarding this.","Acknowledges that the suspicious vehicle incident may have an innocent explanation, but uses it as an opportunity to reinforce the importance of personal safety awareness for people engaged in outdoor activities like running and walking. The commenter supports the original poster's safety messaging while remaining open to alternative explanations for the vehicle's behavior.","Hey everyone, just wanted to share something that happened to me last night partly because I never thought it would happen to me and partly to remind us all to stay alert and safe out there running I wouldn’t normally post something like this but I feel like it’s important to share I was out doing what I love doing and had stuck to roads I know really well, it wasn’t even dark yet and there was plenty of people and cars around and a fully blacked out Mercedes started following me. It drove past slowly, kept circling and came back past me four times in 10 minutes. The windows were so heavily tinted I couldn’t see who was driving or anything inside at all. Mercedes-Benz E-class, registration KR17 XCB. I don’t get spooked easily and after the fourth time I ran as fast as I could to the Why not inn pub who were amazing and made sure I was safe. I’m usually so careful, I plan my route, stick to places I know, stay aware… but this just shows it can happen to anyone, anywhere. Please look out for yourselves and each other ✨If you can run with someone I don’t think I will be running solo for a long time ✨Keep to busy and well‑lit roads ✨If something feels off trust your gut, head straight for an open business, pub or house where there are people ✨Report anything that makes you feel uneasy it could be nothing but it’s always best to be safe ✨ Always let people know where your going and share you live location","The discussion centres on a female runner’s encounter with a suspicious vehicle, prompting community warnings about personal safety and a contentious debate regarding the perceived link between rising crime and immigration."
3441607326009233,3441180589385240,2026-08-11T05:42:21+00:00,2026-08-11,Crime,Stalking Harassment,Question incident authenticity or details,Bloxwich Chit Chat,12,10,1,1,0,0,0,https://www.facebook.com/groups/2369573043212672/posts/3441180589385240?comment_id=3441607326009233,"Interesting 🤔 My old sat-nav in the Focus can virtually drop me on the spot, I've also got a few ancient Garmins if he/she could do with them. In my lifetime of driving I've never been that lost that I've drove past four times. Apart from long lane there's nowhere else to Go in that area it's a straight road.","Offers practical help by suggesting the original poster could borrow a sat-nav device, while implicitly questioning the plausibility of the incident by noting that the area is a straight road with limited alternative routes, making it unlikely someone could genuinely become lost enough to pass the same location four times.","Hey everyone, just wanted to share something that happened to me last night partly because I never thought it would happen to me and partly to remind us all to stay alert and safe out there running I wouldn’t normally post something like this but I feel like it’s important to share I was out doing what I love doing and had stuck to roads I know really well, it wasn’t even dark yet and there was plenty of people and cars around and a fully blacked out Mercedes started following me. It drove past slowly, kept circling and came back past me four times in 10 minutes. The windows were so heavily tinted I couldn’t see who was driving or anything inside at all. Mercedes-Benz E-class, registration KR17 XCB. I don’t get spooked easily and after the fourth time I ran as fast as I could to the Why not inn pub who were amazing and made sure I was safe. I’m usually so careful, I plan my route, stick to places I know, stay aware… but this just shows it can happen to anyone, anywhere. Please look out for yourselves and each other ✨If you can run with someone I don’t think I will be running solo for a long time ✨Keep to busy and well‑lit roads ✨If something feels off trust your gut, head straight for an open business, pub or house where there are people ✨Report anything that makes you feel uneasy it could be nothing but it’s always best to be safe ✨ Always let people know where your going and share you live location","The discussion centres on a female runner’s encounter with a suspicious vehicle, prompting community warnings about personal safety and a contentious debate regarding the perceived link between rising crime and immigration."
3441614489341850,3441180589385240,2026-08-11T05:53:16+00:00,2026-08-11,Crime,Stalking Harassment,Share similar personal experiences,Bloxwich Chit Chat,5,5,0,0,0,0,0,https://www.facebook.com/groups/2369573043212672/posts/3441180589385240?comment_id=3441614489341850,Had this happen to me years ago in west Bromwich. I was running along the Newton road towards great Barr. A black BMW with black lads drove slowly by side of me then stopped. I ran back the opposite direct and across the horse fields. I stopped running after that.,"Shares a similar personal experience of being followed while running in West Bromwich years ago, describing a vehicle with occupants matching a racial description that prompted evasive action and cessation of solo running. The comment implicitly validates the original poster's safety concerns by providing a parallel anecdotal account.","Hey everyone, just wanted to share something that happened to me last night partly because I never thought it would happen to me and partly to remind us all to stay alert and safe out there running I wouldn’t normally post something like this but I feel like it’s important to share I was out doing what I love doing and had stuck to roads I know really well, it wasn’t even dark yet and there was plenty of people and cars around and a fully blacked out Mercedes started following me. It drove past slowly, kept circling and came back past me four times in 10 minutes. The windows were so heavily tinted I couldn’t see who was driving or anything inside at all. Mercedes-Benz E-class, registration KR17 XCB. I don’t get spooked easily and after the fourth time I ran as fast as I could to the Why not inn pub who were amazing and made sure I was safe. I’m usually so careful, I plan my route, stick to places I know, stay aware… but this just shows it can happen to anyone, anywhere. Please look out for yourselves and each other ✨If you can run with someone I don’t think I will be running solo for a long time ✨Keep to busy and well‑lit roads ✨If something feels off trust your gut, head straight for an open business, pub or house where there are people ✨Report anything that makes you feel uneasy it could be nothing but it’s always best to be safe ✨ Always let people know where your going and share you live location","The discussion centres on a female runner’s encounter with a suspicious vehicle, prompting community warnings about personal safety and a contentious debate regarding the perceived link between rising crime and immigration."
3441631939340105,3441180589385240,2026-08-11T06:18:26+00:00,2026-08-11,Crime,Stalking Harassment,,Bloxwich Chit Chat,6,6,0,0,0,0,0,https://www.facebook.com/groups/2369573043212672/posts/3441180589385240?comment_id=3441631939340105,Stay ALERT ⚠️ 📢,Emphasizes the importance of vigilance and caution in response to the reported incident. Uses warning symbols and capitalized language to reinforce the message that community members should remain alert to potential threats.,"Hey everyone, just wanted to share something that happened to me last night partly because I never thought it would happen to me and partly to remind us all to stay alert and safe out there running I wouldn’t normally post something like this but I feel like it’s important to share I was out doing what I love doing and had stuck to roads I know really well, it wasn’t even dark yet and there was plenty of people and cars around and a fully blacked out Mercedes started following me. It drove past slowly, kept circling and came back past me four times in 10 minutes. The windows were so heavily tinted I couldn’t see who was driving or anything inside at all. Mercedes-Benz E-class, registration KR17 XCB. I don’t get spooked easily and after the fourth time I ran as fast as I could to the Why not inn pub who were amazing and made sure I was safe. I’m usually so careful, I plan my route, stick to places I know, stay aware… but this just shows it can happen to anyone, anywhere. Please look out for yourselves and each other ✨If you can run with someone I don’t think I will be running solo for a long time ✨Keep to busy and well‑lit roads ✨If something feels off trust your gut, head straight for an open business, pub or house where there are people ✨Report anything that makes you feel uneasy it could be nothing but it’s always best to be safe ✨ Always let people know where your going and share you live location","The discussion centres on a female runner’s encounter with a suspicious vehicle, prompting community warnings about personal safety and a contentious debate regarding the perceived link between rising crime and immigration."
3441636616006304,3441180589385240,2026-08-11T06:25:36+00:00,2026-08-11,Crime,Stalking Harassment,,Bloxwich Chit Chat,4,3,0,0,0,0,0,https://www.facebook.com/groups/2369573043212672/posts/3441180589385240?comment_id=3441636616006304,"Stay safe ladies. And parents, please make your kids aware of the dangers out there.",Expresses concern for women's safety and advocates for parental responsibility in educating children about potential dangers. Reinforces the safety messaging from the original post by emphasizing awareness and precaution.,"Hey everyone, just wanted to share something that happened to me last night partly because I never thought it would happen to me and partly to remind us all to stay alert and safe out there running I wouldn’t normally post something like this but I feel like it’s important to share I was out doing what I love doing and had stuck to roads I know really well, it wasn’t even dark yet and there was plenty of people and cars around and a fully blacked out Mercedes started following me. It drove past slowly, kept circling and came back past me four times in 10 minutes. The windows were so heavily tinted I couldn’t see who was driving or anything inside at all. Mercedes-Benz E-class, registration KR17 XCB. I don’t get spooked easily and after the fourth time I ran as fast as I could to the Why not inn pub who were amazing and made sure I was safe. I’m usually so careful, I plan my route, stick to places I know, stay aware… but this just shows it can happen to anyone, anywhere. Please look out for yourselves and each other ✨If you can run with someone I don’t think I will be running solo for a long time ✨Keep to busy and well‑lit roads ✨If something feels off trust your gut, head straight for an open business, pub or house where there are people ✨Report anything that makes you feel uneasy it could be nothing but it’s always best to be safe ✨ Always let people know where your going and share you live location","The discussion centres on a female runner’s encounter with a suspicious vehicle, prompting community warnings about personal safety and a contentious debate regarding the perceived link between rising crime and immigration."
3441639776005988,3441180589385240,2026-08-11T06:30:20+00:00,2026-08-11,Crime,Stalking Harassment,,Bloxwich Chit Chat,7,6,1,0,0,0,0,https://www.facebook.com/groups/2369573043212672/posts/3441180589385240?comment_id=3441639776005988,This is why all police forces got to do the police women jogging scheme to catch the scum that do this kind of thing,"Advocates for implementing a police women jogging scheme as a response to the reported incident, suggesting this would help catch perpetrators of such crimes. Implies that increased visible police presence through female officers jogging would deter or apprehend individuals engaging in predatory behavior toward runners.","Hey everyone, just wanted to share something that happened to me last night partly because I never thought it would happen to me and partly to remind us all to stay alert and safe out there running I wouldn’t normally post something like this but I feel like it’s important to share I was out doing what I love doing and had stuck to roads I know really well, it wasn’t even dark yet and there was plenty of people and cars around and a fully blacked out Mercedes started following me. It drove past slowly, kept circling and came back past me four times in 10 minutes. The windows were so heavily tinted I couldn’t see who was driving or anything inside at all. Mercedes-Benz E-class, registration KR17 XCB. I don’t get spooked easily and after the fourth time I ran as fast as I could to the Why not inn pub who were amazing and made sure I was safe. I’m usually so careful, I plan my route, stick to places I know, stay aware… but this just shows it can happen to anyone, anywhere. Please look out for yourselves and each other ✨If you can run with someone I don’t think I will be running solo for a long time ✨Keep to busy and well‑lit roads ✨If something feels off trust your gut, head straight for an open business, pub or house where there are people ✨Report anything that makes you feel uneasy it could be nothing but it’s always best to be safe ✨ Always let people know where your going and share you live location","The discussion centres on a female runner’s encounter with a suspicious vehicle, prompting community warnings about personal safety and a contentious debate regarding the perceived link between rising crime and immigration."
3441640026005963,3441180589385240,2026-08-11T06:30:43+00:00,2026-08-11,Crime,Stalking Harassment,Attribute incident to immigration issues,Bloxwich Chit Chat,8,7,0,0,0,0,1,https://www.facebook.com/groups/2369573043212672/posts/3441180589385240?comment_id=3441640026005963,"I think all the cars now that are stolen every night are the immigrants that our government have let in our country I have never known so many with fake number plates on these cars when stopped by the police,women and young girls are no longer safe on our streets so what’s it going to be like when the dark nights come.","Attributes the rise in car thefts and use of fake number plates to immigration, claiming the government has allowed immigrants into the country who are responsible for these crimes. Expresses concern that women and girls are unsafe on streets now and warns the situation will worsen during darker months, implying a causal link between immigration and public safety deterioration.","Hey everyone, just wanted to share something that happened to me last night partly because I never thought it would happen to me and partly to remind us all to stay alert and safe out there running I wouldn’t normally post something like this but I feel like it’s important to share I was out doing what I love doing and had stuck to roads I know really well, it wasn’t even dark yet and there was plenty of people and cars around and a fully blacked out Mercedes started following me. It drove past slowly, kept circling and came back past me four times in 10 minutes. The windows were so heavily tinted I couldn’t see who was driving or anything inside at all. Mercedes-Benz E-class, registration KR17 XCB. I don’t get spooked easily and after the fourth time I ran as fast as I could to the Why not inn pub who were amazing and made sure I was safe. I’m usually so careful, I plan my route, stick to places I know, stay aware… but this just shows it can happen to anyone, anywhere. Please look out for yourselves and each other ✨If you can run with someone I don’t think I will be running solo for a long time ✨Keep to busy and well‑lit roads ✨If something feels off trust your gut, head straight for an open business, pub or house where there are people ✨Report anything that makes you feel uneasy it could be nothing but it’s always best to be safe ✨ Always let people know where your going and share you live location","The discussion centres on a female runner’s encounter with a suspicious vehicle, prompting community warnings about personal safety and a contentious debate regarding the perceived link between rising crime and immigration."
2234343380440923,2233558430519418,2026-08-11T06:30:55+00:00,2026-08-11,Crime,Police Response Incidents,Normalizing heavy police presence,Bloxwich Community Group,0,0,0,0,0,0,0,https://www.facebook.com/groups/846204072588201/posts/2233558430519418?comment_id=2234343380440923,Just everyday occurrence nothing unusual.,Suggests that the significant police presence on Booth Street is routine and unremarkable rather than indicative of an unusual incident. Implies that such deployments are common occurrences in the area.,Anybody know why there’s about 15 police cars n riot van at the end of booth st,"Local residents are speculating on the reasons behind a significant police presence on Booth Street, ranging from potential criminal activity to routine occurrences."
3441644766005489,3441180589385240,2026-08-11T06:38:45+00:00,2026-08-11,Crime,Stalking Harassment,Recommend reporting to police,Bloxwich Chit Chat,7,7,0,0,0,0,0,https://www.facebook.com/groups/2369573043212672/posts/3441180589385240?comment_id=3441644766005489,Have you made the police aware?,"Questions whether the original poster has reported the incident to police, implying that official law enforcement should be notified of the suspicious vehicle encounter. This suggests the commenter views police involvement as an appropriate and necessary response to the safety concern described.","Hey everyone, just wanted to share something that happened to me last night partly because I never thought it would happen to me and partly to remind us all to stay alert and safe out there running I wouldn’t normally post something like this but I feel like it’s important to share I was out doing what I love doing and had stuck to roads I know really well, it wasn’t even dark yet and there was plenty of people and cars around and a fully blacked out Mercedes started following me. It drove past slowly, kept circling and came back past me four times in 10 minutes. The windows were so heavily tinted I couldn’t see who was driving or anything inside at all. Mercedes-Benz E-class, registration KR17 XCB. I don’t get spooked easily and after the fourth time I ran as fast as I could to the Why not inn pub who were amazing and made sure I was safe. I’m usually so careful, I plan my route, stick to places I know, stay aware… but this just shows it can happen to anyone, anywhere. Please look out for yourselves and each other ✨If you can run with someone I don’t think I will be running solo for a long time ✨Keep to busy and well‑lit roads ✨If something feels off trust your gut, head straight for an open business, pub or house where there are people ✨Report anything that makes you feel uneasy it could be nothing but it’s always best to be safe ✨ Always let people know where your going and share you live location","The discussion centres on a female runner’s encounter with a suspicious vehicle, prompting community warnings about personal safety and a contentious debate regarding the perceived link between rising crime and immigration."
3441652526004713,3441180589385240,2026-08-11T06:51:21+00:00,2026-08-11,Crime,Stalking Harassment,Express empathy and emotional support,Bloxwich Chit Chat,0,0,0,0,0,0,0,https://www.facebook.com/groups/2369573043212672/posts/3441180589385240?comment_id=3441652526004713,Aww hope u ok that would have spooked me and i dont get scared easily u have to be so careful these days x so glad ur safe my lovely and a great post to remind people that it just aint safe out there these days ❤️,"Expresses empathy and support for the original poster's frightening experience, validating their concern and reinforcing the safety advice shared. Agrees with the broader message that personal safety threats are a contemporary concern that affects everyone regardless of precautions.","Hey everyone, just wanted to share something that happened to me last night partly because I never thought it would happen to me and partly to remind us all to stay alert and safe out there running I wouldn’t normally post something like this but I feel like it’s important to share I was out doing what I love doing and had stuck to roads I know really well, it wasn’t even dark yet and there was plenty of people and cars around and a fully blacked out Mercedes started following me. It drove past slowly, kept circling and came back past me four times in 10 minutes. The windows were so heavily tinted I couldn’t see who was driving or anything inside at all. Mercedes-Benz E-class, registration KR17 XCB. I don’t get spooked easily and after the fourth time I ran as fast as I could to the Why not inn pub who were amazing and made sure I was safe. I’m usually so careful, I plan my route, stick to places I know, stay aware… but this just shows it can happen to anyone, anywhere. Please look out for yourselves and each other ✨If you can run with someone I don’t think I will be running solo for a long time ✨Keep to busy and well‑lit roads ✨If something feels off trust your gut, head straight for an open business, pub or house where there are people ✨Report anything that makes you feel uneasy it could be nothing but it’s always best to be safe ✨ Always let people know where your going and share you live location","The discussion centres on a female runner’s encounter with a suspicious vehicle, prompting community warnings about personal safety and a contentious debate regarding the perceived link between rising crime and immigration."
3441658592670773,3441180589385240,2026-08-11T07:01:43+00:00,2026-08-11,Crime,Stalking Harassment,Attribute incident to immigration issues,Bloxwich Chit Chat,84,83,0,0,0,0,1,https://www.facebook.com/groups/2369573043212672/posts/3441180589385240?comment_id=3441658592670773,"Disgusting. Expect this to happen more and more, when the country is filling up with unknowns, whose culture shows no respect to women. But everyone still keeps voting for the same incompetent political parties that do nothing about it. Don't be pressured into thinking standing up against ILLEGAL immigration is racist. It's affecting everyone's lives and freedom, DAILY, and is more important than any other topic. Your daughters. Your grandaughters. Your life. Your choice. Your vote.","Attributes the incident to immigration and cultural differences, arguing that illegal immigration is a critical political issue being ignored by major parties. Frames opposition to illegal immigration as a legitimate safety concern rather than racism, and urges voters to prioritize this issue to protect women and families.","Hey everyone, just wanted to share something that happened to me last night partly because I never thought it would happen to me and partly to remind us all to stay alert and safe out there running I wouldn’t normally post something like this but I feel like it’s important to share I was out doing what I love doing and had stuck to roads I know really well, it wasn’t even dark yet and there was plenty of people and cars around and a fully blacked out Mercedes started following me. It drove past slowly, kept circling and came back past me four times in 10 minutes. The windows were so heavily tinted I couldn’t see who was driving or anything inside at all. Mercedes-Benz E-class, registration KR17 XCB. I don’t get spooked easily and after the fourth time I ran as fast as I could to the Why not inn pub who were amazing and made sure I was safe. I’m usually so careful, I plan my route, stick to places I know, stay aware… but this just shows it can happen to anyone, anywhere. Please look out for yourselves and each other ✨If you can run with someone I don’t think I will be running solo for a long time ✨Keep to busy and well‑lit roads ✨If something feels off trust your gut, head straight for an open business, pub or house where there are people ✨Report anything that makes you feel uneasy it could be nothing but it’s always best to be safe ✨ Always let people know where your going and share you live location","The discussion centres on a female runner’s encounter with a suspicious vehicle, prompting community warnings about personal safety and a contentious debate regarding the perceived link between rising crime and immigration."
3441667766003189,3441180589385240,2026-08-11T07:16:22+00:00,2026-08-11,Crime,Stalking Harassment,Express empathy and emotional support,Bloxwich Chit Chat,2,2,0,0,0,0,0,https://www.facebook.com/groups/2369573043212672/posts/3441180589385240?comment_id=3441667766003189,Hope you're ok ❤️,"Expresses concern and solidarity with the post author following her frightening encounter with a suspicious vehicle. The commenter offers emotional support through a simple, empathetic message.","Hey everyone, just wanted to share something that happened to me last night partly because I never thought it would happen to me and partly to remind us all to stay alert and safe out there running I wouldn’t normally post something like this but I feel like it’s important to share I was out doing what I love doing and had stuck to roads I know really well, it wasn’t even dark yet and there was plenty of people and cars around and a fully blacked out Mercedes started following me. It drove past slowly, kept circling and came back past me four times in 10 minutes. The windows were so heavily tinted I couldn’t see who was driving or anything inside at all. Mercedes-Benz E-class, registration KR17 XCB. I don’t get spooked easily and after the fourth time I ran as fast as I could to the Why not inn pub who were amazing and made sure I was safe. I’m usually so careful, I plan my route, stick to places I know, stay aware… but this just shows it can happen to anyone, anywhere. Please look out for yourselves and each other ✨If you can run with someone I don’t think I will be running solo for a long time ✨Keep to busy and well‑lit roads ✨If something feels off trust your gut, head straight for an open business, pub or house where there are people ✨Report anything that makes you feel uneasy it could be nothing but it’s always best to be safe ✨ Always let people know where your going and share you live location","The discussion centres on a female runner’s encounter with a suspicious vehicle, prompting community warnings about personal safety and a contentious debate regarding the perceived link between rising crime and immigration."
3441667992669833,3441180589385240,2026-08-11T07:16:41+00:00,2026-08-11,Crime,Stalking Harassment,,Bloxwich Chit Chat,1,1,0,0,0,0,0,https://www.facebook.com/groups/2369573043212672/posts/3441180589385240?comment_id=3441667992669833,Georgina Elizabeth,"Unable to determine - the comment contains only a name ('Georgina Elizabeth') with no substantive text, making it impossible to infer the commenter's stance, position, or meaning relative to the post about the suspicious vehicle encounter.","Hey everyone, just wanted to share something that happened to me last night partly because I never thought it would happen to me and partly to remind us all to stay alert and safe out there running I wouldn’t normally post something like this but I feel like it’s important to share I was out doing what I love doing and had stuck to roads I know really well, it wasn’t even dark yet and there was plenty of people and cars around and a fully blacked out Mercedes started following me. It drove past slowly, kept circling and came back past me four times in 10 minutes. The windows were so heavily tinted I couldn’t see who was driving or anything inside at all. Mercedes-Benz E-class, registration KR17 XCB. I don’t get spooked easily and after the fourth time I ran as fast as I could to the Why not inn pub who were amazing and made sure I was safe. I’m usually so careful, I plan my route, stick to places I know, stay aware… but this just shows it can happen to anyone, anywhere. Please look out for yourselves and each other ✨If you can run with someone I don’t think I will be running solo for a long time ✨Keep to busy and well‑lit roads ✨If something feels off trust your gut, head straight for an open business, pub or house where there are people ✨Report anything that makes you feel uneasy it could be nothing but it’s always best to be safe ✨ Always let people know where your going and share you live location","The discussion centres on a female runner’s encounter with a suspicious vehicle, prompting community warnings about personal safety and a contentious debate regarding the perceived link between rising crime and immigration."
3441668219336477,3441180589385240,2026-08-11T07:17:03+00:00,2026-08-11,Crime,Stalking Harassment,Question incident authenticity or details,Bloxwich Chit Chat,2,0,0,0,2,0,0,https://www.facebook.com/groups/2369573043212672/posts/3441180589385240?comment_id=3441668219336477,And somehow you got a picture from an elevated position from a distance away. Today on didn't happen,"Questions the authenticity of the post by suggesting the aerial photograph of the Mercedes could not have been taken under the circumstances described, implying the incident did not occur as claimed.","Hey everyone, just wanted to share something that happened to me last night partly because I never thought it would happen to me and partly to remind us all to stay alert and safe out there running I wouldn’t normally post something like this but I feel like it’s important to share I was out doing what I love doing and had stuck to roads I know really well, it wasn’t even dark yet and there was plenty of people and cars around and a fully blacked out Mercedes started following me. It drove past slowly, kept circling and came back past me four times in 10 minutes. The windows were so heavily tinted I couldn’t see who was driving or anything inside at all. Mercedes-Benz E-class, registration KR17 XCB. I don’t get spooked easily and after the fourth time I ran as fast as I could to the Why not inn pub who were amazing and made sure I was safe. I’m usually so careful, I plan my route, stick to places I know, stay aware… but this just shows it can happen to anyone, anywhere. Please look out for yourselves and each other ✨If you can run with someone I don’t think I will be running solo for a long time ✨Keep to busy and well‑lit roads ✨If something feels off trust your gut, head straight for an open business, pub or house where there are people ✨Report anything that makes you feel uneasy it could be nothing but it’s always best to be safe ✨ Always let people know where your going and share you live location","The discussion centres on a female runner’s encounter with a suspicious vehicle, prompting community warnings about personal safety and a contentious debate regarding the perceived link between rising crime and immigration."
3441668572669775,3441180589385240,2026-08-11T07:17:35+00:00,2026-08-11,Crime,Stalking Harassment,Express broader societal safety decline,Bloxwich Chit Chat,7,7,0,0,0,0,0,https://www.facebook.com/groups/2369573043212672/posts/3441180589385240?comment_id=3441668572669775,Yes another sad reflection of the times we live in - you cannot walk/run the streets solo without fear of these characters driving around. Trust you are safe and you did the right thing in seeking help.,Expresses concern that contemporary society has deteriorated to the point where solo walking or running is now dangerous due to criminal activity. Validates the original poster's experience and affirms that reporting suspicious behavior and seeking help were appropriate responses.,"Hey everyone, just wanted to share something that happened to me last night partly because I never thought it would happen to me and partly to remind us all to stay alert and safe out there running I wouldn’t normally post something like this but I feel like it’s important to share I was out doing what I love doing and had stuck to roads I know really well, it wasn’t even dark yet and there was plenty of people and cars around and a fully blacked out Mercedes started following me. It drove past slowly, kept circling and came back past me four times in 10 minutes. The windows were so heavily tinted I couldn’t see who was driving or anything inside at all. Mercedes-Benz E-class, registration KR17 XCB. I don’t get spooked easily and after the fourth time I ran as fast as I could to the Why not inn pub who were amazing and made sure I was safe. I’m usually so careful, I plan my route, stick to places I know, stay aware… but this just shows it can happen to anyone, anywhere. Please look out for yourselves and each other ✨If you can run with someone I don’t think I will be running solo for a long time ✨Keep to busy and well‑lit roads ✨If something feels off trust your gut, head straight for an open business, pub or house where there are people ✨Report anything that makes you feel uneasy it could be nothing but it’s always best to be safe ✨ Always let people know where your going and share you live location","The discussion centres on a female runner’s encounter with a suspicious vehicle, prompting community warnings about personal safety and a contentious debate regarding the perceived link between rising crime and immigration."
3441672352669397,3441180589385240,2026-08-11T07:23:33+00:00,2026-08-11,Crime,Stalking Harassment,,Bloxwich Chit Chat,1,1,0,0,0,0,0,https://www.facebook.com/groups/2369573043212672/posts/3441180589385240?comment_id=3441672352669397,And the police? Presumably are not interested?,Questions whether the police are taking any interest in the reported incident of the suspicious vehicle following the runner. The comment implies skepticism about police responsiveness to the safety concern raised in the post.,"Hey everyone, just wanted to share something that happened to me last night partly because I never thought it would happen to me and partly to remind us all to stay alert and safe out there running I wouldn’t normally post something like this but I feel like it’s important to share I was out doing what I love doing and had stuck to roads I know really well, it wasn’t even dark yet and there was plenty of people and cars around and a fully blacked out Mercedes started following me. It drove past slowly, kept circling and came back past me four times in 10 minutes. The windows were so heavily tinted I couldn’t see who was driving or anything inside at all. Mercedes-Benz E-class, registration KR17 XCB. I don’t get spooked easily and after the fourth time I ran as fast as I could to the Why not inn pub who were amazing and made sure I was safe. I’m usually so careful, I plan my route, stick to places I know, stay aware… but this just shows it can happen to anyone, anywhere. Please look out for yourselves and each other ✨If you can run with someone I don’t think I will be running solo for a long time ✨Keep to busy and well‑lit roads ✨If something feels off trust your gut, head straight for an open business, pub or house where there are people ✨Report anything that makes you feel uneasy it could be nothing but it’s always best to be safe ✨ Always let people know where your going and share you live location","The discussion centres on a female runner’s encounter with a suspicious vehicle, prompting community warnings about personal safety and a contentious debate regarding the perceived link between rising crime and immigration."
3441673802669252,3441180589385240,2026-08-11T07:25:30+00:00,2026-08-11,Crime,Stalking Harassment,Express empathy and emotional support,Bloxwich Chit Chat,1,1,0,0,0,0,0,https://www.facebook.com/groups/2369573043212672/posts/3441180589385240?comment_id=3441673802669252,So pleased that you're safe and that the people at the pub looked after you as you must have been so shaken.,"Expresses relief and sympathy for the original poster's safety following the suspicious vehicle incident, and praises the pub staff for their supportive response. Validates the poster's emotional distress by acknowledging how frightening such an experience would be.","Hey everyone, just wanted to share something that happened to me last night partly because I never thought it would happen to me and partly to remind us all to stay alert and safe out there running I wouldn’t normally post something like this but I feel like it’s important to share I was out doing what I love doing and had stuck to roads I know really well, it wasn’t even dark yet and there was plenty of people and cars around and a fully blacked out Mercedes started following me. It drove past slowly, kept circling and came back past me four times in 10 minutes. The windows were so heavily tinted I couldn’t see who was driving or anything inside at all. Mercedes-Benz E-class, registration KR17 XCB. I don’t get spooked easily and after the fourth time I ran as fast as I could to the Why not inn pub who were amazing and made sure I was safe. I’m usually so careful, I plan my route, stick to places I know, stay aware… but this just shows it can happen to anyone, anywhere. Please look out for yourselves and each other ✨If you can run with someone I don’t think I will be running solo for a long time ✨Keep to busy and well‑lit roads ✨If something feels off trust your gut, head straight for an open business, pub or house where there are people ✨Report anything that makes you feel uneasy it could be nothing but it’s always best to be safe ✨ Always let people know where your going and share you live location","The discussion centres on a female runner’s encounter with a suspicious vehicle, prompting community warnings about personal safety and a contentious debate regarding the perceived link between rising crime and immigration."
2234373390437922,2233558430519418,2026-08-11T07:27:23+00:00,2026-08-11,Crime,Police Response Incidents,Reporting inflammatory social media content,Bloxwich Community Group,0,0,0,0,0,0,0,https://www.facebook.com/groups/846204072588201/posts/2233558430519418?comment_id=2234373390437922,Somone posted something nasty on facebook about illigal immigrants...,"Reports that someone posted inflammatory content about illegal immigrants on Facebook. The commenter appears to be flagging this as inappropriate content, though their intent (whether to condemn the post or simply report its existence) is somewhat unclear.",Anybody know why there’s about 15 police cars n riot van at the end of booth st,"Local residents are speculating on the reasons behind a significant police presence on Booth Street, ranging from potential criminal activity to routine occurrences."
3441676019335697,3441180589385240,2026-08-11T07:29:21+00:00,2026-08-11,Crime,Stalking Harassment,Recommend reporting to police,Bloxwich Chit Chat,2,2,0,0,0,0,0,https://www.facebook.com/groups/2369573043212672/posts/3441180589385240?comment_id=3441676019335697,Someone needs to investigate this driver,"Calls for an investigation into the driver of the Mercedes vehicle described in the post, implying the behavior was suspicious enough to warrant official scrutiny. Suggests the incident represents a potential crime or safety threat that authorities should examine.","Hey everyone, just wanted to share something that happened to me last night partly because I never thought it would happen to me and partly to remind us all to stay alert and safe out there running I wouldn’t normally post something like this but I feel like it’s important to share I was out doing what I love doing and had stuck to roads I know really well, it wasn’t even dark yet and there was plenty of people and cars around and a fully blacked out Mercedes started following me. It drove past slowly, kept circling and came back past me four times in 10 minutes. The windows were so heavily tinted I couldn’t see who was driving or anything inside at all. Mercedes-Benz E-class, registration KR17 XCB. I don’t get spooked easily and after the fourth time I ran as fast as I could to the Why not inn pub who were amazing and made sure I was safe. I’m usually so careful, I plan my route, stick to places I know, stay aware… but this just shows it can happen to anyone, anywhere. Please look out for yourselves and each other ✨If you can run with someone I don’t think I will be running solo for a long time ✨Keep to busy and well‑lit roads ✨If something feels off trust your gut, head straight for an open business, pub or house where there are people ✨Report anything that makes you feel uneasy it could be nothing but it’s always best to be safe ✨ Always let people know where your going and share you live location","The discussion centres on a female runner’s encounter with a suspicious vehicle, prompting community warnings about personal safety and a contentious debate regarding the perceived link between rising crime and immigration."
3441677086002257,3441180589385240,2026-08-11T07:31:04+00:00,2026-08-11,Crime,Stalking Harassment,Recommend reporting to police,Bloxwich Chit Chat,11,11,0,0,0,0,0,https://www.facebook.com/groups/2369573043212672/posts/3441180589385240?comment_id=3441677086002257,Have you reported to police ? I know people say ‘ what will They do ‘ but we must keep the pressure on and by reporting things like this it creates a ‘crime map’ … We need to stop treating the police as our enemy and do everything we can to get them to act on our behalf ..,"Urges the original poster to report the incident to police, arguing that reporting creates valuable crime data and that communities should support rather than distrust law enforcement to address safety concerns. Implicitly critiques a prevailing attitude of dismissing police effectiveness and advocates for increased police engagement as a community safety strategy.","Hey everyone, just wanted to share something that happened to me last night partly because I never thought it would happen to me and partly to remind us all to stay alert and safe out there running I wouldn’t normally post something like this but I feel like it’s important to share I was out doing what I love doing and had stuck to roads I know really well, it wasn’t even dark yet and there was plenty of people and cars around and a fully blacked out Mercedes started following me. It drove past slowly, kept circling and came back past me four times in 10 minutes. The windows were so heavily tinted I couldn’t see who was driving or anything inside at all. Mercedes-Benz E-class, registration KR17 XCB. I don’t get spooked easily and after the fourth time I ran as fast as I could to the Why not inn pub who were amazing and made sure I was safe. I’m usually so careful, I plan my route, stick to places I know, stay aware… but this just shows it can happen to anyone, anywhere. Please look out for yourselves and each other ✨If you can run with someone I don’t think I will be running solo for a long time ✨Keep to busy and well‑lit roads ✨If something feels off trust your gut, head straight for an open business, pub or house where there are people ✨Report anything that makes you feel uneasy it could be nothing but it’s always best to be safe ✨ Always let people know where your going and share you live location","The discussion centres on a female runner’s encounter with a suspicious vehicle, prompting community warnings about personal safety and a contentious debate regarding the perceived link between rising crime and immigration."
3441680746001891,3441180589385240,2026-08-11T07:36:11+00:00,2026-08-11,Crime,Stalking Harassment,Express broader societal safety decline,Bloxwich Chit Chat,0,0,0,0,0,0,0,https://www.facebook.com/groups/2369573043212672/posts/3441180589385240?comment_id=3441680746001891,Shared glad you're safe.that much going on today.makes you wonder if anyone is safe today.,Expresses relief that the poster is safe while suggesting a broader societal concern that personal safety has deteriorated to the point where no one can feel secure anymore. Implies a pessimistic view about crime and safety in the community.,"Hey everyone, just wanted to share something that happened to me last night partly because I never thought it would happen to me and partly to remind us all to stay alert and safe out there running I wouldn’t normally post something like this but I feel like it’s important to share I was out doing what I love doing and had stuck to roads I know really well, it wasn’t even dark yet and there was plenty of people and cars around and a fully blacked out Mercedes started following me. It drove past slowly, kept circling and came back past me four times in 10 minutes. The windows were so heavily tinted I couldn’t see who was driving or anything inside at all. Mercedes-Benz E-class, registration KR17 XCB. I don’t get spooked easily and after the fourth time I ran as fast as I could to the Why not inn pub who were amazing and made sure I was safe. I’m usually so careful, I plan my route, stick to places I know, stay aware… but this just shows it can happen to anyone, anywhere. Please look out for yourselves and each other ✨If you can run with someone I don’t think I will be running solo for a long time ✨Keep to busy and well‑lit roads ✨If something feels off trust your gut, head straight for an open business, pub or house where there are people ✨Report anything that makes you feel uneasy it could be nothing but it’s always best to be safe ✨ Always let people know where your going and share you live location","The discussion centres on a female runner’s encounter with a suspicious vehicle, prompting community warnings about personal safety and a contentious debate regarding the perceived link between rising crime and immigration."
3441687266001239,3441180589385240,2026-08-11T07:45:04+00:00,2026-08-11,Crime,Stalking Harassment,Express broader societal safety decline,Bloxwich Chit Chat,1,1,0,0,0,0,0,https://www.facebook.com/groups/2369573043212672/posts/3441180589385240?comment_id=3441687266001239,Never take a chance always knock on some ones door there are lots of scum out there,"Advises always knocking on someone's door rather than taking chances, warning that there are dangerous people in the community. Reinforces the original poster's safety message by emphasizing proactive caution and the prevalence of threats.","Hey everyone, just wanted to share something that happened to me last night partly because I never thought it would happen to me and partly to remind us all to stay alert and safe out there running I wouldn’t normally post something like this but I feel like it’s important to share I was out doing what I love doing and had stuck to roads I know really well, it wasn’t even dark yet and there was plenty of people and cars around and a fully blacked out Mercedes started following me. It drove past slowly, kept circling and came back past me four times in 10 minutes. The windows were so heavily tinted I couldn’t see who was driving or anything inside at all. Mercedes-Benz E-class, registration KR17 XCB. I don’t get spooked easily and after the fourth time I ran as fast as I could to the Why not inn pub who were amazing and made sure I was safe. I’m usually so careful, I plan my route, stick to places I know, stay aware… but this just shows it can happen to anyone, anywhere. Please look out for yourselves and each other ✨If you can run with someone I don’t think I will be running solo for a long time ✨Keep to busy and well‑lit roads ✨If something feels off trust your gut, head straight for an open business, pub or house where there are people ✨Report anything that makes you feel uneasy it could be nothing but it’s always best to be safe ✨ Always let people know where your going and share you live location","The discussion centres on a female runner’s encounter with a suspicious vehicle, prompting community warnings about personal safety and a contentious debate regarding the perceived link between rising crime and immigration."
3441689066001059,3441180589385240,2026-08-11T07:47:21+00:00,2026-08-11,Crime,Stalking Harassment,Provide corroborating evidence or sightings,Bloxwich Chit Chat,0,0,0,0,0,0,0,https://www.facebook.com/groups/2369573043212672/posts/3441180589385240?comment_id=3441689066001059,I'm sure that was in cheslyn hay last night by the bridge and train station 8pm ish,"Reports a sighting of a fully blacked-out Mercedes matching the vehicle description from the original post, claiming to have seen it in Cheslyn Hay near the bridge and train station at approximately 8pm the previous night. Provides corroborating evidence to support the original poster's account of suspicious vehicle activity.","Hey everyone, just wanted to share something that happened to me last night partly because I never thought it would happen to me and partly to remind us all to stay alert and safe out there running I wouldn’t normally post something like this but I feel like it’s important to share I was out doing what I love doing and had stuck to roads I know really well, it wasn’t even dark yet and there was plenty of people and cars around and a fully blacked out Mercedes started following me. It drove past slowly, kept circling and came back past me four times in 10 minutes. The windows were so heavily tinted I couldn’t see who was driving or anything inside at all. Mercedes-Benz E-class, registration KR17 XCB. I don’t get spooked easily and after the fourth time I ran as fast as I could to the Why not inn pub who were amazing and made sure I was safe. I’m usually so careful, I plan my route, stick to places I know, stay aware… but this just shows it can happen to anyone, anywhere. Please look out for yourselves and each other ✨If you can run with someone I don’t think I will be running solo for a long time ✨Keep to busy and well‑lit roads ✨If something feels off trust your gut, head straight for an open business, pub or house where there are people ✨Report anything that makes you feel uneasy it could be nothing but it’s always best to be safe ✨ Always let people know where your going and share you live location","The discussion centres on a female runner’s encounter with a suspicious vehicle, prompting community warnings about personal safety and a contentious debate regarding the perceived link between rising crime and immigration."
3441689686000997,3441180589385240,2026-08-11T07:48:05+00:00,2026-08-11,Crime,Stalking Harassment,Support sharing incident for community safety,Bloxwich Chit Chat,0,0,0,0,0,0,0,https://www.facebook.com/groups/2369573043212672/posts/3441180589385240?comment_id=3441689686000997,Thanks for sharing,"Expresses gratitude for the original poster sharing their experience of being followed by a suspicious vehicle. The comment offers minimal substantive engagement, functioning primarily as a polite acknowledgment of the safety warning.","Hey everyone, just wanted to share something that happened to me last night partly because I never thought it would happen to me and partly to remind us all to stay alert and safe out there running I wouldn’t normally post something like this but I feel like it’s important to share I was out doing what I love doing and had stuck to roads I know really well, it wasn’t even dark yet and there was plenty of people and cars around and a fully blacked out Mercedes started following me. It drove past slowly, kept circling and came back past me four times in 10 minutes. The windows were so heavily tinted I couldn’t see who was driving or anything inside at all. Mercedes-Benz E-class, registration KR17 XCB. I don’t get spooked easily and after the fourth time I ran as fast as I could to the Why not inn pub who were amazing and made sure I was safe. I’m usually so careful, I plan my route, stick to places I know, stay aware… but this just shows it can happen to anyone, anywhere. Please look out for yourselves and each other ✨If you can run with someone I don’t think I will be running solo for a long time ✨Keep to busy and well‑lit roads ✨If something feels off trust your gut, head straight for an open business, pub or house where there are people ✨Report anything that makes you feel uneasy it could be nothing but it’s always best to be safe ✨ Always let people know where your going and share you live location","The discussion centres on a female runner’s encounter with a suspicious vehicle, prompting community warnings about personal safety and a contentious debate regarding the perceived link between rising crime and immigration."
3441699539333345,3441180589385240,2026-08-11T08:00:30+00:00,2026-08-11,Crime,Stalking Harassment,Recommend reporting to police,Bloxwich Chit Chat,0,0,0,0,0,0,0,https://www.facebook.com/groups/2369573043212672/posts/3441180589385240?comment_id=3441699539333345,I hope you informed Police? Glad your safe,Expresses concern that the original poster reported the incident to police and relief that they are safe. The comment implicitly suggests that reporting suspicious activity to authorities is an appropriate and expected response to the threatening encounter.,"Hey everyone, just wanted to share something that happened to me last night partly because I never thought it would happen to me and partly to remind us all to stay alert and safe out there running I wouldn’t normally post something like this but I feel like it’s important to share I was out doing what I love doing and had stuck to roads I know really well, it wasn’t even dark yet and there was plenty of people and cars around and a fully blacked out Mercedes started following me. It drove past slowly, kept circling and came back past me four times in 10 minutes. The windows were so heavily tinted I couldn’t see who was driving or anything inside at all. Mercedes-Benz E-class, registration KR17 XCB. I don’t get spooked easily and after the fourth time I ran as fast as I could to the Why not inn pub who were amazing and made sure I was safe. I’m usually so careful, I plan my route, stick to places I know, stay aware… but this just shows it can happen to anyone, anywhere. Please look out for yourselves and each other ✨If you can run with someone I don’t think I will be running solo for a long time ✨Keep to busy and well‑lit roads ✨If something feels off trust your gut, head straight for an open business, pub or house where there are people ✨Report anything that makes you feel uneasy it could be nothing but it’s always best to be safe ✨ Always let people know where your going and share you live location","The discussion centres on a female runner’s encounter with a suspicious vehicle, prompting community warnings about personal safety and a contentious debate regarding the perceived link between rising crime and immigration."
3441706352665997,3441180589385240,2026-08-11T08:10:28+00:00,2026-08-11,Crime,Stalking Harassment,Provide corroborating evidence or sightings,Bloxwich Chit Chat,0,0,0,0,0,0,0,https://www.facebook.com/groups/2369573043212672/posts/3441180589385240?comment_id=3441706352665997,Im sure I've seen this car on another local posting over the past few days. Not necessarily this page,"Suggests that the suspicious Mercedes vehicle described in the post may have appeared in other local community group postings in recent days, implying the vehicle or its driver may be a recurring concern across multiple platforms. This observation potentially corroborates the threat level or indicates a pattern of suspicious behavior in the area.","Hey everyone, just wanted to share something that happened to me last night partly because I never thought it would happen to me and partly to remind us all to stay alert and safe out there running I wouldn’t normally post something like this but I feel like it’s important to share I was out doing what I love doing and had stuck to roads I know really well, it wasn’t even dark yet and there was plenty of people and cars around and a fully blacked out Mercedes started following me. It drove past slowly, kept circling and came back past me four times in 10 minutes. The windows were so heavily tinted I couldn’t see who was driving or anything inside at all. Mercedes-Benz E-class, registration KR17 XCB. I don’t get spooked easily and after the fourth time I ran as fast as I could to the Why not inn pub who were amazing and made sure I was safe. I’m usually so careful, I plan my route, stick to places I know, stay aware… but this just shows it can happen to anyone, anywhere. Please look out for yourselves and each other ✨If you can run with someone I don’t think I will be running solo for a long time ✨Keep to busy and well‑lit roads ✨If something feels off trust your gut, head straight for an open business, pub or house where there are people ✨Report anything that makes you feel uneasy it could be nothing but it’s always best to be safe ✨ Always let people know where your going and share you live location","The discussion centres on a female runner’s encounter with a suspicious vehicle, prompting community warnings about personal safety and a contentious debate regarding the perceived link between rising crime and immigration."
3441707082665924,3441180589385240,2026-08-11T08:11:37+00:00,2026-08-11,Crime,Stalking Harassment,,Bloxwich Chit Chat,0,0,0,0,0,0,0,https://www.facebook.com/groups/2369573043212672/posts/3441180589385240?comment_id=3441707082665924,"Kirstie Mitchell good on you and your staff, xx",Expresses approval and support for Georgia Astbury and her staff's handling of the safety incident described in the post. The commenter appears to be praising the Why Not Inn pub's response to the runner's distressing situation.,"Hey everyone, just wanted to share something that happened to me last night partly because I never thought it would happen to me and partly to remind us all to stay alert and safe out there running I wouldn’t normally post something like this but I feel like it’s important to share I was out doing what I love doing and had stuck to roads I know really well, it wasn’t even dark yet and there was plenty of people and cars around and a fully blacked out Mercedes started following me. It drove past slowly, kept circling and came back past me four times in 10 minutes. The windows were so heavily tinted I couldn’t see who was driving or anything inside at all. Mercedes-Benz E-class, registration KR17 XCB. I don’t get spooked easily and after the fourth time I ran as fast as I could to the Why not inn pub who were amazing and made sure I was safe. I’m usually so careful, I plan my route, stick to places I know, stay aware… but this just shows it can happen to anyone, anywhere. Please look out for yourselves and each other ✨If you can run with someone I don’t think I will be running solo for a long time ✨Keep to busy and well‑lit roads ✨If something feels off trust your gut, head straight for an open business, pub or house where there are people ✨Report anything that makes you feel uneasy it could be nothing but it’s always best to be safe ✨ Always let people know where your going and share you live location","The discussion centres on a female runner’s encounter with a suspicious vehicle, prompting community warnings about personal safety and a contentious debate regarding the perceived link between rising crime and immigration."
3441707402665892,3441180589385240,2026-08-11T08:12:14+00:00,2026-08-11,Crime,Stalking Harassment,Express empathy and emotional support,Bloxwich Chit Chat,0,0,0,0,0,0,0,https://www.facebook.com/groups/2369573043212672/posts/3441180589385240?comment_id=3441707402665892,"So sorry this happened to you Georgia, if it’s not this, it’s the cat calling whilst running. It’s a shame. Luckily never had an issue since moving to the area but it’s not the point, everyone should feel safe if it’s walking or running or whatever x","Expresses sympathy for Georgia's experience and acknowledges that harassment while running (including catcalling) is a widespread problem in the area. Argues that regardless of personal safety record, everyone deserves to feel secure during outdoor activities and this is a broader community concern that extends beyond individual incidents.","Hey everyone, just wanted to share something that happened to me last night partly because I never thought it would happen to me and partly to remind us all to stay alert and safe out there running I wouldn’t normally post something like this but I feel like it’s important to share I was out doing what I love doing and had stuck to roads I know really well, it wasn’t even dark yet and there was plenty of people and cars around and a fully blacked out Mercedes started following me. It drove past slowly, kept circling and came back past me four times in 10 minutes. The windows were so heavily tinted I couldn’t see who was driving or anything inside at all. Mercedes-Benz E-class, registration KR17 XCB. I don’t get spooked easily and after the fourth time I ran as fast as I could to the Why not inn pub who were amazing and made sure I was safe. I’m usually so careful, I plan my route, stick to places I know, stay aware… but this just shows it can happen to anyone, anywhere. Please look out for yourselves and each other ✨If you can run with someone I don’t think I will be running solo for a long time ✨Keep to busy and well‑lit roads ✨If something feels off trust your gut, head straight for an open business, pub or house where there are people ✨Report anything that makes you feel uneasy it could be nothing but it’s always best to be safe ✨ Always let people know where your going and share you live location","The discussion centres on a female runner’s encounter with a suspicious vehicle, prompting community warnings about personal safety and a contentious debate regarding the perceived link between rising crime and immigration."
3441713212665311,3441180589385240,2026-08-11T08:19:47+00:00,2026-08-11,Crime,Stalking Harassment,Provide corroborating evidence or sightings,Bloxwich Chit Chat,0,0,0,0,0,0,0,https://www.facebook.com/groups/2369573043212672/posts/3441180589385240?comment_id=3441713212665311,https://car-check.co.uk/check/KR17XCB,"Provides a direct link to a car registration check website for the Mercedes-Benz registration number mentioned in the post (KR17 XCB). This appears to be enabling community members to verify vehicle details, though the commenter's intent—whether supportive of the safety concern or potentially problematic—is ambiguous.","Hey everyone, just wanted to share something that happened to me last night partly because I never thought it would happen to me and partly to remind us all to stay alert and safe out there running I wouldn’t normally post something like this but I feel like it’s important to share I was out doing what I love doing and had stuck to roads I know really well, it wasn’t even dark yet and there was plenty of people and cars around and a fully blacked out Mercedes started following me. It drove past slowly, kept circling and came back past me four times in 10 minutes. The windows were so heavily tinted I couldn’t see who was driving or anything inside at all. Mercedes-Benz E-class, registration KR17 XCB. I don’t get spooked easily and after the fourth time I ran as fast as I could to the Why not inn pub who were amazing and made sure I was safe. I’m usually so careful, I plan my route, stick to places I know, stay aware… but this just shows it can happen to anyone, anywhere. Please look out for yourselves and each other ✨If you can run with someone I don’t think I will be running solo for a long time ✨Keep to busy and well‑lit roads ✨If something feels off trust your gut, head straight for an open business, pub or house where there are people ✨Report anything that makes you feel uneasy it could be nothing but it’s always best to be safe ✨ Always let people know where your going and share you live location","The discussion centres on a female runner’s encounter with a suspicious vehicle, prompting community warnings about personal safety and a contentious debate regarding the perceived link between rising crime and immigration."
3441717385998227,3441180589385240,2026-08-11T08:25:39+00:00,2026-08-11,Crime,Stalking Harassment,Express empathy and emotional support,Bloxwich Chit Chat,0,0,0,0,0,0,0,https://www.facebook.com/groups/2369573043212672/posts/3441180589385240?comment_id=3441717385998227,"I’m glad you’re okay hun, well done in thinking about getting help like you did, there are some devil barstewards out there so thank you for reminding us all 💐","Expresses relief and praise for the original poster's safety and decision to seek help, while characterizing potential perpetrators negatively as ""devil barstewards."" Implicitly endorses the safety warnings shared in the original post.","Hey everyone, just wanted to share something that happened to me last night partly because I never thought it would happen to me and partly to remind us all to stay alert and safe out there running I wouldn’t normally post something like this but I feel like it’s important to share I was out doing what I love doing and had stuck to roads I know really well, it wasn’t even dark yet and there was plenty of people and cars around and a fully blacked out Mercedes started following me. It drove past slowly, kept circling and came back past me four times in 10 minutes. The windows were so heavily tinted I couldn’t see who was driving or anything inside at all. Mercedes-Benz E-class, registration KR17 XCB. I don’t get spooked easily and after the fourth time I ran as fast as I could to the Why not inn pub who were amazing and made sure I was safe. I’m usually so careful, I plan my route, stick to places I know, stay aware… but this just shows it can happen to anyone, anywhere. Please look out for yourselves and each other ✨If you can run with someone I don’t think I will be running solo for a long time ✨Keep to busy and well‑lit roads ✨If something feels off trust your gut, head straight for an open business, pub or house where there are people ✨Report anything that makes you feel uneasy it could be nothing but it’s always best to be safe ✨ Always let people know where your going and share you live location","The discussion centres on a female runner’s encounter with a suspicious vehicle, prompting community warnings about personal safety and a contentious debate regarding the perceived link between rising crime and immigration."
3441717402664892,3441180589385240,2026-08-11T08:25:40+00:00,2026-08-11,Crime,Stalking Harassment,Recommend reporting to police,Bloxwich Chit Chat,0,0,0,0,0,0,0,https://www.facebook.com/groups/2369573043212672/posts/3441180589385240?comment_id=3441717402664892,"Bring any suspicious behavior to attention If there's a logical reason fair enough, it can then be explained and passed by without any blame attached How many times have we heard reports of people seeing something a bit odd and just ignoring it after a tragic incident!. It's too late afterwards.","Advocates for reporting any suspicious behavior to authorities, arguing that it's better to err on the side of caution even if explanations prove innocent, as ignoring odd incidents has historically preceded tragedies. References past cases where witnesses failed to report warning signs before serious crimes occurred.","Hey everyone, just wanted to share something that happened to me last night partly because I never thought it would happen to me and partly to remind us all to stay alert and safe out there running I wouldn’t normally post something like this but I feel like it’s important to share I was out doing what I love doing and had stuck to roads I know really well, it wasn’t even dark yet and there was plenty of people and cars around and a fully blacked out Mercedes started following me. It drove past slowly, kept circling and came back past me four times in 10 minutes. The windows were so heavily tinted I couldn’t see who was driving or anything inside at all. Mercedes-Benz E-class, registration KR17 XCB. I don’t get spooked easily and after the fourth time I ran as fast as I could to the Why not inn pub who were amazing and made sure I was safe. I’m usually so careful, I plan my route, stick to places I know, stay aware… but this just shows it can happen to anyone, anywhere. Please look out for yourselves and each other ✨If you can run with someone I don’t think I will be running solo for a long time ✨Keep to busy and well‑lit roads ✨If something feels off trust your gut, head straight for an open business, pub or house where there are people ✨Report anything that makes you feel uneasy it could be nothing but it’s always best to be safe ✨ Always let people know where your going and share you live location","The discussion centres on a female runner’s encounter with a suspicious vehicle, prompting community warnings about personal safety and a contentious debate regarding the perceived link between rising crime and immigration."
3441718515998114,3441180589385240,2026-08-11T08:26:48+00:00,2026-08-11,Crime,Stalking Harassment,Express empathy and emotional support,Bloxwich Chit Chat,0,0,0,0,0,0,0,https://www.facebook.com/groups/2369573043212672/posts/3441180589385240?comment_id=3441718515998114,Glad your safe 🙏,"Expresses relief and support for the original poster's safety following the incident with the suspicious vehicle. Offers a brief, empathetic response using prayer/blessing emoji to convey concern and solidarity.","Hey everyone, just wanted to share something that happened to me last night partly because I never thought it would happen to me and partly to remind us all to stay alert and safe out there running I wouldn’t normally post something like this but I feel like it’s important to share I was out doing what I love doing and had stuck to roads I know really well, it wasn’t even dark yet and there was plenty of people and cars around and a fully blacked out Mercedes started following me. It drove past slowly, kept circling and came back past me four times in 10 minutes. The windows were so heavily tinted I couldn’t see who was driving or anything inside at all. Mercedes-Benz E-class, registration KR17 XCB. I don’t get spooked easily and after the fourth time I ran as fast as I could to the Why not inn pub who were amazing and made sure I was safe. I’m usually so careful, I plan my route, stick to places I know, stay aware… but this just shows it can happen to anyone, anywhere. Please look out for yourselves and each other ✨If you can run with someone I don’t think I will be running solo for a long time ✨Keep to busy and well‑lit roads ✨If something feels off trust your gut, head straight for an open business, pub or house where there are people ✨Report anything that makes you feel uneasy it could be nothing but it’s always best to be safe ✨ Always let people know where your going and share you live location","The discussion centres on a female runner’s encounter with a suspicious vehicle, prompting community warnings about personal safety and a contentious debate regarding the perceived link between rising crime and immigration."
3441718592664773,3441180589385240,2026-08-11T08:26:51+00:00,2026-08-11,Crime,Stalking Harassment,Express empathy and emotional support,Bloxwich Chit Chat,0,0,0,0,0,0,0,https://www.facebook.com/groups/2369573043212672/posts/3441180589385240?comment_id=3441718592664773,Glad you are OK,"Expresses relief and support for the original poster's safety following the incident with the suspicious vehicle. The comment offers a simple, empathetic acknowledgment without adding substantive commentary.","Hey everyone, just wanted to share something that happened to me last night partly because I never thought it would happen to me and partly to remind us all to stay alert and safe out there running I wouldn’t normally post something like this but I feel like it’s important to share I was out doing what I love doing and had stuck to roads I know really well, it wasn’t even dark yet and there was plenty of people and cars around and a fully blacked out Mercedes started following me. It drove past slowly, kept circling and came back past me four times in 10 minutes. The windows were so heavily tinted I couldn’t see who was driving or anything inside at all. Mercedes-Benz E-class, registration KR17 XCB. I don’t get spooked easily and after the fourth time I ran as fast as I could to the Why not inn pub who were amazing and made sure I was safe. I’m usually so careful, I plan my route, stick to places I know, stay aware… but this just shows it can happen to anyone, anywhere. Please look out for yourselves and each other ✨If you can run with someone I don’t think I will be running solo for a long time ✨Keep to busy and well‑lit roads ✨If something feels off trust your gut, head straight for an open business, pub or house where there are people ✨Report anything that makes you feel uneasy it could be nothing but it’s always best to be safe ✨ Always let people know where your going and share you live location","The discussion centres on a female runner’s encounter with a suspicious vehicle, prompting community warnings about personal safety and a contentious debate regarding the perceived link between rising crime and immigration."
3441724082664224,3441180589385240,2026-08-11T08:34:55+00:00,2026-08-11,Crime,Stalking Harassment,Express broader societal safety decline,Bloxwich Chit Chat,0,0,0,0,0,0,0,https://www.facebook.com/groups/2369573043212672/posts/3441180589385240?comment_id=3441724082664224,"How frightening for you!! Your not safe anywhere anymore,","Expresses sympathy for the original poster's frightening experience and reinforces a broader concern that personal safety has deteriorated, suggesting that danger is now ubiquitous and unavoidable even in familiar, populated areas.","Hey everyone, just wanted to share something that happened to me last night partly because I never thought it would happen to me and partly to remind us all to stay alert and safe out there running I wouldn’t normally post something like this but I feel like it’s important to share I was out doing what I love doing and had stuck to roads I know really well, it wasn’t even dark yet and there was plenty of people and cars around and a fully blacked out Mercedes started following me. It drove past slowly, kept circling and came back past me four times in 10 minutes. The windows were so heavily tinted I couldn’t see who was driving or anything inside at all. Mercedes-Benz E-class, registration KR17 XCB. I don’t get spooked easily and after the fourth time I ran as fast as I could to the Why not inn pub who were amazing and made sure I was safe. I’m usually so careful, I plan my route, stick to places I know, stay aware… but this just shows it can happen to anyone, anywhere. Please look out for yourselves and each other ✨If you can run with someone I don’t think I will be running solo for a long time ✨Keep to busy and well‑lit roads ✨If something feels off trust your gut, head straight for an open business, pub or house where there are people ✨Report anything that makes you feel uneasy it could be nothing but it’s always best to be safe ✨ Always let people know where your going and share you live location","The discussion centres on a female runner’s encounter with a suspicious vehicle, prompting community warnings about personal safety and a contentious debate regarding the perceived link between rising crime and immigration."
3441734085996557,3441180589385240,2026-08-11T08:49:19+00:00,2026-08-11,Crime,Stalking Harassment,Propose regulatory solutions for vehicle modifications,Bloxwich Chit Chat,6,6,0,0,0,0,0,https://www.facebook.com/groups/2369573043212672/posts/3441180589385240?comment_id=3441734085996557,SHOULD BAN ALL BLACKOUT WINDOWS,"Advocates for a ban on all vehicles with blackout/heavily tinted windows, implying that such window tinting enables criminal behavior like the suspicious vehicle incident described in the post. The commenter suggests this is a regulatory solution to improve public safety.","Hey everyone, just wanted to share something that happened to me last night partly because I never thought it would happen to me and partly to remind us all to stay alert and safe out there running I wouldn’t normally post something like this but I feel like it’s important to share I was out doing what I love doing and had stuck to roads I know really well, it wasn’t even dark yet and there was plenty of people and cars around and a fully blacked out Mercedes started following me. It drove past slowly, kept circling and came back past me four times in 10 minutes. The windows were so heavily tinted I couldn’t see who was driving or anything inside at all. Mercedes-Benz E-class, registration KR17 XCB. I don’t get spooked easily and after the fourth time I ran as fast as I could to the Why not inn pub who were amazing and made sure I was safe. I’m usually so careful, I plan my route, stick to places I know, stay aware… but this just shows it can happen to anyone, anywhere. Please look out for yourselves and each other ✨If you can run with someone I don’t think I will be running solo for a long time ✨Keep to busy and well‑lit roads ✨If something feels off trust your gut, head straight for an open business, pub or house where there are people ✨Report anything that makes you feel uneasy it could be nothing but it’s always best to be safe ✨ Always let people know where your going and share you live location","The discussion centres on a female runner’s encounter with a suspicious vehicle, prompting community warnings about personal safety and a contentious debate regarding the perceived link between rising crime and immigration."
3441736779329621,3441180589385240,2026-08-11T08:53:16+00:00,2026-08-11,Crime,Stalking Harassment,Express broader societal safety decline,Bloxwich Chit Chat,0,0,0,0,0,0,0,https://www.facebook.com/groups/2369573043212672/posts/3441180589385240?comment_id=3441736779329621,"Well done for sharing the car reg, thank god you are safe. It's ridiculous that we all feel unsafe on our streets xx","Praises the original poster for sharing the vehicle registration and expresses relief at their safety. Expresses broader frustration about widespread feelings of unsafety in local streets, implying this is a systemic community problem.","Hey everyone, just wanted to share something that happened to me last night partly because I never thought it would happen to me and partly to remind us all to stay alert and safe out there running I wouldn’t normally post something like this but I feel like it’s important to share I was out doing what I love doing and had stuck to roads I know really well, it wasn’t even dark yet and there was plenty of people and cars around and a fully blacked out Mercedes started following me. It drove past slowly, kept circling and came back past me four times in 10 minutes. The windows were so heavily tinted I couldn’t see who was driving or anything inside at all. Mercedes-Benz E-class, registration KR17 XCB. I don’t get spooked easily and after the fourth time I ran as fast as I could to the Why not inn pub who were amazing and made sure I was safe. I’m usually so careful, I plan my route, stick to places I know, stay aware… but this just shows it can happen to anyone, anywhere. Please look out for yourselves and each other ✨If you can run with someone I don’t think I will be running solo for a long time ✨Keep to busy and well‑lit roads ✨If something feels off trust your gut, head straight for an open business, pub or house where there are people ✨Report anything that makes you feel uneasy it could be nothing but it’s always best to be safe ✨ Always let people know where your going and share you live location","The discussion centres on a female runner’s encounter with a suspicious vehicle, prompting community warnings about personal safety and a contentious debate regarding the perceived link between rising crime and immigration."
3441746852661947,3441180589385240,2026-08-11T09:07:09+00:00,2026-08-11,Crime,Stalking Harassment,Propose regulatory solutions for vehicle modifications,Bloxwich Chit Chat,0,0,0,0,0,0,0,https://www.facebook.com/groups/2369573043212672/posts/3441180589385240?comment_id=3441746852661947,Glad you're ok hun 😘. Tinted windows should be banned ! I hate them. Plus I like people to see me in my cool classic cars 🥰,"Expresses support for the original poster's safety and advocates for banning tinted windows as a safety measure, while also using the opportunity to promote their own classic cars as preferable because they allow visibility of the driver. The comment pivots from the serious safety concern to self-promotion, suggesting tinted windows are problematic partly because they prevent others from seeing the commenter's vehicles.","Hey everyone, just wanted to share something that happened to me last night partly because I never thought it would happen to me and partly to remind us all to stay alert and safe out there running I wouldn’t normally post something like this but I feel like it’s important to share I was out doing what I love doing and had stuck to roads I know really well, it wasn’t even dark yet and there was plenty of people and cars around and a fully blacked out Mercedes started following me. It drove past slowly, kept circling and came back past me four times in 10 minutes. The windows were so heavily tinted I couldn’t see who was driving or anything inside at all. Mercedes-Benz E-class, registration KR17 XCB. I don’t get spooked easily and after the fourth time I ran as fast as I could to the Why not inn pub who were amazing and made sure I was safe. I’m usually so careful, I plan my route, stick to places I know, stay aware… but this just shows it can happen to anyone, anywhere. Please look out for yourselves and each other ✨If you can run with someone I don’t think I will be running solo for a long time ✨Keep to busy and well‑lit roads ✨If something feels off trust your gut, head straight for an open business, pub or house where there are people ✨Report anything that makes you feel uneasy it could be nothing but it’s always best to be safe ✨ Always let people know where your going and share you live location","The discussion centres on a female runner’s encounter with a suspicious vehicle, prompting community warnings about personal safety and a contentious debate regarding the perceived link between rising crime and immigration."
3441752975994668,3441180589385240,2026-08-11T09:15:39+00:00,2026-08-11,Crime,Stalking Harassment,Express broader societal safety decline,Bloxwich Chit Chat,0,0,0,0,0,0,0,https://www.facebook.com/groups/2369573043212672/posts/3441180589385240?comment_id=3441752975994668,"Thank you for sharing. Everyone, and that includes boys and men, need to be aware and vigilant today wherever you go. Very dangerous tines.","Affirms the original poster's safety warning and expands it to emphasize that awareness and vigilance are necessary for everyone, including boys and men, given what the commenter characterizes as 'very dangerous times.' The comment validates the concern raised in the post while broadening its scope beyond the specific incident.","Hey everyone, just wanted to share something that happened to me last night partly because I never thought it would happen to me and partly to remind us all to stay alert and safe out there running I wouldn’t normally post something like this but I feel like it’s important to share I was out doing what I love doing and had stuck to roads I know really well, it wasn’t even dark yet and there was plenty of people and cars around and a fully blacked out Mercedes started following me. It drove past slowly, kept circling and came back past me four times in 10 minutes. The windows were so heavily tinted I couldn’t see who was driving or anything inside at all. Mercedes-Benz E-class, registration KR17 XCB. I don’t get spooked easily and after the fourth time I ran as fast as I could to the Why not inn pub who were amazing and made sure I was safe. I’m usually so careful, I plan my route, stick to places I know, stay aware… but this just shows it can happen to anyone, anywhere. Please look out for yourselves and each other ✨If you can run with someone I don’t think I will be running solo for a long time ✨Keep to busy and well‑lit roads ✨If something feels off trust your gut, head straight for an open business, pub or house where there are people ✨Report anything that makes you feel uneasy it could be nothing but it’s always best to be safe ✨ Always let people know where your going and share you live location","The discussion centres on a female runner’s encounter with a suspicious vehicle, prompting community warnings about personal safety and a contentious debate regarding the perceived link between rising crime and immigration."
3441753572661275,3441180589385240,2026-08-11T09:16:41+00:00,2026-08-11,Crime,Stalking Harassment,Recommend reporting to police,Bloxwich Chit Chat,0,0,0,0,0,0,0,https://www.facebook.com/groups/2369573043212672/posts/3441180589385240?comment_id=3441753572661275,Inform the police they can keep a look out for it,Suggests that the poster should report the incident to police so they can monitor for the suspicious vehicle. Offers practical advice aligned with the post's safety recommendations.,"Hey everyone, just wanted to share something that happened to me last night partly because I never thought it would happen to me and partly to remind us all to stay alert and safe out there running I wouldn’t normally post something like this but I feel like it’s important to share I was out doing what I love doing and had stuck to roads I know really well, it wasn’t even dark yet and there was plenty of people and cars around and a fully blacked out Mercedes started following me. It drove past slowly, kept circling and came back past me four times in 10 minutes. The windows were so heavily tinted I couldn’t see who was driving or anything inside at all. Mercedes-Benz E-class, registration KR17 XCB. I don’t get spooked easily and after the fourth time I ran as fast as I could to the Why not inn pub who were amazing and made sure I was safe. I’m usually so careful, I plan my route, stick to places I know, stay aware… but this just shows it can happen to anyone, anywhere. Please look out for yourselves and each other ✨If you can run with someone I don’t think I will be running solo for a long time ✨Keep to busy and well‑lit roads ✨If something feels off trust your gut, head straight for an open business, pub or house where there are people ✨Report anything that makes you feel uneasy it could be nothing but it’s always best to be safe ✨ Always let people know where your going and share you live location","The discussion centres on a female runner’s encounter with a suspicious vehicle, prompting community warnings about personal safety and a contentious debate regarding the perceived link between rising crime and immigration."
3393528167517951,3393526217518146,2026-08-11T09:24:51+00:00,2026-08-11,Crime,Deliberate Fire Setting,Sharing additional fire information resources,Walsall Asian Community News & Views,0,0,0,0,0,0,0,https://www.facebook.com/groups/1149747311896059/posts/3393526217518146?comment_id=3393528167517951,Read more: https://wmfs.link/45idhLu,Provides a link for readers to access additional information about the fires discussed in the post. The commenter appears to be sharing a resource related to the arson incidents in West Bromwich.,"🚨 Alot of fires 🔥... Fire chief condemns 'deliberate' fires... after firefighters taken to hospital after West Bromwich blaze. If you know who is starting these fires: please call crimestoppers. 0800 555 111. If you see someone deliberately starting a fire, report it anonymously to FireStoppers on 0800 169 5558. If you see a fire that requires an emergency response, call 999. ⚠️Plenty of deliberate fires 🔥 Check links on comments 👇",The community is being urged to report information regarding a recent surge in deliberate arson attacks in West Bromwich that have resulted in injuries to emergency personnel.
3441767002659932,3441180589385240,2026-08-11T09:35:29+00:00,2026-08-11,Crime,Stalking Harassment,Attribute incident to immigration issues,Bloxwich Chit Chat,1,1,0,0,0,0,0,https://www.facebook.com/groups/2369573043212672/posts/3441180589385240?comment_id=3441767002659932,"We can all guess who,","Implies that the identity of the vehicle driver is obvious or predictable based on unstated assumptions, likely referencing the post summary's mention of a contentious debate linking crime to immigration. The comment suggests the commenter believes the driver's identity can be inferred without explicit statement.","Hey everyone, just wanted to share something that happened to me last night partly because I never thought it would happen to me and partly to remind us all to stay alert and safe out there running I wouldn’t normally post something like this but I feel like it’s important to share I was out doing what I love doing and had stuck to roads I know really well, it wasn’t even dark yet and there was plenty of people and cars around and a fully blacked out Mercedes started following me. It drove past slowly, kept circling and came back past me four times in 10 minutes. The windows were so heavily tinted I couldn’t see who was driving or anything inside at all. Mercedes-Benz E-class, registration KR17 XCB. I don’t get spooked easily and after the fourth time I ran as fast as I could to the Why not inn pub who were amazing and made sure I was safe. I’m usually so careful, I plan my route, stick to places I know, stay aware… but this just shows it can happen to anyone, anywhere. Please look out for yourselves and each other ✨If you can run with someone I don’t think I will be running solo for a long time ✨Keep to busy and well‑lit roads ✨If something feels off trust your gut, head straight for an open business, pub or house where there are people ✨Report anything that makes you feel uneasy it could be nothing but it’s always best to be safe ✨ Always let people know where your going and share you live location","The discussion centres on a female runner’s encounter with a suspicious vehicle, prompting community warnings about personal safety and a contentious debate regarding the perceived link between rising crime and immigration."
3441768389326460,3441180589385240,2026-08-11T09:37:24+00:00,2026-08-11,Crime,Stalking Harassment,Recommend reporting to police,Bloxwich Chit Chat,0,0,0,0,0,0,0,https://www.facebook.com/groups/2369573043212672/posts/3441180589385240?comment_id=3441768389326460,Hope the police have gone knocking on their door??!!,Expresses expectation that police have taken action by visiting the driver of the suspicious vehicle. The comment uses rhetorical questioning with emphasis marks to convey concern about whether law enforcement is responding appropriately to the reported incident.,"Hey everyone, just wanted to share something that happened to me last night partly because I never thought it would happen to me and partly to remind us all to stay alert and safe out there running I wouldn’t normally post something like this but I feel like it’s important to share I was out doing what I love doing and had stuck to roads I know really well, it wasn’t even dark yet and there was plenty of people and cars around and a fully blacked out Mercedes started following me. It drove past slowly, kept circling and came back past me four times in 10 minutes. The windows were so heavily tinted I couldn’t see who was driving or anything inside at all. Mercedes-Benz E-class, registration KR17 XCB. I don’t get spooked easily and after the fourth time I ran as fast as I could to the Why not inn pub who were amazing and made sure I was safe. I’m usually so careful, I plan my route, stick to places I know, stay aware… but this just shows it can happen to anyone, anywhere. Please look out for yourselves and each other ✨If you can run with someone I don’t think I will be running solo for a long time ✨Keep to busy and well‑lit roads ✨If something feels off trust your gut, head straight for an open business, pub or house where there are people ✨Report anything that makes you feel uneasy it could be nothing but it’s always best to be safe ✨ Always let people know where your going and share you live location","The discussion centres on a female runner’s encounter with a suspicious vehicle, prompting community warnings about personal safety and a contentious debate regarding the perceived link between rising crime and immigration."
3441774149325884,3441180589385240,2026-08-11T09:44:45+00:00,2026-08-11,Crime,Stalking Harassment,Express empathy and emotional support,Bloxwich Chit Chat,2,2,0,0,0,0,0,https://www.facebook.com/groups/2369573043212672/posts/3441180589385240?comment_id=3441774149325884,"I'm sorry to read your post and what you went through. Every one of us deserves to feel safe and secure, thank you for sharing to make everyone aware. Have you thought of joining a running club, to run alongside others with the same passion and, well, feel safe and secure? I'm with essington harriers running club and it's an amazing club, caters for all abilities and very supportive. I would really recommend there. Hope you feel safe to get back to running very soon x","Expresses sympathy for the original poster's frightening experience and validates the importance of sharing safety awareness. Recommends joining a running club (Essington Harriers) as a solution to feel safer while running, emphasizing community support and inclusivity across all ability levels.","Hey everyone, just wanted to share something that happened to me last night partly because I never thought it would happen to me and partly to remind us all to stay alert and safe out there running I wouldn’t normally post something like this but I feel like it’s important to share I was out doing what I love doing and had stuck to roads I know really well, it wasn’t even dark yet and there was plenty of people and cars around and a fully blacked out Mercedes started following me. It drove past slowly, kept circling and came back past me four times in 10 minutes. The windows were so heavily tinted I couldn’t see who was driving or anything inside at all. Mercedes-Benz E-class, registration KR17 XCB. I don’t get spooked easily and after the fourth time I ran as fast as I could to the Why not inn pub who were amazing and made sure I was safe. I’m usually so careful, I plan my route, stick to places I know, stay aware… but this just shows it can happen to anyone, anywhere. Please look out for yourselves and each other ✨If you can run with someone I don’t think I will be running solo for a long time ✨Keep to busy and well‑lit roads ✨If something feels off trust your gut, head straight for an open business, pub or house where there are people ✨Report anything that makes you feel uneasy it could be nothing but it’s always best to be safe ✨ Always let people know where your going and share you live location","The discussion centres on a female runner’s encounter with a suspicious vehicle, prompting community warnings about personal safety and a contentious debate regarding the perceived link between rising crime and immigration."
3441775479325751,3441180589385240,2026-08-11T09:46:14+00:00,2026-08-11,Crime,Stalking Harassment,,Bloxwich Chit Chat,0,0,0,0,0,0,0,https://www.facebook.com/groups/2369573043212672/posts/3441180589385240?comment_id=3441775479325751,YES AGREE YOU CANNOT SEE WHO DRIVING,"Agrees with the original poster's concern about the suspicious vehicle, emphasizing that the heavily tinted windows prevented identification of the driver. Reinforces the safety risk posed by the inability to see who was operating the vehicle.","Hey everyone, just wanted to share something that happened to me last night partly because I never thought it would happen to me and partly to remind us all to stay alert and safe out there running I wouldn’t normally post something like this but I feel like it’s important to share I was out doing what I love doing and had stuck to roads I know really well, it wasn’t even dark yet and there was plenty of people and cars around and a fully blacked out Mercedes started following me. It drove past slowly, kept circling and came back past me four times in 10 minutes. The windows were so heavily tinted I couldn’t see who was driving or anything inside at all. Mercedes-Benz E-class, registration KR17 XCB. I don’t get spooked easily and after the fourth time I ran as fast as I could to the Why not inn pub who were amazing and made sure I was safe. I’m usually so careful, I plan my route, stick to places I know, stay aware… but this just shows it can happen to anyone, anywhere. Please look out for yourselves and each other ✨If you can run with someone I don’t think I will be running solo for a long time ✨Keep to busy and well‑lit roads ✨If something feels off trust your gut, head straight for an open business, pub or house where there are people ✨Report anything that makes you feel uneasy it could be nothing but it’s always best to be safe ✨ Always let people know where your going and share you live location","The discussion centres on a female runner’s encounter with a suspicious vehicle, prompting community warnings about personal safety and a contentious debate regarding the perceived link between rising crime and immigration."
3441776622658970,3441180589385240,2026-08-11T09:47:53+00:00,2026-08-11,Crime,Stalking Harassment,Express broader societal safety decline,Bloxwich Chit Chat,0,0,0,0,0,0,0,https://www.facebook.com/groups/2369573043212672/posts/3441180589385240?comment_id=3441776622658970,This is the shit we're putting up with daily.,"Expresses frustration about experiencing or witnessing threatening or unsafe incidents regularly in the community. Implies that such incidents are frequent and normalized, using profanity to emphasize exasperation with the situation.","Hey everyone, just wanted to share something that happened to me last night partly because I never thought it would happen to me and partly to remind us all to stay alert and safe out there running I wouldn’t normally post something like this but I feel like it’s important to share I was out doing what I love doing and had stuck to roads I know really well, it wasn’t even dark yet and there was plenty of people and cars around and a fully blacked out Mercedes started following me. It drove past slowly, kept circling and came back past me four times in 10 minutes. The windows were so heavily tinted I couldn’t see who was driving or anything inside at all. Mercedes-Benz E-class, registration KR17 XCB. I don’t get spooked easily and after the fourth time I ran as fast as I could to the Why not inn pub who were amazing and made sure I was safe. I’m usually so careful, I plan my route, stick to places I know, stay aware… but this just shows it can happen to anyone, anywhere. Please look out for yourselves and each other ✨If you can run with someone I don’t think I will be running solo for a long time ✨Keep to busy and well‑lit roads ✨If something feels off trust your gut, head straight for an open business, pub or house where there are people ✨Report anything that makes you feel uneasy it could be nothing but it’s always best to be safe ✨ Always let people know where your going and share you live location","The discussion centres on a female runner’s encounter with a suspicious vehicle, prompting community warnings about personal safety and a contentious debate regarding the perceived link between rising crime and immigration."
3441791852657447,3441180589385240,2026-08-11T10:07:02+00:00,2026-08-11,Crime,Stalking Harassment,,Bloxwich Chit Chat,0,0,0,0,0,0,0,https://www.facebook.com/groups/2369573043212672/posts/3441180589385240?comment_id=3441791852657447,Stalking dirty creatures. 🤬🤬🤬🤬🤬🤬🤬🤬🤬🤬🤬🤬🤬🤬🤬🤬🤬,"Expresses anger and disgust toward the driver of the suspicious vehicle, characterizing them as a criminal predator. Uses dehumanizing language and multiple angry emojis to convey strong condemnation of the stalking behavior described in the post.","Hey everyone, just wanted to share something that happened to me last night partly because I never thought it would happen to me and partly to remind us all to stay alert and safe out there running I wouldn’t normally post something like this but I feel like it’s important to share I was out doing what I love doing and had stuck to roads I know really well, it wasn’t even dark yet and there was plenty of people and cars around and a fully blacked out Mercedes started following me. It drove past slowly, kept circling and came back past me four times in 10 minutes. The windows were so heavily tinted I couldn’t see who was driving or anything inside at all. Mercedes-Benz E-class, registration KR17 XCB. I don’t get spooked easily and after the fourth time I ran as fast as I could to the Why not inn pub who were amazing and made sure I was safe. I’m usually so careful, I plan my route, stick to places I know, stay aware… but this just shows it can happen to anyone, anywhere. Please look out for yourselves and each other ✨If you can run with someone I don’t think I will be running solo for a long time ✨Keep to busy and well‑lit roads ✨If something feels off trust your gut, head straight for an open business, pub or house where there are people ✨Report anything that makes you feel uneasy it could be nothing but it’s always best to be safe ✨ Always let people know where your going and share you live location","The discussion centres on a female runner’s encounter with a suspicious vehicle, prompting community warnings about personal safety and a contentious debate regarding the perceived link between rising crime and immigration."
3441795455990420,3441180589385240,2026-08-11T10:11:20+00:00,2026-08-11,Crime,Stalking Harassment,Attribute incident to immigration issues,Bloxwich Chit Chat,0,0,0,0,0,0,0,https://www.facebook.com/groups/2369573043212672/posts/3441180589385240?comment_id=3441795455990420,99.9 % usuals,"Suggests that the incident described is typical or routine, implying the reported suspicious vehicle encounter is a common occurrence rather than an exceptional event. The comment likely dismisses the post's framing of the incident as noteworthy by characterizing it as standard behavior.","Hey everyone, just wanted to share something that happened to me last night partly because I never thought it would happen to me and partly to remind us all to stay alert and safe out there running I wouldn’t normally post something like this but I feel like it’s important to share I was out doing what I love doing and had stuck to roads I know really well, it wasn’t even dark yet and there was plenty of people and cars around and a fully blacked out Mercedes started following me. It drove past slowly, kept circling and came back past me four times in 10 minutes. The windows were so heavily tinted I couldn’t see who was driving or anything inside at all. Mercedes-Benz E-class, registration KR17 XCB. I don’t get spooked easily and after the fourth time I ran as fast as I could to the Why not inn pub who were amazing and made sure I was safe. I’m usually so careful, I plan my route, stick to places I know, stay aware… but this just shows it can happen to anyone, anywhere. Please look out for yourselves and each other ✨If you can run with someone I don’t think I will be running solo for a long time ✨Keep to busy and well‑lit roads ✨If something feels off trust your gut, head straight for an open business, pub or house where there are people ✨Report anything that makes you feel uneasy it could be nothing but it’s always best to be safe ✨ Always let people know where your going and share you live location","The discussion centres on a female runner’s encounter with a suspicious vehicle, prompting community warnings about personal safety and a contentious debate regarding the perceived link between rising crime and immigration."
3441806345989331,3441180589385240,2026-08-11T10:25:32+00:00,2026-08-11,Crime,Stalking Harassment,,Bloxwich Chit Chat,0,0,0,0,0,0,0,https://www.facebook.com/groups/2369573043212672/posts/3441180589385240?comment_id=3441806345989331,Wat towns this it's scary,"Asks which towns the incident occurred in, expressing concern about the safety implications for their local area. The comment suggests worry about the geographic scope of the threat described in the post.","Hey everyone, just wanted to share something that happened to me last night partly because I never thought it would happen to me and partly to remind us all to stay alert and safe out there running I wouldn’t normally post something like this but I feel like it’s important to share I was out doing what I love doing and had stuck to roads I know really well, it wasn’t even dark yet and there was plenty of people and cars around and a fully blacked out Mercedes started following me. It drove past slowly, kept circling and came back past me four times in 10 minutes. The windows were so heavily tinted I couldn’t see who was driving or anything inside at all. Mercedes-Benz E-class, registration KR17 XCB. I don’t get spooked easily and after the fourth time I ran as fast as I could to the Why not inn pub who were amazing and made sure I was safe. I’m usually so careful, I plan my route, stick to places I know, stay aware… but this just shows it can happen to anyone, anywhere. Please look out for yourselves and each other ✨If you can run with someone I don’t think I will be running solo for a long time ✨Keep to busy and well‑lit roads ✨If something feels off trust your gut, head straight for an open business, pub or house where there are people ✨Report anything that makes you feel uneasy it could be nothing but it’s always best to be safe ✨ Always let people know where your going and share you live location","The discussion centres on a female runner’s encounter with a suspicious vehicle, prompting community warnings about personal safety and a contentious debate regarding the perceived link between rising crime and immigration."
3441811782655454,3441180589385240,2026-08-11T10:32:57+00:00,2026-08-11,Crime,Stalking Harassment,Support sharing incident for community safety,Bloxwich Chit Chat,0,0,0,0,0,0,0,https://www.facebook.com/groups/2369573043212672/posts/3441180589385240?comment_id=3441811782655454,"Thank you for thinking of others. It is good that you have alerted us ,bless you. I am so glad you're safe.",Expresses gratitude for the original poster's decision to share their safety warning with the community and relief that they escaped the threatening situation unharmed. Implicitly endorses the importance of community vigilance and mutual support regarding personal safety concerns.,"Hey everyone, just wanted to share something that happened to me last night partly because I never thought it would happen to me and partly to remind us all to stay alert and safe out there running I wouldn’t normally post something like this but I feel like it’s important to share I was out doing what I love doing and had stuck to roads I know really well, it wasn’t even dark yet and there was plenty of people and cars around and a fully blacked out Mercedes started following me. It drove past slowly, kept circling and came back past me four times in 10 minutes. The windows were so heavily tinted I couldn’t see who was driving or anything inside at all. Mercedes-Benz E-class, registration KR17 XCB. I don’t get spooked easily and after the fourth time I ran as fast as I could to the Why not inn pub who were amazing and made sure I was safe. I’m usually so careful, I plan my route, stick to places I know, stay aware… but this just shows it can happen to anyone, anywhere. Please look out for yourselves and each other ✨If you can run with someone I don’t think I will be running solo for a long time ✨Keep to busy and well‑lit roads ✨If something feels off trust your gut, head straight for an open business, pub or house where there are people ✨Report anything that makes you feel uneasy it could be nothing but it’s always best to be safe ✨ Always let people know where your going and share you live location","The discussion centres on a female runner’s encounter with a suspicious vehicle, prompting community warnings about personal safety and a contentious debate regarding the perceived link between rising crime and immigration."
3441816035988362,3441180589385240,2026-08-11T10:38:01+00:00,2026-08-11,Crime,Stalking Harassment,Express broader societal safety decline,Bloxwich Chit Chat,0,0,0,0,0,0,0,https://www.facebook.com/groups/2369573043212672/posts/3441180589385240?comment_id=3441816035988362,Keep safe There’s some unsavoury people about,Expresses agreement with the safety concerns raised in the post by affirming that dangerous individuals exist in the community. Reinforces the poster's message that vigilance is necessary.,"Hey everyone, just wanted to share something that happened to me last night partly because I never thought it would happen to me and partly to remind us all to stay alert and safe out there running I wouldn’t normally post something like this but I feel like it’s important to share I was out doing what I love doing and had stuck to roads I know really well, it wasn’t even dark yet and there was plenty of people and cars around and a fully blacked out Mercedes started following me. It drove past slowly, kept circling and came back past me four times in 10 minutes. The windows were so heavily tinted I couldn’t see who was driving or anything inside at all. Mercedes-Benz E-class, registration KR17 XCB. I don’t get spooked easily and after the fourth time I ran as fast as I could to the Why not inn pub who were amazing and made sure I was safe. I’m usually so careful, I plan my route, stick to places I know, stay aware… but this just shows it can happen to anyone, anywhere. Please look out for yourselves and each other ✨If you can run with someone I don’t think I will be running solo for a long time ✨Keep to busy and well‑lit roads ✨If something feels off trust your gut, head straight for an open business, pub or house where there are people ✨Report anything that makes you feel uneasy it could be nothing but it’s always best to be safe ✨ Always let people know where your going and share you live location","The discussion centres on a female runner’s encounter with a suspicious vehicle, prompting community warnings about personal safety and a contentious debate regarding the perceived link between rising crime and immigration."
2234491907092737,2233558430519418,2026-08-11T10:38:03+00:00,2026-08-11,Crime,Police Response Incidents,Sharing secondhand local information,Bloxwich Community Group,0,0,0,0,0,0,0,https://www.facebook.com/groups/846204072588201/posts/2233558430519418?comment_id=2234491907092737,Daughter in law lives in flats - she didn’t know anything til I told her this morning lol x,"Reports that their daughter-in-law, who lives in the flats on Booth Street, was unaware of the significant police presence until the commenter informed her that morning. Implies the daughter-in-law may have been absent or unobservant of the incident.",Anybody know why there’s about 15 police cars n riot van at the end of booth st,"Local residents are speculating on the reasons behind a significant police presence on Booth Street, ranging from potential criminal activity to routine occurrences."
3441816539321645,3441180589385240,2026-08-11T10:38:47+00:00,2026-08-11,Crime,Stalking Harassment,Recommend reporting to police,Bloxwich Chit Chat,3,2,1,0,0,0,0,https://www.facebook.com/groups/2369573043212672/posts/3441180589385240?comment_id=3441816539321645,Please report it. Police will log one incident but if there are several they will investigate,"Advises the original poster to report the incident to police, explaining that while a single report may only be logged, multiple reports of similar incidents will trigger a police investigation. Implies that reporting is important for establishing a pattern of suspicious behavior.","Hey everyone, just wanted to share something that happened to me last night partly because I never thought it would happen to me and partly to remind us all to stay alert and safe out there running I wouldn’t normally post something like this but I feel like it’s important to share I was out doing what I love doing and had stuck to roads I know really well, it wasn’t even dark yet and there was plenty of people and cars around and a fully blacked out Mercedes started following me. It drove past slowly, kept circling and came back past me four times in 10 minutes. The windows were so heavily tinted I couldn’t see who was driving or anything inside at all. Mercedes-Benz E-class, registration KR17 XCB. I don’t get spooked easily and after the fourth time I ran as fast as I could to the Why not inn pub who were amazing and made sure I was safe. I’m usually so careful, I plan my route, stick to places I know, stay aware… but this just shows it can happen to anyone, anywhere. Please look out for yourselves and each other ✨If you can run with someone I don’t think I will be running solo for a long time ✨Keep to busy and well‑lit roads ✨If something feels off trust your gut, head straight for an open business, pub or house where there are people ✨Report anything that makes you feel uneasy it could be nothing but it’s always best to be safe ✨ Always let people know where your going and share you live location","The discussion centres on a female runner’s encounter with a suspicious vehicle, prompting community warnings about personal safety and a contentious debate regarding the perceived link between rising crime and immigration."
3441818005988165,3441180589385240,2026-08-11T10:40:18+00:00,2026-08-11,Crime,Stalking Harassment,Express broader societal safety decline,Bloxwich Chit Chat,0,0,0,0,0,0,0,https://www.facebook.com/groups/2369573043212672/posts/3441180589385240?comment_id=3441818005988165,No one safe anymore,Expresses a fatalistic view that personal safety has deteriorated to the point where no one is safe anymore. Implies agreement with the original post's safety concerns while suggesting the situation is now universally dangerous rather than isolated.,"Hey everyone, just wanted to share something that happened to me last night partly because I never thought it would happen to me and partly to remind us all to stay alert and safe out there running I wouldn’t normally post something like this but I feel like it’s important to share I was out doing what I love doing and had stuck to roads I know really well, it wasn’t even dark yet and there was plenty of people and cars around and a fully blacked out Mercedes started following me. It drove past slowly, kept circling and came back past me four times in 10 minutes. The windows were so heavily tinted I couldn’t see who was driving or anything inside at all. Mercedes-Benz E-class, registration KR17 XCB. I don’t get spooked easily and after the fourth time I ran as fast as I could to the Why not inn pub who were amazing and made sure I was safe. I’m usually so careful, I plan my route, stick to places I know, stay aware… but this just shows it can happen to anyone, anywhere. Please look out for yourselves and each other ✨If you can run with someone I don’t think I will be running solo for a long time ✨Keep to busy and well‑lit roads ✨If something feels off trust your gut, head straight for an open business, pub or house where there are people ✨Report anything that makes you feel uneasy it could be nothing but it’s always best to be safe ✨ Always let people know where your going and share you live location","The discussion centres on a female runner’s encounter with a suspicious vehicle, prompting community warnings about personal safety and a contentious debate regarding the perceived link between rising crime and immigration."
3442467852589847,3442228465947119,2026-08-12T00:37:04+00:00,2026-08-12,Crime,Vehicle Theft,Information coordination requests,Bloxwich Chit Chat,0,0,0,0,0,0,0,https://www.facebook.com/groups/2369573043212672/posts/3442228465947119?comment_id=3442467852589847,Any info inbox Thomas Ezra,"Requests that anyone with information about the stolen bikes contact the post author, Thomas Ezra, via private message. The commenter is directing potential witnesses to share details directly with the original poster.","If anyone is offered these bikes or sees anyone riding them please drop me a message. The green/dark child’s bike has a sticker on it saying “Archer” in light green, very distinctive. Van stolen from Cannock Sainsbury’s and dumped in the car park in Mossley Close. Kids bikes are low value but sentimental.",A local appeal has been launched to recover stolen children's bicycles of high sentimental value following a vehicle theft and abandonment in the Cannock area.
