area,name,url,members_count,posts_per_day,is_private,locality_name,most_common_region,in_charlotte_staged
Bolsover,DOG SOS DERBYSHIRE (SEARCH & CAPTURE TEAM),https://www.facebook.com/groups/DOGSOSDERBYSHIRE/,20000,2,FALSE,Derbyshire,Derbyshire,False
Bolsover,"Chat Belper, Derby & Ripley",https://www.facebook.com/groups/735530226498018/,20000,10,FALSE,Derbyshire,Derbyshire,False
Bolsover,Derbyshire traffic and travel group,https://www.facebook.com/groups/142544453092014/,20000,4,FALSE,Derbyshire,Derbyshire,False
Bolsover,Hucknall Community Group,https://www.facebook.com/groups/HucknallCommunityGroup/,17000,10,FALSE,Nottinghamshire,Nottinghamshire,False
Bolsover,Jobs In Corby 👨🏼‍🔧,https://www.facebook.com/groups/855393997898203/,17000,10,FALSE,Derbyshire,Derbyshire,False
Bolsover,"Polacy w Derbyshire- ogłoszenia, praca, sprzedaz",https://www.facebook.com/groups/1632690393489061/,16000,10,FALSE,Hockley,Derbyshire,False
Bolsover,Jobs in Derby,https://www.facebook.com/groups/124637381480294/,14000,10,FALSE,Derbyshire,Derbyshire,False
Bolsover,Hucknall gossip page,https://www.facebook.com/groups/221960267190936/,11000,10,FALSE,Nottinghamshire,Nottinghamshire,False
Bolsover,spotted selston,https://www.facebook.com/groups/510062194146220/,10000,10,FALSE,Selston Common,Nottinghamshire,False
Bolsover,Hoghton notice board,https://www.facebook.com/groups/973269659547210/,10000,10,FALSE,Lancashire,Lancashire,False
Bolsover,Rotherham Chit Chat Group,https://www.facebook.com/groups/893172690888654/,9000,7,FALSE,South Yorkshire,South Yorkshire,False
Bolsover,Spotted in Rotherham,https://www.facebook.com/groups/847043215376275/,8300,5,FALSE,South Yorkshire,South Yorkshire,False
Bolsover,"Spring Valley, Illinois, My Home Town",https://www.facebook.com/groups/664130636974395/,7900,10,FALSE,Spring Vale,Derbyshire,False
Bolsover,Derbyshire Bikers,https://www.facebook.com/groups/343798949053818/,6800,6,FALSE,Derbyshire,Derbyshire,False
Bolsover,"What’s occuring in Newhall (Derbyshire, UK)",https://www.facebook.com/groups/137021457161953/,6800,8,FALSE,Derbyshire,Derbyshire,False
Bolsover,Derbyshire crafters,https://www.facebook.com/groups/536407636407766/,6800,10,FALSE,Derbyshire,Derbyshire,False
Bolsover,everything free  rotherham area,https://www.facebook.com/groups/696901167574857/,6500,8,FALSE,South Yorkshire,South Yorkshire,False
Bolsover,Derbyshire weddings,https://www.facebook.com/groups/derbyshireweddings/,6400,10,FALSE,Derbyshire,Derbyshire,False
Bolsover,Spotted Etwall Derbyshire,https://www.facebook.com/groups/618500129214024/,6100,10,FALSE,Derbyshire,Derbyshire,False
Bolsover,Ogłoszenia Derbyshire,https://www.facebook.com/groups/ogloszeniaderbyshire/,5600,10,FALSE,Derbyshire,Derbyshire,False
Bolsover,Chesterfield & Derbyshire Junior football,https://www.facebook.com/groups/613490725675755/,5500,9,FALSE,Derbyshire,Derbyshire,False
Bolsover,Residents of Church Hill,https://www.facebook.com/groups/1528766540751286/,5400,10,FALSE,Church Hill,Cumbria,False
Bolsover,Park Hall Community Association (Stoke on Trent),https://www.facebook.com/groups/1529085337331697/,5100,2,FALSE,Stoke-on-Trent,Stoke-on-Trent,False
Bolsover,Derbyshire Music And Arts Events,https://www.facebook.com/groups/DerbyshireMusicAndArtsEvents/,4600,10,FALSE,Derbyshire,Derbyshire,False
Bolsover,Blofield & Blofield Heath Community Page,https://www.facebook.com/groups/330217048026734/,4500,6,FALSE,Norfolk,Norfolk,False
Bolsover,Derbyshire Photography,https://www.facebook.com/groups/derbyshirephotography/,4200,8,FALSE,Derbyshire,Derbyshire,False
Bolsover,Woodhouse Reborn,https://www.facebook.com/groups/woodhouserebirthofacommunity/,4200,8,FALSE,Nottinghamshire,Nottinghamshire,False
Bolsover,South Normanton & Pinxton small businesses & Services,https://www.facebook.com/groups/386225711436540/,3800,10,FALSE,Derbyshire,Derbyshire,False
Bolsover,Whaley bridge,https://www.facebook.com/groups/983917409599727/,3800,7,FALSE,Derbyshire,Derbyshire,False
Bolsover,what's up whaley bridge,https://www.facebook.com/groups/3486696851658646/,3800,9,FALSE,Derbyshire,Derbyshire,False
Bolsover,"Polacy w Alfreton,Somercotes,South Normanton",https://www.facebook.com/groups/342418709279117/,3700,10,FALSE,South Normanton,Derbyshire,False
Bolsover,Derbyshire village of derwent now submerged beneath ladybower dam,https://www.facebook.com/groups/1931065907010921/,3700,8,FALSE,Derbyshire,Derbyshire,False
Bolsover,Lost and found Cats Chesterfield Derbyshire UK,https://www.facebook.com/groups/193737724534470/,3600,8,FALSE,Derbyshire,Derbyshire,False
Bolsover,"Jobs in Ashbourne & Surrounding Areas (Derbyshire, England)",https://www.facebook.com/groups/jobs.in.ashbourne/,3400,8,FALSE,Derbyshire,Derbyshire,False
Bolsover,"Spring Valley / Wykoff, MN Community Events & Activities",https://www.facebook.com/groups/1609395189293294/,3300,3,FALSE,Spring Vale,Derbyshire,False
Bolsover,Spotted south normanton,https://www.facebook.com/groups/2568589933281670/,3100,10,FALSE,Derbyshire,Derbyshire,False
Bolsover,REAL SELSTON NEWS & ADVERTS,https://www.facebook.com/groups/145713532296112/,2900,10,FALSE,Selston,Nottinghamshire,False
Bolsover,The Dukes Of Derbyshire Metal Detecting,https://www.facebook.com/groups/175056880786776/,2900,2,FALSE,Derbyshire,Derbyshire,False
Bolsover,HARTHILL~WOODALL~THORPE SALVIN~TODWICK~FORUM,https://www.facebook.com/groups/1529022054001616/,2800,10,FALSE,South Yorkshire,South Yorkshire,False
Bolsover,"Job Vacancies in Ripley, Derbyshire",https://www.facebook.com/groups/jobsinripleyderbyshire/,2800,8,FALSE,Derbyshire,Derbyshire,False
Bolsover,Respotted South Normanton and Pinxton,https://www.facebook.com/groups/157160912654987/,2600,10,FALSE,Derbyshire,Derbyshire,False
Bolsover,Barlow Village Derbyshire.,https://www.facebook.com/groups/204370332926229/,2500,3,FALSE,Derbyshire,Derbyshire,False
Bolsover,Derbyshire Dale's Hedgehog Rescue. Contact Number: 07751191939,https://www.facebook.com/groups/2605924269638202/,2500,8,FALSE,Derbyshire,Derbyshire,False
Bolsover,"Great Houghton (Barnsley, South Yorkshire) Community",https://www.facebook.com/groups/3354382811257170/,2500,10,FALSE,South Yorkshire,South Yorkshire,False
Bolsover,Keep the High Peak in Derbyshire (Derbyshire and Proud),https://www.facebook.com/groups/derbyshireandproud/,2500,2,FALSE,Derbyshire,Derbyshire,False
Bolsover,Duckmanton Daily,https://www.facebook.com/groups/2765247973800785/,2400,4,FALSE,"Duckmanton, Long",Derbyshire,False
Bolsover,Bamford In Derbyshire Community Forum,https://www.facebook.com/groups/1358845694133206/,2400,10,FALSE,Derbyshire,Derbyshire,False
Bolsover,Ashbourne (Derbyshire) and District online,https://www.facebook.com/groups/385138604444093/,2400,8,FALSE,Derbyshire,Derbyshire,False
Bolsover,"Stonebroom,shirland & Surrounding Areas",https://www.facebook.com/groups/965310350205058/,2300,10,FALSE,Shirland and Stonebroom,Derbyshire,False
Bolsover,Pictures of Sheffield & Derbyshire,https://www.facebook.com/groups/2301655136532485/,2200,8,FALSE,Derbyshire,Derbyshire,False
Bolsover,"Village Carols - Sheffield Carols, Derbyshire Carols etc",https://www.facebook.com/groups/VillageCarols/,1900,3,FALSE,Derbyshire,Derbyshire,False
Bolsover,“The Derbyshire Cooking Group”,https://www.facebook.com/groups/1558184177661976/,1900,2,FALSE,Derbyshire,Derbyshire,False
Bolsover,Derbyshire Dog Walker Group,https://www.facebook.com/groups/2065523840415084/,1800,10,FALSE,Derbyshire,Derbyshire,False
Bolsover,Church Stretton Local Business Page,https://www.facebook.com/groups/473020636099240/,1800,10,FALSE,Shropshire,Shropshire,False
Bolsover,"Langwith-and neighboring Colliery,s",https://www.facebook.com/groups/505226059557217/,1600,8,FALSE,Langwith Colliery,Derbyshire,False
Bolsover,New Houghton past and present,https://www.facebook.com/groups/314093075385741/,1600,8,FALSE,"Houghton, New",Derbyshire,False
Bolsover,Pilsley Waterloo and Lower Pilsley,https://www.facebook.com/groups/481602388877102/,1600,2,FALSE,Derbyshire,Derbyshire,False
Bolsover,DerbyBiz - The Derbyshire Business Network,https://www.facebook.com/groups/derbybiz/,1600,10,FALSE,Derbyshire,Derbyshire,False
Bolsover,DERBYSHIRE'S NEW £10 AND UNDER,https://www.facebook.com/groups/1731718557096756/,1400,9,FALSE,Derbyshire,Derbyshire,False
Bolsover,Alderman William Derbyshire Ex Pupils,https://www.facebook.com/groups/4081877447/,1300,2,FALSE,Williamthorpe Road,Derbyshire,False
Bolsover,Rotherham News!,https://www.facebook.com/groups/490704564321276/,1300,3,FALSE,South Yorkshire,South Yorkshire,False
Bolsover,Cueball Pool Tournaments And Derbyshire Pool Series Events,https://www.facebook.com/groups/365215477402086/,1200,4,FALSE,Hardwick Park,Derbyshire,False
Bolsover,"Residents Of Blackwell, Hilcote and South Normanton",https://www.facebook.com/groups/547436118640336/,1200,6,FALSE,Derbyshire,Derbyshire,False
Bolsover,Peak District & Derbyshire Towns & Business Forum,https://www.facebook.com/groups/905165292882252/,1100,8,FALSE,Derbyshire,Derbyshire,False
Bolsover,South Normanton Community Group,https://www.facebook.com/groups/418688689443840/,1100,7,FALSE,Leicestershire,Leicestershire,False
Bolsover,Primrose/Hill Community (Germiston),https://www.facebook.com/groups/306770833816839/,1000,6,FALSE,Primrose Hill,Derbyshire,False
Bolsover,Derby Advice and Info,https://www.facebook.com/groups/275366357084021/,1000,7,FALSE,Derbyshire,Derbyshire,False
Bolsover,THE RIPLEY DOG COMMUNITY. (Derbyshire).,https://www.facebook.com/groups/268435980540014/,993,3,FALSE,Derbyshire,Derbyshire,False
Bolsover,Derby & Derbyshire,https://www.facebook.com/groups/165704329772899/,964,8,FALSE,Derbyshire,Derbyshire,False
Bolsover,Pilsley & Lower Pilsley local business page,https://www.facebook.com/groups/421376549013991/,916,8,FALSE,Derbyshire,Derbyshire,False
Bolsover,Sutton cum Lound Village Group,https://www.facebook.com/groups/624463522250692/,901,5,FALSE,Derbyshire,Derbyshire,False
Bolsover,Duckmanton Insight,https://www.facebook.com/groups/3245909402175132/,885,4,FALSE,"Duckmanton, Long",Derbyshire,False
Bolsover,Birds and cages Lincolnshire,https://www.facebook.com/groups/2038320066568188/,834,8,FALSE,Lincolnshire,Lincolnshire,False
Bolsover,Pimp Hall Park & Nature Reserve,https://www.facebook.com/groups/769482953104330/,800,7,FALSE,Lancashire,Lancashire,False
Bolsover,Model Village Forum,https://www.facebook.com/groups/1652144468420017/,794,10,FALSE,Model Village,Derbyshire,False
Bolsover,Events happening in the local elmton creswell area / big local events,https://www.facebook.com/groups/607946812666506/,790,2,FALSE,Elmton-with-Creswell,Derbyshire,False
Bolsover,WHAT IS HAPPENING IN SHIRLAND & HIGHAM PARISH - GROUPS & EVENTS.,https://www.facebook.com/groups/662205424866569/,736,8,FALSE,Shirland and Higham,Derbyshire,False
Bolsover,The Derbyshire Rockin' Scene,https://www.facebook.com/groups/350026668414561/,724,8,FALSE,Derbyshire,Derbyshire,False
Bolsover,Pilsley community (Official),https://www.facebook.com/groups/882848043447285/,698,4,FALSE,Derbyshire,Derbyshire,False
Bolsover,Things for free chesterfield (bolsover),https://www.facebook.com/groups/150201908427008/,650,7,FALSE,Bolsover Woodhouse,Derbyshire,False
Bolsover,My Derby,https://www.facebook.com/groups/369812730098970/,619,4,FALSE,Derbyshire,Derbyshire,False
Bolsover,"FOLK MUSIC in The Hope Valley, Derbyshire. UK",https://www.facebook.com/groups/177827459035182/,619,8,FALSE,Derbyshire,Derbyshire,False
Bolsover,Climate Action North East Derbyshire,https://www.facebook.com/groups/832995943940108/,591,8,FALSE,Derbyshire,Derbyshire,False
Bolsover,New Houghton Proper Moan & Groan,https://www.facebook.com/groups/498363841316037/,569,8,FALSE,Derbyshire,Derbyshire,False
Bolsover,Derbyshire In Focus,https://www.facebook.com/groups/1712811135634462/,568,8,FALSE,Derbyshire,Derbyshire,False
Bolsover,The Hamlet,https://www.facebook.com/groups/304269116897776/,566,8,FALSE,The Hamlet,Derbyshire,False
Bolsover,The Hamlet Historian,https://www.facebook.com/groups/134985339858900/,548,2,FALSE,The Hamlet,Derbyshire,False
Bolsover,Cash in Hand Jobs - Derby,https://www.facebook.com/groups/cashinhandjobsderby/,546,2,FALSE,Derbyshire,Derbyshire,False
Bolsover,North Derbyshire South Road Federation,https://www.facebook.com/groups/1344398106350442/,513,8,FALSE,Derbyshire,Derbyshire,False
Bolsover,The Derbyshire Redcap Club,https://www.facebook.com/groups/242964456391961/,512,7,FALSE,Derbyshire,Derbyshire,False
Bolsover,Stretton Business Portal,https://www.facebook.com/groups/733515654008674/,500,5,FALSE,Shropshire,Shropshire,False
Bolsover,What's Happening in Langwith,https://www.facebook.com/groups/915143661956979/,489,,FALSE,Derbyshire,Derbyshire,False
Bolsover,South Derbyshire Road Runners,https://www.facebook.com/groups/990531947663386/,471,3,FALSE,Derbyshire,Derbyshire,False
Bolsover,Derbyshire Job and Opportunities,https://www.facebook.com/groups/207554219372219/,466,8,FALSE,Derbyshire,Derbyshire,False
Bolsover,Elton Community (Derbyshire),https://www.facebook.com/groups/eltoncommunity/,421,8,FALSE,Derbyshire,Derbyshire,False
Bolsover,Birds lost and found Derbyshire and surrounding areas,https://www.facebook.com/groups/1077720525750231/,420,8,FALSE,Birdholme ED,Derbyshire,False
Bolsover,Derbyshire Brides (UK),https://www.facebook.com/groups/204559716376247/,410,3,FALSE,Derbyshire,Derbyshire,False
Bolsover,Derbyshire Jobs,https://www.facebook.com/groups/423047627844728/,394,8,FALSE,Derbyshire,Derbyshire,False
Bolsover,primrose hill primary school,https://www.facebook.com/groups/2225294583/,382,10,FALSE,Primrose Hill,Derbyshire,False
Bolsover,derbyshire unemployed workers centres shirebrook,https://www.facebook.com/groups/651711512917337/,375,3,FALSE,Derbyshire,Derbyshire,False
Bolsover,STAVELEY WHATS ON (Derbyshire),https://www.facebook.com/groups/1464867984163083/,324,2,FALSE,Derbyshire,Derbyshire,False
Bolsover,Magical History Tour - Bolsover - Walk Derbyshire,https://www.facebook.com/groups/magicalhistorytourbolsover/,306,8,FALSE,Bolsover East,Derbyshire,False
Bolsover,Local Tradesman Derbyshire,https://www.facebook.com/groups/300580930368872/,285,8,FALSE,Dimple,Derbyshire,False
Bolsover,New Life Church Ignite | North Derbyshire,https://www.facebook.com/groups/newlifechurchnd/,285,8,FALSE,Derbyshire,Derbyshire,False
Bolsover,Derbyshire Trade Finder,https://www.facebook.com/groups/788928472598861/,273,8,FALSE,Derbyshire,Derbyshire,False
Bolsover,Model Villages & Miniature towns,https://www.facebook.com/groups/2411251337/,269,10,FALSE,Model Village,Derbyshire,False
Bolsover,Spotted UK/Derbyshire,https://www.facebook.com/groups/1209156873570296/,265,8,FALSE,Derbyshire,Derbyshire,False
Bolsover,Beighton welfare r.g drainage for the fields,https://www.facebook.com/groups/580385462043713/,261,,FALSE,Beighton Fields,Derbyshire,False
Bolsover,Derbyshire rock music fans & gig lovers,https://www.facebook.com/groups/423624801573913/,260,8,FALSE,Derbyshire,Derbyshire,False
Bolsover,Clowne,https://www.facebook.com/groups/2248761443/,243,2,FALSE,Clowne East,Derbyshire,False
Bolsover,Chat with Derbyshire group of Endurance GB,https://www.facebook.com/groups/3934758363424076/,243,8,FALSE,Derbyshire,Derbyshire,False
Bolsover,Random acts of Crochet Kindness - Nottingham & Derbyshire,https://www.facebook.com/groups/raocknottinghamandderby/,240,2,FALSE,Derbyshire,Derbyshire,False
Bolsover,Derbyshire Blacksmiths,https://www.facebook.com/groups/1652859754931880/,240,6,FALSE,Derbyshire,Derbyshire,False
Bolsover,Cliff Halls (Minister of The Gospel),https://www.facebook.com/groups/953421994726886/,232,10,FALSE,Cliff Hill,Derbyshire,False
Bolsover,Green laning 4x4 recovery derbyshire and nottinghamshire,https://www.facebook.com/groups/1946846942197414/,227,10,FALSE,Derbyshire,Derbyshire,False
Bolsover,Advertise your local businesses here for Elmton Creswell Hodthorpe,https://www.facebook.com/groups/837498166313153/,226,3,FALSE,Elmton with Creswell,Derbyshire,False
Bolsover,Derbyshire Dry Stone Walling,https://www.facebook.com/groups/358438291929455/,225,5,FALSE,Derbyshire,Derbyshire,False
Bolsover,STOLEN OR LOST IN AND AROUND DERBYSHIRE,https://www.facebook.com/groups/922453447789165/,206,,FALSE,Old Bolsover,Derbyshire,False
Bolsover,6 DERBYSHIRE (Vendors & residents),https://www.facebook.com/groups/1834901270103661/,197,5,FALSE,Derbyshire,Derbyshire,False
Bolsover,'We Make It' Derbyshire,https://www.facebook.com/groups/515593941815549/,197,10,FALSE,Derbyshire,Derbyshire,False
Bolsover,"Missing Female F2 Savannah Cat S44 6EF Bolsover, Derbyshire.",https://www.facebook.com/groups/1134095737532929/,193,3,FALSE,Bolsover East,Derbyshire,False
Bolsover,stolen goods from bolsover shuttlewood chesterfield,https://www.facebook.com/groups/405691400458264/,192,,FALSE,Bolsover North & Shuttlewood,Derbyshire,False
Bolsover,"Murphy, displaced ginger cat, stony houghton,mansfield NG19 #FindMurphy",https://www.facebook.com/groups/812779446008856/,190,7,FALSE,"Houghton, Stony",Derbyshire,False
Bolsover,pilsley community site,https://www.facebook.com/groups/799117784907291/,185,2,FALSE,Derbyshire,Derbyshire,False
Bolsover,Liz Fowkes hairdressing Pilsley Shop,https://www.facebook.com/groups/400194618214505/,183,8,FALSE,Lower Pilsley,Derbyshire,False
Bolsover,Derbyshire Hill C.P School,https://www.facebook.com/groups/402761014456152/,175,7,FALSE,Derbyshire,Derbyshire,False
Bolsover,Mid-Derbyshire Steampunk Society,https://www.facebook.com/groups/259580401590566/,170,3,FALSE,Derbyshire,Derbyshire,False
Bolsover,Park Hall,https://www.facebook.com/groups/2100830720306944/,164,3,FALSE,Park Hall,Derbyshire,False
Bolsover,Take a Break in Staffordshire & Derbyshire,https://www.facebook.com/groups/gorgeousstaffsandderbys/,161,8,FALSE,Derbyshire,Derbyshire,False
Bolsover,"Old Brampton, Derbyshire",https://www.facebook.com/groups/1269832850126707/,158,8,FALSE,Derbyshire,Derbyshire,False
Bolsover,Astaria Model Village,https://www.facebook.com/groups/787014229830948/,157,8,FALSE,Model Village,Derbyshire,False
Bolsover,"The Derby High School - Bury, Manchester",https://www.facebook.com/groups/2421851152/,156,2,FALSE,"Higham, Old",Derbyshire,False
Bolsover,Doe lea Bramley vale living history,https://www.facebook.com/groups/301623587731992/,147,10,FALSE,Bramley Vale,Derbyshire,False
Bolsover,South Derbyshire Road Runners Social Group,https://www.facebook.com/groups/1576904365946229/,139,,FALSE,Derbyshire,Derbyshire,False
Bolsover,"The Old Black Horse, Mapperley village, Derbyshire",https://www.facebook.com/groups/161111220420/,125,,FALSE,"Hamlet, The",Derbyshire,False
Bolsover,Derbyshire County Bridge Association,https://www.facebook.com/groups/2892180084175840/,112,3,FALSE,Derbyshire,Derbyshire,False
Bolsover,Shabby Chic Old And New Derbyshire And Nottinghamshire,https://www.facebook.com/groups/337948716377022/,109,9,FALSE,Old Brinsley,Nottinghamshire,False
Bolsover,"9 Ladies Stone Circle Derbyshire, Locals & Visitors appreciation group",https://www.facebook.com/groups/790068421937283/,105,2,FALSE,Derbyshire,Derbyshire,False
Bolsover,Classifieds Derbyshire,https://www.facebook.com/groups/431696148129991/,90,8,FALSE,Derbyshire,Derbyshire,False
Bolsover,Woolley Moor,https://www.facebook.com/groups/288212441873284/,65,10,FALSE,Woolley Moor,Derbyshire,False
Bolsover,Beth does the Derbyshire 10k Phoebe from friends style,https://www.facebook.com/groups/216866141739495/,60,,FALSE,Doe Lea,Derbyshire,False
Bolsover,"Local news for Amber Valley, Bolsover and Derbyshire",https://www.facebook.com/groups/384840621655145/,55,3,FALSE,"Bolsover, New",Derbyshire,False
Cardiff North,Whats on in Cardiff and South Wales,https://www.facebook.com/groups/whatsonincardiffguide/,52000,10,FALSE,Cardiff,Cardiff,False
Cardiff North,Caerau (Cardiff) Residents,https://www.facebook.com/groups/399591590211584/,32000,10,FALSE,Cardiff,Cardiff,False
Cardiff North,Jobs in Cardiff,https://www.facebook.com/groups/jobsincardiff01/,32000,10,FALSE,Cardiff,Cardiff,False
Cardiff North,Cardiff Job Vacancies,https://www.facebook.com/groups/cardiffjobvacancies/,25000,6,FALSE,Cardiff,Cardiff,False
Cardiff North,Old Cardiff Pics,https://www.facebook.com/groups/2712006342211451/,21000,8,FALSE,Old St. Mellons,Cardiff,False
Cardiff North,"Cardiff Housing, Room & Flat Share",https://www.facebook.com/groups/1601939006762459/,16000,2,FALSE,Coed Bychan,Cardiff,False
Cardiff North,Cardiff - For Rent,https://www.facebook.com/groups/1078721159504223/,15000,10,FALSE,Butetown,Cardiff,False
Cardiff North,Cardiff - Rent Apartments Houses Rooms,https://www.facebook.com/groups/I9250/,15000,10,FALSE,Butetown,Cardiff,False
Cardiff North,"Residents of Canton & Riverside, Cardiff",https://www.facebook.com/groups/1421719561483284/,14000,7,FALSE,Cardiff,Cardiff,False
Cardiff North,Cardiff Days Gone By,https://www.facebook.com/groups/1296535647154214/,13000,4,FALSE,"Bychan, Coed",Cardiff,False
Cardiff North,EXCHANGE CARDIFF,https://www.facebook.com/groups/190477441015613/,13000,10,FALSE,Cardiff,Cardiff,False
Cardiff North,Community News Cardiff,https://www.facebook.com/groups/CommunityNewsCardiff/,12000,7,FALSE,Cardiff,Cardiff,False
Cardiff North,Llanrumney & Old St Mellons news,https://www.facebook.com/groups/1803013356665460/,12000,9,FALSE,Monmouthshire,Monmouthshire,False
Cardiff North,Fairwater and Pentrebane Community Group (Cardiff),https://www.facebook.com/groups/1042742549075049/,11000,10,FALSE,Fairwater,Cardiff,False
Cardiff North,Romani in Cardiff,https://www.facebook.com/groups/RomaniDinCardiff/,11000,10,FALSE,"Grangetown, Lower",Cardiff,False
Cardiff North,"What's On In Cardiff, Penarth & Barry Areas",https://www.facebook.com/groups/548571887307353/,11000,9,FALSE,Llys-faen,Cardiff,False
Cardiff North,Whats on in Cardiff Guide,https://www.facebook.com/groups/170415305587426/,10000,10,FALSE,Atlantic Wharf,Cardiff,False
Cardiff North,Cardiff Businesses,https://www.facebook.com/groups/490748460965323/,10000,10,FALSE,Cardiff,Cardiff,False
Cardiff North,"Radyr, Morganstown & Tongwynlais Community Page",https://www.facebook.com/groups/375790096705481/,10000,10,FALSE,Cardiff,Cardiff,False
Cardiff North,Gabalfa/Llandaff - Community Page,https://www.facebook.com/groups/396192421257248/,9500,5,FALSE,Gabalfa,Cardiff,False
Cardiff North,"Penarth, Cowbridge, Pontyclun, Llantwit Major, Rhoose, Barry , Cardiff",https://www.facebook.com/groups/539698983180009/,9500,10,FALSE,Cardiff,Cardiff,False
Cardiff North,Cardiff Film Network (CFN),https://www.facebook.com/groups/171765232968820/,7300,3,FALSE,Torfaen,Torfaen,False
Cardiff North,Cardiff North Community and Business Forum,https://www.facebook.com/groups/CardiffNorthBusinessForum/,7100,10,FALSE,Cardiff,Cardiff,False
Cardiff North,Jobs in Cardiff,https://www.facebook.com/groups/jobsinsouthwales01/,6100,9,FALSE,Cardiff,Cardiff,False
Cardiff North,RESIDENTS OF LLYSFAEN (COLWYN BAY) PAST & PRESENT,https://www.facebook.com/groups/96994587305/,5700,10,FALSE,Powys,Powys,False
Cardiff North,Cardiff Music Scene,https://www.facebook.com/groups/163349244070943/,5500,10,FALSE,"Griffith, Melin",Cardiff,False
Cardiff North,Cardiff Muslim Accommodation Network,https://www.facebook.com/groups/181024958727210/,5500,2,FALSE,Carmarthenshire,Carmarthenshire,False
Cardiff North,Cardiff Events,https://www.facebook.com/groups/274846112595592/,5400,3,FALSE,Cardiff,Cardiff,False
Cardiff North,Advertising cardiff,https://www.facebook.com/groups/588039864554479/,5100,10,FALSE,Adamsdown,Cardiff,False
Cardiff North,Cardiff Yesterday & Today,https://www.facebook.com/groups/cardiffyesterdayandtoday/,5100,10,FALSE,Cardiff,Cardiff,False
Cardiff North,Cardiff,https://www.facebook.com/groups/10030493334/,5000,8,FALSE,Cardiff,Cardiff,False
Cardiff North,Greenmeadow community,https://www.facebook.com/groups/445524828988512/,4700,2,FALSE,Greenmeadow,Cardiff,False
Cardiff North,Canton and Riverside Community Group (Cardiff),https://www.facebook.com/groups/1926566397537050/,4700,7,FALSE,Cardiff,Cardiff,False
Cardiff North,Networking In Cardiff,https://www.facebook.com/groups/networkingincardiff/,4500,5,FALSE,Atlantic Wharf,Cardiff,False
Cardiff North,Cardiff - Bangladeshi Community,https://www.facebook.com/groups/659368974164077/,4500,10,FALSE,Llandâf,Cardiff,False
Cardiff North,free things only! cardiff area,https://www.facebook.com/groups/1380327372208796/,4300,20,FALSE,"Bychan, Coed",Cardiff,False
Cardiff North,Cardiff Arts Collective,https://www.facebook.com/groups/398853636821657/,4100,2,FALSE,Cardiff,Cardiff,False
Cardiff North,st Mellons and old st Mellons neighborhood watch,https://www.facebook.com/groups/640171853638946/,3800,3,FALSE,Old St. Mellons,Cardiff,False
Cardiff North,Cardiff Jobs,https://www.facebook.com/groups/784302934939238/,3500,4,FALSE,Adamsdown,Cardiff,False
Cardiff North,Indian community in cardiff & newport,https://www.facebook.com/groups/121965277884128/,3400,7,FALSE,Broadstreet Common,Cardiff,False
Cardiff North,cardiff freeads,https://www.facebook.com/groups/331209414763165/,3400,10,FALSE,Cardiff,Cardiff,False
Cardiff North,Forest Farm Photography,https://www.facebook.com/groups/268700200843306/,2900,6,FALSE,Forest Farm,Cardiff,False
Cardiff North,What’s On In Llandaff,https://www.facebook.com/groups/415314946778609/,2800,8,FALSE,Cardiff,Cardiff,False
Cardiff North,WHATS ON CARDIFF & SOUTH WALES!,https://www.facebook.com/groups/whatsonsouthwales/,2700,10,FALSE,Broadstreet Common,Cardiff,False
Cardiff North,Cardiff bargains and crystals,https://www.facebook.com/groups/1809406069392696/,2600,2,FALSE,Lisvane,Cardiff,False
Cardiff North,"Jobs in Cardiff, Wales",https://www.facebook.com/groups/Jobgear.UK.jobs.in.Cardiff/,2600,6,FALSE,Cardiff,Cardiff,False
Cardiff North,Birchgrove Community Centre,https://www.facebook.com/groups/683449575013037/,2400,8,FALSE,Birchgrove,Swansea,False
Cardiff North,CARDIFF SMALL BUSINESSES,https://www.facebook.com/groups/580103947037283/,2400,10,FALSE,Adamsdown,Cardiff,False
Cardiff North,Thornhill and Upper Cwmbran Community Group,https://www.facebook.com/groups/333600292071319/,2400,8,FALSE,Cardiff,Cardiff,False
Cardiff North,New Forest Farm Network,https://www.facebook.com/groups/494464681778323/,2100,4,FALSE,Forest Farm,Cardiff,False
Cardiff North,"THORNHILL EVENTS & RESIDENTS (cwmbran ,UK)",https://www.facebook.com/groups/1656830077953770/,2100,4,FALSE,Thornhill,Cardiff,False
Cardiff North,Bowbrook & Bicton Heath Matters,https://www.facebook.com/groups/bictonheath/,1800,3,FALSE,Shropshire,Shropshire,False
Cardiff North,"Llandaff North Rugby, Sports & Social Club",https://www.facebook.com/groups/277648135699199/,1700,8,FALSE,Llandaff North,Cardiff,False
Cardiff North,Cardiff Spiritual Network,https://www.facebook.com/groups/1433245170224976/,1700,10,FALSE,Capel Llanilltern,Cardiff,False
Cardiff North,Singapore's forests and farms: Nature education & conservation,https://www.facebook.com/groups/singaporeforests/,1600,2,FALSE,Forest Farm,Cardiff,False
Cardiff North,Pontprennau Small Business Support & Promote,https://www.facebook.com/groups/2004915429773162/,1500,10,FALSE,Pontprennau,Cardiff,False
Cardiff North,Cardiff Kids Clubs and Activities - Club Hub UK,https://www.facebook.com/groups/1174405892737887/,1500,4,FALSE,Leckwith,Cardiff,False
Cardiff North,Where to eat Cardiff,https://www.facebook.com/groups/211485311818557/,1400,5,FALSE,Broadstreet Common,Cardiff,False
Cardiff North,Upper Cwmbran and Thornhill Community,https://www.facebook.com/groups/1338106709575052/,1400,3,FALSE,Cardiff,Cardiff,False
Cardiff North,"Birchgrove Residents, Swansea, Wales",https://www.facebook.com/groups/18802130098/,1300,2,FALSE,Swansea,Swansea,False
Cardiff North,Hollybush Pentwyn ❤️,https://www.facebook.com/groups/3197561790518055/,1300,8,FALSE,Cardiff,Cardiff,False
Cardiff North,Green Meadows Festival Chat,https://www.facebook.com/groups/494460687235472/,1200,5,FALSE,Greenmeadow,Cardiff,False
Cardiff North,Llandaff North and Gabalfa,https://www.facebook.com/groups/46406748142/,1200,3,FALSE,Cardiff,Cardiff,False
Cardiff North,Newydd Noticeboard,https://www.facebook.com/groups/264818534060025/,1200,8,FALSE,Swansea,Swansea,False
Cardiff North,"Grangetown, Cardiff Community News And Events",https://www.facebook.com/groups/291372993376706/,1100,7,FALSE,Cardiff,Cardiff,False
Cardiff North,Rhiwbina Handmade,https://www.facebook.com/groups/523856914416281/,1000,8,FALSE,Rhiwbina,Cardiff,False
Cardiff North,Llandaff & Danescourt Community Watch,https://www.facebook.com/groups/llandaffcommunitywatch/,1000,8,FALSE,Llandaff North,Cardiff,False
Cardiff North,The Hollybush. Pentwyn,https://www.facebook.com/groups/1532781423738275/,999,,FALSE,Hollybush Estate,Cardiff,False
Cardiff North,Birchgrove RFC Div 1 West Central,https://www.facebook.com/groups/323931528062415/,955,2,FALSE,Birchgrove,West Sussex,False
Cardiff North,Cardiff Social Club,https://www.facebook.com/groups/1395770427904523/,937,8,FALSE,Cardiff East Moors,Cardiff,False
Cardiff North,Llanishen Craft & Artisan Market,https://www.facebook.com/groups/llanishencraftmarket/,901,8,FALSE,Llanishen,Cardiff,False
Cardiff North,Save Maindy Velodrome!,https://www.facebook.com/groups/savemaindyvelodrome/,842,8,FALSE,Maindy,Cardiff,False
Cardiff North,Cardiff North Coronavirus Response,https://www.facebook.com/groups/628254944690274/,808,10,FALSE,Heath,Cardiff,False
Cardiff North,"Roath Park, Cyncoed and Penylan pooch page",https://www.facebook.com/groups/1293340960862798/,712,7,FALSE,Cyncoed,Cardiff,False
Cardiff North,Friends of Rhiwbina Library,https://www.facebook.com/groups/friendsofrhiwbinalibrary/,686,8,FALSE,Rhiwbina,Cardiff,False
Cardiff North,TTFairs Sherwood Forest Farm Park Car Boot,https://www.facebook.com/groups/764902341752868/,680,8,FALSE,Forest Farm,Cardiff,False
Cardiff North,Friends of Hailey Park,https://www.facebook.com/groups/friendsofhaileypark/,661,8,FALSE,Hailey Park,Cardiff,False
Cardiff North,Hollybush Village Community Group,https://www.facebook.com/groups/2258244890883837/,561,8,FALSE,Hollybush Estate,Cardiff,False
Cardiff North,Cyncoed Covid-19 Mutual Aid Group,https://www.facebook.com/groups/685229805549686/,559,,FALSE,Cyncoed,Cardiff,False
Cardiff North,Pontprennau Rocks,https://www.facebook.com/groups/2319810114799505/,532,3,FALSE,Pontprennau,Cardiff,False
Cardiff North,Greenmeadow and surrounding area small businesses or trades,https://www.facebook.com/groups/1678630949066467/,440,8,FALSE,Greenmeadow,Cardiff,False
Cardiff North,Lisvane Library,https://www.facebook.com/groups/7262232137173570/,379,8,FALSE,Lisvane,Cardiff,False
Cardiff North,CARDIFF SOUTH. Grangetown + Cathays. LATEST NEWS,https://www.facebook.com/groups/southcardiff/,373,8,FALSE,Cardiff,Cardiff,False
Cardiff North,Friends Of St Mellons & Trowbridge,https://www.facebook.com/groups/768908058042822/,338,7,FALSE,St. Mellons,Cardiff,False
Cardiff North,Pontprennau clean and green,https://www.facebook.com/groups/176380612964248/,334,3,FALSE,Pontprennau/Old St. Mellons,Cardiff,False
Cardiff North,Cefn Mably Lakes Group,https://www.facebook.com/groups/988812463354487/,328,,FALSE,"Mably, Cefn",Cardiff,False
Cardiff North,Whitchurch & Tongwynlais Festival,https://www.facebook.com/groups/612524127447037/,328,4,FALSE,Whitchurch and Tongwynlais,Cardiff,False
Cardiff North,Cardiff Notice Board,https://www.facebook.com/groups/cardiffnoticeboard/,311,2,FALSE,Cardiff,Cardiff,False
Cardiff North,Football Booty North Cardiff,https://www.facebook.com/groups/1846436858928258/,287,8,FALSE,Heath,Cardiff,False
Cardiff North,Farm Cardiff,https://www.facebook.com/groups/FarmCardiff/,274,,FALSE,Forest Farm,Cardiff,False
Cardiff North,Pontprennau Gardening,https://www.facebook.com/groups/1178148359056804/,273,3,FALSE,Pontprennau/Old St. Mellons,Cardiff,False
Cardiff North,Coryton Primary School - 50 years of being open celebration event,https://www.facebook.com/groups/1633791563893011/,272,2,FALSE,Coryton,Cardiff,False
Cardiff North,Coed Caerdydd (Forest Cardiff),https://www.facebook.com/groups/coedcaerdydd/,238,8,FALSE,"Bychan, Coed",Cardiff,False
Cardiff North,RHIWBINA MEMORIAL HALL AND COMMUNITY ASSOCIATION.,https://www.facebook.com/groups/631320680397737/,234,8,FALSE,Rhiwbina,Cardiff,False
Cardiff North,Cylch Meithrin yr Eglwys Newydd (Whitchurch),https://www.facebook.com/groups/120493628006402/,230,,FALSE,Yr Eglwys Newydd,Cardiff,False
Cardiff North,Benthyg Llandaff North & Gabalfa,https://www.facebook.com/groups/442784621934298/,226,8,FALSE,Gabalfa,Cardiff,False
Cardiff North,Carmyllie Forest & Farm,https://www.facebook.com/groups/569866769768446/,218,7,FALSE,Forest Farm,Cardiff,False
Cardiff North,Cardiff Language Exchange,https://www.facebook.com/groups/cardifflangex/,186,10,FALSE,"Bychan, Coed",Cardiff,False
Cardiff North,Old St Mellons Entertainers,https://www.facebook.com/groups/1636660526655835/,182,20,FALSE,Old St. Mellons,Cardiff,False
Cardiff North,Tuesday Open Mic/Jam - Three Horse Shoes Gabalfa CF14 1DL,https://www.facebook.com/groups/2526546054230769/,172,2,FALSE,Gabalfa,Cardiff,False
Cardiff North,Anchetti forest farm,https://www.facebook.com/groups/399521846769022/,171,,FALSE,Forest Farm,Cardiff,False
Cardiff North,The Forest Farm,https://www.facebook.com/groups/201586587194155/,168,,FALSE,Forest Farm,Cardiff,False
Cardiff North,Cardiff Conservation Volunteers,https://www.facebook.com/groups/cardiffconservationvolunteers/,168,8,FALSE,Llys-faen,Cardiff,False
Cardiff North,Supertots  Wraparound Childcare Pontprennau Primary School Cardiff,https://www.facebook.com/groups/567065783960199/,162,5,FALSE,Pontprennau/Old St. Mellons,Cardiff,False
Cardiff North,"Gabalfa, Llandaff and Mynachdy Re-gifting.",https://www.facebook.com/groups/644106154172808/,160,3,FALSE,Mynachdy,Cardiff,False
Cardiff North,Green Cardiff Wales,https://www.facebook.com/groups/1723772614524658/,155,10,FALSE,Greenmeadow,Cardiff,False
Cardiff North,Heath RAG fortnight 2013/2014,https://www.facebook.com/groups/1394519680789942/,152,,FALSE,Heath,Cardiff,False
Cardiff North,Hollybush Clay Pigeon Shoot,https://www.facebook.com/groups/252326221611234/,148,,FALSE,Hollybush Estate,Cardiff,False
Cardiff North,Greenmeadow Community Group,https://www.facebook.com/groups/871534798166662/,147,5,FALSE,Greenmeadow,Cardiff,False
Cardiff North,"Eglwys Dewi Sant, Caerdydd",https://www.facebook.com/groups/182599987308/,141,6,FALSE,Yr Eglwys Newydd,Cardiff,False
Cardiff North,Birchgrove and Surrounding Areas,https://www.facebook.com/groups/1018318653269775/,134,3,FALSE,Birchgrove,Swansea,False
Cardiff North,ST MELLONS CARDIFF,https://www.facebook.com/groups/16434317474/,124,6,FALSE,Old St. Mellons,Cardiff,False
Cardiff North,Old St Mellons Booty,https://www.facebook.com/groups/979389358738332/,113,8,FALSE,Old St. Mellons,Cardiff,False
Cardiff North,Birchgrove Primary School Cardiff,https://www.facebook.com/groups/2227937775/,99,3,FALSE,Birchgrove,Cardiff,False
Cardiff North,Canolfan Eglwys Newydd Aberdaron,https://www.facebook.com/groups/917462183201104/,71,10,FALSE,Yr Eglwys Newydd,Cardiff,False
Cardiff North,Community Forest Farm,https://www.facebook.com/groups/444780172235915/,57,,FALSE,Forest Farm,Cardiff,False
Cardiff North,Friends of Heath Sensory Garden,https://www.facebook.com/groups/heathsensorygarden/,57,,FALSE,Heath,Cardiff,False
Chipping Barnet,London Business Networking,https://www.facebook.com/groups/1128423793843432/,88000,10,FALSE,Outer London,Outer London,False
Chipping Barnet,Cruising Ducks,https://www.facebook.com/groups/CruisingDucks/,82000,9,FALSE,Essex,Essex,False
Chipping Barnet,🏠 London Apartments,https://www.facebook.com/groups/I1525/,80000,10,FALSE,Outer London,Outer London,False
Chipping Barnet,Indian Runner Ducks,https://www.facebook.com/groups/2226765199/,43000,4,FALSE,Ducks Island,Outer London,False
Chipping Barnet,Maldives Island Tourism,https://www.facebook.com/groups/1452125078360365/,39000,8,FALSE,Ducks Island,Outer London,False
Chipping Barnet,London Friendship 💋💋,https://www.facebook.com/groups/732155431427271/,31000,2,FALSE,Outer London,Outer London,False
Chipping Barnet,Classifieds East London (UK)! 🇬🇧,https://www.facebook.com/groups/3643595262355826/,30000,10,FALSE,Outer London,Outer London,False
Chipping Barnet,London Business Group Networking and Support,https://www.facebook.com/groups/229529380727988/,25000,10,FALSE,Outer London,Outer London,False
Chipping Barnet,ОБЯВИ - ЛОНДОН / BG - LONDON,https://www.facebook.com/groups/259690704928134/,23000,10,FALSE,Outer London,Outer London,False
Chipping Barnet,Advertising east london,https://www.facebook.com/groups/1386459128301645/,19000,10,FALSE,Outer London,Outer London,False
Chipping Barnet,"East London Rent Houses, Flats, Rooms",https://www.facebook.com/groups/I1201/,19000,7,FALSE,Outer London,Outer London,False
Chipping Barnet,London Entrepreneurs Network - United Kingdom,https://www.facebook.com/groups/londonentrepreneursnetworkmeetup/,19000,8,FALSE,Outer London,Outer London,False
Chipping Barnet,East London singles and dating,https://www.facebook.com/groups/132735348775409/,18000,3,FALSE,Outer London,Outer London,False
Chipping Barnet,East London Ontario Community Group,https://www.facebook.com/groups/1501531719930419/,18000,10,FALSE,Outer London,Outer London,False
Chipping Barnet,"Stirling - Help, Jobs & To Do",https://www.facebook.com/groups/392322712127401/,16000,10,FALSE,Stirling,Stirling,False
Chipping Barnet,"Harrow, Hillingdon, Brent & Barnet Residents Group",https://www.facebook.com/groups/harrowonlinepublic/,14000,6,FALSE,Outer London,Outer London,False
Chipping Barnet,Romani in Londra Brent Harrow Newham Barnet,https://www.facebook.com/groups/bazar.bihor1/,11000,10,FALSE,Brent,Outer London,False
Chipping Barnet,"Job Vacancies in North London, Enfield, Barnet & Haringey",https://www.facebook.com/groups/1648862522001241/,11000,4,FALSE,Outer London,Outer London,False
Chipping Barnet,"London , ( United Kingdom )",https://www.facebook.com/groups/1067707353302189/,9600,4,FALSE,Outer London,Outer London,False
Chipping Barnet,"Barnet, London - Rent Room House Flat Apartment Studio Roommate",https://www.facebook.com/groups/I7794/,6300,,FALSE,"Barnet, East",Outer London,False
Chipping Barnet,TOTTERIDGE & WHETSTONE - A TRIP DOWN MEMORY LANE,https://www.facebook.com/groups/1439945556261334/,5300,8,FALSE,Outer London,Outer London,False
Chipping Barnet,The WayOut Club London,https://www.facebook.com/groups/thewayoutclublondon/,4100,6,FALSE,Outer London,Outer London,False
Chipping Barnet,London Friends,https://www.facebook.com/groups/184622778027454/,3700,10,FALSE,Outer London,Outer London,False
Chipping Barnet,UNITED FREINDS LONDON UK,https://www.facebook.com/groups/1088230181279426/,3000,5,FALSE,Outer London,Outer London,False
Chipping Barnet,"Yoga Teachers North London, Enfield, Barnet",https://www.facebook.com/groups/yogaNL/,2400,8,FALSE,Barnet Gate,Outer London,False
Chipping Barnet,"London, Barnet - Rent Houses Flats Rooms Apartments Studios Cottages",https://www.facebook.com/groups/I1318/,2400,,FALSE,Barnet,Outer London,False
Chipping Barnet,Barnet Market,https://www.facebook.com/groups/249582802420680/,2200,8,FALSE,"Barnet, Friern",Outer London,False
Chipping Barnet,pazintys uk london,https://www.facebook.com/groups/265052173827407/,2100,6,FALSE,Outer London,Outer London,False
Chipping Barnet,London Colney Events & Business Listings,https://www.facebook.com/groups/londoncolneycevents/,1800,2,FALSE,Hertfordshire,Hertfordshire,False
Chipping Barnet,Single mums in London UK,https://www.facebook.com/groups/2103030803258230/,1800,3,FALSE,Outer London,Outer London,False
Chipping Barnet,"North London politics - Barnet, Enfield and Haringey",https://www.facebook.com/groups/northlondonpolitics/,1500,10,FALSE,Barnet Gate,Outer London,False
Chipping Barnet,East London parents,https://www.facebook.com/groups/182387250683669/,1400,8,FALSE,Outer London,Outer London,False
Chipping Barnet,Traveling ducks hide & seek find & keep,https://www.facebook.com/groups/352501675726390/,1300,8,FALSE,Ducks Island,Outer London,False
Chipping Barnet,Live Ducks,https://www.facebook.com/groups/102420525278/,1200,4,FALSE,Ducks Island,Outer London,False
Chipping Barnet,Save New Barnet,https://www.facebook.com/groups/18590613740/,1100,8,FALSE,"Barnet, New",Outer London,False
Chipping Barnet,Friends of Brunswick Park - Wednesbury,https://www.facebook.com/groups/511935809237498/,1100,8,FALSE,Brunswick Park,Outer London,False
Chipping Barnet,Barnet Muslims,https://www.facebook.com/groups/barnetmuslims/,1000,4,FALSE,"Barnet, New",Outer London,False
Chipping Barnet,Friern Barnet Library - Occupied and Liberated,https://www.facebook.com/groups/friernbarnetpeopleslibrary/,574,7,FALSE,"Barnet, Friern",Outer London,False
Chipping Barnet,Friern Barnet County School 1972/77,https://www.facebook.com/groups/294037807370686/,377,10,FALSE,Friern Barnet,Outer London,False
Chipping Barnet,Brunswick Nature Park Mountain Biking,https://www.facebook.com/groups/267729046933349/,342,9,FALSE,Brunswick Park,Outer London,False
Chipping Barnet,Cockfosters Football Club,https://www.facebook.com/groups/133846720088537/,300,8,FALSE,Cockfosters,Outer London,False
Chipping Barnet,London Loop,https://www.facebook.com/groups/177613299083241/,267,8,FALSE,Outer London,Outer London,False
Chipping Barnet,East Barnet Funfair by London Carnival Funfairs,https://www.facebook.com/groups/262831405548443/,256,4,FALSE,"Barnet, East",Outer London,False
Chipping Barnet,"БЪЛГАРИ В ЛОНДОН (Enfield,Southgate,Oakwood,Barnet,Wood Green...)",https://www.facebook.com/groups/397108646776809/,247,8,FALSE,Outer London,Outer London,False
Chipping Barnet,FBWRA - Friern Barnet & Whetstone Residents Association,https://www.facebook.com/groups/140190103513467/,229,4,FALSE,Friern Barnet,Outer London,False
Chipping Barnet,"Go Out in London: The Best Events, Club Nights, Parties+Discounted Tickets",https://www.facebook.com/groups/675774949195877/,190,,FALSE,Outer London,Outer London,False
Chipping Barnet,OSIDGE ARMS,https://www.facebook.com/groups/413345838778550/,185,4,FALSE,Osidge,Outer London,False
Chipping Barnet,"London Borough of Barnet Homeswap (Edgware, Colindale, Finchley, Hendon)",https://www.facebook.com/groups/2009291866101187/,142,2,FALSE,Inner London,Inner London,False
Chipping Barnet,British Tamil Athletic 2016 Outer London Orange House,https://www.facebook.com/groups/1527923764184260/,67,,FALSE,Grange,Outer London,False
Chipping Barnet,Woodside Park London neighborhood,https://www.facebook.com/groups/1436845737100456/,58,20,FALSE,Outer London,Outer London,False
Clacton,Friendly Home Education and Home Schooling HELP and Support UK,https://www.facebook.com/groups/994693681332418/,129000,10,FALSE,Homelands,Essex,False
Clacton,Clacton & District Local History Society,https://www.facebook.com/groups/clactonhistory/,20000,9,FALSE,Clacton North ED,Essex,True
Clacton,"Crimewatch Southend & Local Areas, Essex UK",https://www.facebook.com/groups/Crimewatch.SouthendAreasUK/,19000,10,FALSE,Essex,Essex,False
Clacton,Essex Events & Days Out,https://www.facebook.com/groups/707216346151104/,13000,10,FALSE,Essex,Essex,False
Clacton,PEOPLE OF CLACTON,https://www.facebook.com/groups/436826131246730/,10000,10,FALSE,Clacton East ED,Essex,True
Clacton,"Local business group in Southend area, Essex, UK",https://www.facebook.com/groups/localbusinesssouthend/,10000,10,FALSE,Essex,Essex,False
Clacton,Views of Walton on the Naze and Frinton on Sea,https://www.facebook.com/groups/939685086056195/,9600,3,FALSE,Essex,Essex,True
Clacton,"St James' School, Kolkata",https://www.facebook.com/groups/stjamesschoolkolkata/,8100,8,FALSE,St James,Kent,False
Clacton,St Osyth sales,https://www.facebook.com/groups/235828577281950/,8100,10,FALSE,St Osyth Heath,Essex,False
Clacton,"Housekeepers, Cooks, Au Pairs, Mother's Helps & Nannies UK",https://www.facebook.com/groups/ukhouseholdstaff/,7200,8,FALSE,Kirby-le-Soken & Hamford,Essex,False
Clacton,"St James' Street, Kemp Town & East Brighton Community",https://www.facebook.com/groups/StJamesStreetandKempTownCommunity/,5700,8,FALSE,Kent,Kent,False
Clacton,Rush green residents association,https://www.facebook.com/groups/890040647775754/,4900,10,FALSE,Rush Green,Hertfordshire,False
Clacton,Alresford (Essex) Community support,https://www.facebook.com/groups/526933468011257/,4900,5,FALSE,Essex,Essex,False
Clacton,Frinton talk,https://www.facebook.com/groups/346234914822413/,4500,10,FALSE,Frinton-on-Sea,Essex,False
Clacton,Clacton Pier Fishing,https://www.facebook.com/groups/476635047085911/,4300,8,FALSE,Pier,Essex,False
Clacton,Tendring and surrounding areas FREE GROUP!!!,https://www.facebook.com/groups/482695239036322/,4000,8,FALSE,Essex,Essex,True
Clacton,Jaywick Life,https://www.facebook.com/groups/1001697816642321/,3600,7,FALSE,Jaywick,Essex,True
Clacton,Alton UK Crime Prevention Group,https://www.facebook.com/groups/2115144682046741/,3400,8,FALSE,Suffolk,Suffolk,False
Clacton,Essex/London Horse Shares,https://www.facebook.com/groups/133842896794049/,3400,10,FALSE,Essex,Essex,False
Clacton,Walton Frinton Kirby clacton harwich,https://www.facebook.com/groups/WaltonFrintonKirbyClactonHarwich/,3100,10,FALSE,Essex,Essex,True
Clacton,Southend Pier,https://www.facebook.com/groups/101593576662906/,3000,5,FALSE,Pier,Essex,False
Clacton,Tendring and surrounding areas horse riders,https://www.facebook.com/groups/331425340813825/,2500,3,FALSE,"Tendring, unparished area",Essex,False
Clacton,Caravan for hire Essex clacton on sea private caravan,https://www.facebook.com/groups/1384966621728171/,2400,3,FALSE,Clacton North ED,Essex,True
Clacton,Memories of Frinton-on-Sea,https://www.facebook.com/groups/242358960846897/,2200,4,FALSE,Frinton-on-Sea,Essex,False
Clacton,Essex Events & Entertainment,https://www.facebook.com/groups/529353564715395/,2200,6,FALSE,Essex,Essex,False
Clacton,Thorpe Hamlet official  page,https://www.facebook.com/groups/321421016021/,1900,8,FALSE,Norfolk,Norfolk,False
Clacton,Essex Small Businesses & Trades (NO ITEM SALES),https://www.facebook.com/groups/327682034063090/,1800,10,FALSE,Essex,Essex,False
Clacton,East Peckham Guinea Pig Rescue,https://www.facebook.com/groups/Eastpeckhamguineapigrescue/,1600,6,FALSE,Pig Street,Essex,False
Clacton,Friends of The Ship Kirby Le Soken,https://www.facebook.com/groups/1651001935174993/,1600,8,FALSE,Kirby le Soken,Essex,False
Clacton,Encore Essex Events,https://www.facebook.com/groups/547965518557867/,1600,8,FALSE,Essex,Essex,False
Clacton,"Walton & Frinton, Bargains",https://www.facebook.com/groups/558623024180764/,1500,5,FALSE,Frinton and Walton,Essex,False
Clacton,"Live Music in Clacton, Colchester, Jaywick and surrounding Essex areas",https://www.facebook.com/groups/eldomusic/,1400,2,FALSE,Clacton West ED,Essex,False
Clacton,Frinton on Sea -  EVENTS,https://www.facebook.com/groups/365309102987320/,1300,8,FALSE,Frinton-on-Sea,Essex,True
Clacton,"Ipswich, Colchester, Bury St Edmunds, Felixstowe (Kent, Essex) skelbimai",https://www.facebook.com/groups/1300096883462157/,1200,4,FALSE,Essex,Essex,False
Clacton,Essex Business Group,https://www.facebook.com/groups/essexukbusinessgroup/,1200,7,FALSE,Essex,Essex,False
Clacton,Reform Cllr Bradley Thompson  For West Clacton And Jaywick Sands,https://www.facebook.com/groups/1215592569193256/,1100,8,FALSE,West Clacton & Jaywick Sands,Essex,False
Clacton,"""South Park junior School 70's""  Seven Kings Ilford Essex",https://www.facebook.com/groups/1394506984192202/,1000,2,FALSE,Burrsville Park,Essex,False
Clacton,"CrimeWatch Clacton, Essex, UK",https://www.facebook.com/groups/1546135679020151/,1000,5,FALSE,Clacton North ED,Essex,False
Clacton,"St Paul's Church, Covent Garden, London",https://www.facebook.com/groups/410639732281685/,987,8,FALSE,Inner London,Inner London,False
Clacton,Rural Essex house Exchange,https://www.facebook.com/groups/1402407967283871/,966,8,FALSE,Essex,Essex,False
Clacton,Let’s Save Ramsgate’s Eastcliff Bandstand and Make it Something Magical,https://www.facebook.com/groups/3355181144719470/,869,8,FALSE,Eastcliff,Essex,False
Clacton,Beaumont Texas Community Group,https://www.facebook.com/groups/1545439452673589/,859,10,FALSE,Beaumont,Essex,False
Clacton,"St Anselms School, Gyllgrove, Basildon, Essex",https://www.facebook.com/groups/6308983667/,825,4,FALSE,Essex,Essex,False
Clacton,Guinea Pigs For Rehoming in Staffordshire/Cheshire,https://www.facebook.com/groups/1828751934304423/,821,5,FALSE,Staffordshire,Staffordshire,False
Clacton,"St James Church, Twickenham",https://www.facebook.com/groups/103574636342782/,729,8,FALSE,St James,Essex,False
Clacton,Home Swappers / Exchange Essex Only,https://www.facebook.com/groups/369462124236369/,661,3,FALSE,Essex,Essex,False
Clacton,Good News Essex!,https://www.facebook.com/groups/GoodNewsEssex/,536,3,FALSE,Essex,Essex,False
Clacton,The Green Noticeboard - Far North.,https://www.facebook.com/groups/707722959326343/,488,3,FALSE,Far Thorpe Green,Essex,False
Clacton,Dedham Essex a great place to grow up let's share memories and pictures,https://www.facebook.com/groups/414400105370629/,464,10,FALSE,Essex,Essex,False
Clacton,bluehouse county junior school,https://www.facebook.com/groups/47981477827/,461,10,FALSE,Bluehouse,Essex,False
Clacton,Home Swaps In Clacton Essex,https://www.facebook.com/groups/124550227745460/,443,10,FALSE,Clacton East ED,Essex,False
Clacton,"Essex Street Projects - Lawrence, MA",https://www.facebook.com/groups/1429637693919980/,443,5,FALSE,Essex,Essex,False
Clacton,"Russian speaking in Southend-on-sea,Essex",https://www.facebook.com/groups/365491150290923/,436,2,FALSE,Holland-on-Sea,Essex,False
Clacton,Royal British Legion Clacton on Sea Essex,https://www.facebook.com/groups/134010316707801/,343,5,FALSE,Clacton West ED,Essex,False
Clacton,Friends of St Paul's Recreation Ground,https://www.facebook.com/groups/FriendsofStPaulsRec/,325,8,FALSE,St Paul's,Essex,False
Clacton,"Iphones And Ipads holland on sea, clacton, essex",https://www.facebook.com/groups/370866036347825/,321,6,FALSE,Holland-on-Sea,Essex,False
Clacton,THINGS FORSALE COLCHESTER-CLACTON-HARWICH ANYWHERE IN NORTH ESSEX,https://www.facebook.com/groups/194757633915535/,237,10,FALSE,Clacton North ED,Essex,False
Clacton,"Guinea Pig Advice & Support Group! (Bonding, Behaviour & Socialisation)",https://www.facebook.com/groups/892545205941447/,236,5,FALSE,Pig Street,Essex,False
Clacton,Whats On In Rural And Random Essex,https://www.facebook.com/groups/599548273448261/,236,8,FALSE,Essex,Essex,False
Clacton,Essex Country Park Hacking Group,https://www.facebook.com/groups/1799365466981222/,224,4,FALSE,Burrsville Park,Essex,False
Clacton,"North Essex Services & Trades - Clacton, Colchester, Tendring, Chelmsford",https://www.facebook.com/groups/1759432324288771/,224,10,FALSE,Essex,Essex,False
Clacton,West Clacton And Jaywick Sands Litter Pickers,https://www.facebook.com/groups/881066445878340/,217,6,FALSE,West Clacton & Jaywick Sands,Essex,False
Clacton,The Essex Green,https://www.facebook.com/groups/2366692243/,196,,FALSE,Essex,Essex,False
Clacton,East London & Essex Property,https://www.facebook.com/groups/627903544234100/,167,8,FALSE,Essex,Essex,False
Clacton,Woodturning (and all things wood) - Tendring Essex,https://www.facebook.com/groups/259390319442067/,165,2,FALSE,Tendring Green,Essex,False
Clacton,Rush Green Local Business Support ❤️,https://www.facebook.com/groups/2814204171976039/,159,5,FALSE,Rush Green,Hertfordshire,False
Clacton,"It All Happens In Clacton, Essex",https://www.facebook.com/groups/1645784712907967/,141,3,FALSE,Great Clacton,Essex,True
Clacton,St James Little Lambs new barnet,https://www.facebook.com/groups/142752182984472/,130,2,FALSE,St James,Essex,False
Clacton,Historic Essex Street Neighborhood Association,https://www.facebook.com/groups/1981966878739204/,124,2,FALSE,Essex,Essex,False
Clacton,Cann Hall Masjid (1139523),https://www.facebook.com/groups/137513452944741/,119,,FALSE,Cann Hall,Inner London,False
Clacton,I went to Rush Green Junior/Infant school!,https://www.facebook.com/groups/2395723484/,117,10,FALSE,Rush Green,Hertfordshire,False
Clacton,spotted in great clacton,https://www.facebook.com/groups/650811643813408/,104,8,FALSE,Great Clacton,Essex,False
Clacton,EASTCLIFF GARAGE LTD,https://www.facebook.com/groups/780322232038019/,100,,FALSE,Eastcliff,Essex,False
Clacton,"Clacton-On-Sea,Holland on Sea,Jaywick- lost found pets- Essex U",https://www.facebook.com/groups/797736957019824/,100,2,FALSE,Holland on Sea,Essex,False
Clacton,Essex Companies/Businesses,https://www.facebook.com/groups/623369024496245/,96,3,FALSE,Coppins,Essex,False
Clacton,Selborne Park Residents Alton,https://www.facebook.com/groups/2061693267373450/,68,2,FALSE,Alton Park,Essex,False
Clacton,Alton Park Youth League,https://www.facebook.com/groups/278708411037/,62,,FALSE,Alton Park,Essex,False
Clacton,St Paul's Yr 11 leavers 1995,https://www.facebook.com/groups/294275090690765/,61,10,FALSE,St Paul's,Essex,False
Clacton,The Walton & Frinton Chin-Wagger's Network.,https://www.facebook.com/groups/2403857176538770/,57,10,FALSE,Frinton and Walton ED,Essex,False
Holborn and St Pancras,The Gospel Music History Group,https://www.facebook.com/groups/GospelHistory/,85000,4,FALSE,Gospel Oak,Inner London,False
Holborn and St Pancras,Only in London Group,https://www.facebook.com/groups/onlyinlondongroup/,24000,,FALSE,Outer London,Outer London,False
Holborn and St Pancras,London Travel Tips,https://www.facebook.com/groups/londontraveltip/,18000,8,FALSE,Inner London,Inner London,False
Holborn and St Pancras,Caterham on the Hill,https://www.facebook.com/groups/1226971367343668/,17000,10,FALSE,Surrey,Surrey,False
Holborn and St Pancras,GOSPEL MUSIC PROMOTERS INTERNATIONAL,https://www.facebook.com/groups/gospelmusicpromoters/,12000,10,FALSE,Gospel Oak,Inner London,False
Holborn and St Pancras,Gospel Promo,https://www.facebook.com/groups/gospelpromo/,12000,10,FALSE,Gospel Oak,Inner London,False
Holborn and St Pancras,Gospel Evolution,https://www.facebook.com/groups/215504935184919/,9600,7,FALSE,"Oak, Gospel",Inner London,False
Holborn and St Pancras,SAFFRON HILLS Duhat Bocaue Bulacan Friends and Neighborhood,https://www.facebook.com/groups/508725847597039/,6800,10,FALSE,Saffron Hill,Inner London,False
Holborn and St Pancras,Londoners,https://www.facebook.com/groups/2172083129696739/,5000,10,FALSE,Inner London,Inner London,False
Holborn and St Pancras,"Louth Park, East Maitland, Ashtonfield Community Group",https://www.facebook.com/groups/490379789556592/,4200,10,FALSE,Maitland Park,Inner London,False
Holborn and St Pancras,"Camden Town, London - Rent Apartment House Flat Studio Room Roommate",https://www.facebook.com/groups/I8868/,4100,,FALSE,Inner London,Inner London,False
Holborn and St Pancras,"Kentish Town, London - Rent Apartment House Flat Studio Room Roommate",https://www.facebook.com/groups/I6037/,3600,,FALSE,Inner London,Inner London,False
Holborn and St Pancras,The Official London Community Gospel Choir Group,https://www.facebook.com/groups/londoncommunitygospelchoir/,2800,10,FALSE,"Oak, Gospel",Inner London,False
Holborn and St Pancras,Devon's Dartmouth & District,https://www.facebook.com/groups/6957040884373818/,2500,8,FALSE,Devon,Devon,False
Holborn and St Pancras,"Our Kentish Town: NW5 news, views, photos and nostalgia",https://www.facebook.com/groups/798808516992593/,2100,2,FALSE,Kent,Kent,False
Holborn and St Pancras,The Primrose Hill Old School Society,https://www.facebook.com/groups/63225613054/,2000,8,FALSE,Primrose Hill,Inner London,False
Holborn and St Pancras,(TLD) Creative Christians (Gospel Artists Singers Rappers Actors Writers),https://www.facebook.com/groups/1008608785925578/,1800,8,FALSE,"Oak, Gospel",Inner London,False
Holborn and St Pancras,"Thoughts on Dartmouth Park, Morley",https://www.facebook.com/groups/115319848810075/,1100,8,FALSE,Dartmouth Park,Inner London,False
Holborn and St Pancras,Transition Town Brixton,https://www.facebook.com/groups/transitiontownbrixton/,1100,8,FALSE,Inner London,Inner London,False
Holborn and St Pancras,Primrose/Hill Community (Germiston),https://www.facebook.com/groups/306770833816839/,1000,6,FALSE,Primrose Hill,Derbyshire,False
Holborn and St Pancras,Chabad Lubavitch of Bloomsbury - Central London,https://www.facebook.com/groups/2321214257/,994,,FALSE,Bloomsbury,Inner London,False
Holborn and St Pancras,"St Paul's Church, Covent Garden, London",https://www.facebook.com/groups/410639732281685/,987,8,FALSE,Inner London,Inner London,False
Holborn and St Pancras,LONDON GOSPEL,https://www.facebook.com/groups/269042129900046/,936,7,FALSE,"Oak, Gospel",Inner London,False
Holborn and St Pancras,GOSPEL MUSIC HUB 🎧🎧🎧🎧 🎤🎬🎹🎹🎹🎼🎻,https://www.facebook.com/groups/231116609588408/,869,8,FALSE,"Oak, Gospel",Inner London,False
Holborn and St Pancras,Transition Kentish Town,https://www.facebook.com/groups/151198871637367/,733,5,FALSE,Kentish Town,Inner London,False
Holborn and St Pancras,Poundstretcher Kentish town- London,https://www.facebook.com/groups/1083150795874094/,732,8,FALSE,Kent,Kent,False
Holborn and St Pancras,Primrose Hill,https://www.facebook.com/groups/primrosehillcommunity/,726,2,FALSE,Primrose Hill,South Yorkshire,False
Holborn and St Pancras,BELL SCHOOL SAFFRON WALDEN....ONCE UPON A TIME,https://www.facebook.com/groups/52622366932/,621,5,FALSE,Inner London,Inner London,False
Holborn and St Pancras,London Gospel Community (LGC),https://www.facebook.com/groups/136599576530737/,540,6,FALSE,"Oak, Gospel",Inner London,False
Holborn and St Pancras,Kentish Town Church of England Primary School,https://www.facebook.com/groups/2408836224/,446,6,FALSE,Kentish Town,Inner London,False
Holborn and St Pancras,The Old St Pancras Sessions,https://www.facebook.com/groups/TheOldStPancrasSessions/,413,,FALSE,St Pancras,Inner London,False
Holborn and St Pancras,St Pancras Cruising Club -  London,https://www.facebook.com/groups/httpswww.stpancrascc.co.uk/,351,4,FALSE,St Pancras and Somers Town,Inner London,False
Holborn and St Pancras,Camden Town Set Dancing,https://www.facebook.com/groups/1048299338625741/,331,2,FALSE,Camden Town with Primrose Hill,Inner London,False
Holborn and St Pancras,Parliament Hill School for Girls friends,https://www.facebook.com/groups/1713148602276352/,326,,FALSE,Parliament Hill,Inner London,False
Holborn and St Pancras,Haverstock Fencing Club Members and Friends,https://www.facebook.com/groups/haverstock/,322,4,FALSE,Haverstock,Inner London,False
Holborn and St Pancras,Christians in London!,https://www.facebook.com/groups/9772921799/,321,8,FALSE,Chapel End,Inner London,False
Holborn and St Pancras,Primrose Hill Secondary School friends,https://www.facebook.com/groups/729332933836523/,280,10,FALSE,Primrose Hill,South Yorkshire,False
Holborn and St Pancras,Bloomsbury Fightback!,https://www.facebook.com/groups/103427909738399/,277,7,FALSE,Bloomsbury,Inner London,False
Holborn and St Pancras,BLOOMSBURY BEAUTY,https://www.facebook.com/groups/22895574283/,260,10,FALSE,Bloomsbury,Inner London,False
Holborn and St Pancras,Gospel Events in London Universities,https://www.facebook.com/groups/1470086133256179/,235,4,FALSE,Inner London,Inner London,False
Holborn and St Pancras,Primrose Hill - London's Magic Village,https://www.facebook.com/groups/370704356847813/,213,,FALSE,Camden Town with Primrose Hill,Inner London,False
Holborn and St Pancras,Holborn BSAC,https://www.facebook.com/groups/holbornscuba/,204,2,FALSE,Holborn and Covent Garden,Inner London,False
Holborn and St Pancras,Zoom Records Camden Town London 1989-97,https://www.facebook.com/groups/62000099324/,202,2,FALSE,Camden Town,Inner London,False
Holborn and St Pancras,Kentish Town Square Festival,https://www.facebook.com/groups/202658401877610/,171,,FALSE,Kentish Town,Inner London,False
Holborn and St Pancras,Camden Community,https://www.facebook.com/groups/camdencommunity/,166,8,FALSE,Camden Town,Inner London,False
Holborn and St Pancras,St Alban's Holborn,https://www.facebook.com/groups/13405743342/,144,,FALSE,Holborn,Inner London,False
Holborn and St Pancras,Holborn Runners,https://www.facebook.com/groups/474579149284797/,120,,FALSE,Holborn and Covent Garden,Inner London,False
Holborn and St Pancras,Haverstock Training Camp,https://www.facebook.com/groups/HaverstockTrainingCamp/,119,2,FALSE,Haverstock,Inner London,False
Holborn and St Pancras,Lincoln's Inn BPTC Student Group 2013/14,https://www.facebook.com/groups/213443052166678/,112,,FALSE,Lincoln's Inn,Inner London,False
Holborn and St Pancras,Primrose Hill Choir,https://www.facebook.com/groups/320225724739624/,105,9,FALSE,Primrose Hill,Inner London,False
Holborn and St Pancras,Bloomsbury Chamber Orchestra,https://www.facebook.com/groups/50856822615/,102,,FALSE,Bloomsbury,Inner London,False
Holborn and St Pancras,Summer in Somers Town,https://www.facebook.com/groups/1890620137926474/,102,,FALSE,Somers Town,Inner London,False
Holborn and St Pancras,Old St Pancras Scouts,https://www.facebook.com/groups/234529385556/,99,,FALSE,St Pancras,Inner London,False
Holborn and St Pancras,Covent Garden Restaurants,https://www.facebook.com/groups/6625046862/,91,,FALSE,Holborn and Covent Garden,Inner London,False
Holborn and St Pancras,HIGH HOLBORN LONDON SCHOOL OF ECONOMICS (LSE) 2013 - 2014,https://www.facebook.com/groups/174599992662282/,83,,FALSE,Holborn and Covent Garden,Inner London,False
Holborn and St Pancras,London School of Economics High Holborn Halls 2011-2012,https://www.facebook.com/groups/159653364111546/,78,,FALSE,Holborn,Inner London,False
Holborn and St Pancras,Home Grown Vegetable Gardening London UK,https://www.facebook.com/groups/750644482429242/,77,7,FALSE,Inner London,Inner London,False
Holborn and St Pancras,LONDON AFRICAN GOSPEL CHOIR,https://www.facebook.com/groups/348805899832/,73,,FALSE,Gospel Oak,Inner London,False
Holborn and St Pancras,ST. GILES INTERNATIONAL SCHOOL - LONDON (YEARS 2009-2010),https://www.facebook.com/groups/249573108426728/,65,,FALSE,St Giles,Inner London,False
Holborn and St Pancras,COVENT GARDEN st,https://www.facebook.com/groups/2228788794/,57,6,FALSE,Covent Garden,Inner London,False
Holborn and St Pancras,Grays Inn Road Team,https://www.facebook.com/groups/267811183346321/,55,,FALSE,Gray's Inn Road,Inner London,False
Knowsley,"The Re-Makers - Use More, Waste Less!",https://www.facebook.com/groups/theremakers/,203000,4,FALSE,Little Briton,Merseyside,False
Knowsley,Whitefield & Prestwich Notice Board,https://www.facebook.com/groups/371435280828424/,28000,10,FALSE,Merseyside,Merseyside,False
Knowsley,Liverpool Pubs (Merseyside),https://www.facebook.com/groups/liverpoolpubs/,19000,2,FALSE,Merseyside,Merseyside,False
Knowsley,MERSEYSIDE/ LIVERPOOL WIRRAL  PETS UK lost found stolen,https://www.facebook.com/groups/1486756084909825/,13000,10,FALSE,"Briton, Little",Merseyside,False
Knowsley,4Jobseekers | Liverpool Southport St Helens & Merseyside Jobs & Vacancies,https://www.facebook.com/groups/4jobseekers.merseyside/,12000,10,FALSE,Merseyside,Merseyside,False
Knowsley,Shevy News,https://www.facebook.com/groups/1218512654848279/,12000,10,FALSE,Greater Manchester,Greater Manchester,False
Knowsley,Jobs merseyside,https://www.facebook.com/groups/203779253084403/,9200,10,FALSE,Merseyside,Merseyside,False
Knowsley,Railways in and Around Merseyside.,https://www.facebook.com/groups/860583161503978/,8600,3,FALSE,Merseyside,Merseyside,False
Knowsley,"Whats On Merseyside, Ormskirk, Skelmersdale, Southport & Surrounding Areas",https://www.facebook.com/groups/165109407030747/,6800,10,FALSE,Merseyside,Merseyside,False
Knowsley,Around Kirkby Lonsdale,https://www.facebook.com/groups/aroundkirkbylonsdale/,6600,10,FALSE,Cumbria,Cumbria,False
Knowsley,"Kirkby in Ashfield people, places & events.",https://www.facebook.com/groups/1728311444047966/,6400,10,FALSE,Nottinghamshire,Nottinghamshire,False
Knowsley,Whiston Chat,https://www.facebook.com/groups/7135259966591998/,6100,7,FALSE,South Yorkshire,South Yorkshire,False
Knowsley,Support Local Business Liverpool-Sefton-Knowsley,https://www.facebook.com/groups/supportlocalbusines/,6000,10,FALSE,"Knowsley, unparished area",Merseyside,False
Knowsley,"Athersley, New Lodge, Smithies - St Helens Community",https://www.facebook.com/groups/1397219377748715/,5800,10,FALSE,Horn Smithies,Merseyside,False
Knowsley,Merseyside Music,https://www.facebook.com/groups/nowmusicuk/,5700,10,FALSE,Merseyside,Merseyside,False
Knowsley,prescot chat,https://www.facebook.com/groups/557919232703414/,5500,10,FALSE,Prescot North,Merseyside,False
Knowsley,"Blackpool, Fylde & Wyre Everything",https://www.facebook.com/groups/1112495789728212/,5400,10,FALSE,Blackpool,Blackpool,False
Knowsley,"House/Apartment/Flat/Rooms for rent in Liverpool,Wirral - Merseyside,UK",https://www.facebook.com/groups/Liverpool.Room/,5400,3,FALSE,Merseyside,Merseyside,False
Knowsley,Shop Local Merseyside,https://www.facebook.com/groups/198589573510707/,3600,4,FALSE,Merseyside,Merseyside,False
Knowsley,Thingwall Pensby Heswall local Businesses,https://www.facebook.com/groups/603662343408083/,3400,6,FALSE,Merseyside,Merseyside,False
Knowsley,Birches Head & Northwood Community Group,https://www.facebook.com/groups/birchesheadnorthwood/,3300,10,FALSE,Merseyside,Merseyside,False
Knowsley,"St Aloysius, Huyton, Liverpool",https://www.facebook.com/groups/16578187709/,2800,8,FALSE,Huyton Farm,Merseyside,False
Knowsley,Blackpool Businesses & Community Page.,https://www.facebook.com/groups/971848873405039/,2800,9,FALSE,Blackpool,Blackpool,False
Knowsley,Knowsley Higherside Comprehensive Whiston Merseyside,https://www.facebook.com/groups/32069540536/,2600,2,FALSE,Merseyside,Merseyside,False
Knowsley,"Lymm, Grappenhall, Stockton Heath Local Business Group",https://www.facebook.com/groups/2725893727547135/,2500,3,FALSE,Staffordshire,Staffordshire,False
Knowsley,Merseyside Bands & Musicians Reunited,https://www.facebook.com/groups/174421137478099/,2300,8,FALSE,Merseyside,Merseyside,False
Knowsley,St Gabriel's Secondary School Alumni Singapore,https://www.facebook.com/groups/151637898241650/,2100,3,FALSE,St Gabriels,Merseyside,False
Knowsley,St. Gabriel's Primary School,https://www.facebook.com/groups/35791642957/,1800,8,FALSE,St Gabriels,Merseyside,False
Knowsley,Bowbrook & Bicton Heath Matters,https://www.facebook.com/groups/bictonheath/,1800,3,FALSE,Shropshire,Shropshire,False
Knowsley,"Save Court Hey Park, Court Hey Wildflowers and Community Assets",https://www.facebook.com/groups/1245507392184876/,1500,3,FALSE,Court Hey,Merseyside,False
Knowsley,Remembering Huyton Bungalows ❤️,https://www.facebook.com/groups/985447028223749/,1500,6,FALSE,Huyton Quarry,Merseyside,False
Knowsley,Merseyside Gundog Club,https://www.facebook.com/groups/677814625579043/,1500,8,FALSE,Dog and Gun,Merseyside,False
Knowsley,Whiston (Merseyside) Community Group,https://www.facebook.com/groups/2199320396920786/,1500,,FALSE,Whiston and Cronton,Merseyside,False
Knowsley,"Romani in Liverpool, Kirkby",https://www.facebook.com/groups/237939924928830/,1300,5,FALSE,Kirkby Park,Merseyside,False
Knowsley,POLSKA SPOŁECZNOŚĆ LIVERPOOL MERSEYSIDE OGLOSZENIA  UK ©,https://www.facebook.com/groups/2163106263957757/,1300,8,FALSE,Merseyside,Merseyside,False
Knowsley,"Longview Secondary Modern, Huyton Liverpool",https://www.facebook.com/groups/longviewschool/,1200,8,FALSE,Longview,Merseyside,False
Knowsley,Prestwich & Whitefield Professional Networking,https://www.facebook.com/groups/2824340497622422/,1200,8,FALSE,Whitefield,Greater Manchester,False
Knowsley,PARK CHRISTMAS SAVINGS 2024,https://www.facebook.com/groups/161722958560938/,1200,8,FALSE,Merseyside,Merseyside,False
Knowsley,Dovecot/Knotty Ash and Surrounding Areas,https://www.facebook.com/groups/199343855444719/,1100,9,FALSE,Dovecot,Merseyside,False
Knowsley,"St. Michael's, Garston",https://www.facebook.com/groups/stmichaelsgarston/,955,8,FALSE,St Michaels,Merseyside,False
Knowsley,"woodchurch, merseyside  community no restrictions",https://www.facebook.com/groups/717311316646551/,950,6,FALSE,Merseyside,Merseyside,False
Knowsley,Jubilee Park Community Group - Knowsley - L36 2NW,https://www.facebook.com/groups/1576864426162253/,866,8,FALSE,Knowsley Park,Merseyside,False
Knowsley,St Michael's Catholic College Leeds,https://www.facebook.com/groups/143923179275/,831,8,FALSE,St Michaels,Kent,False
Knowsley,Thingwall & surrounding areas,https://www.facebook.com/groups/460836558932676/,829,10,FALSE,Thingwall,Merseyside,False
Knowsley,"House/Apt/Flat/Room for rent in Knowsley,St. Helens,Sefton - Merseyside,UK",https://www.facebook.com/groups/SeftonsRoomForRen/,637,7,FALSE,Merseyside,Merseyside,False
Knowsley,Merseyside business group,https://www.facebook.com/groups/Merseysidebusinessgroup/,617,4,FALSE,Merseyside,Merseyside,False
Knowsley,Whitefield & Unsworth Community Action Network,https://www.facebook.com/groups/471459704197214/,507,7,FALSE,Whitefield,Merseyside,False
Knowsley,Polacy w Huyton i Stockbridge Village,https://www.facebook.com/groups/170225880984176/,433,8,FALSE,Stockbridge Village,Merseyside,False
Knowsley,Court Hey Park Community 🌳,https://www.facebook.com/groups/679256344294330/,379,6,FALSE,Court Hey,Merseyside,False
Knowsley,St Gabriel's High School,https://www.facebook.com/groups/652142911525726/,331,2,FALSE,St Gabriels,Merseyside,False
Knowsley,Shop Local Merseyside,https://www.facebook.com/groups/1134100118246226/,309,8,FALSE,Merseyside,Merseyside,False
Knowsley,Westvale Community,https://www.facebook.com/groups/404541778265690/,263,3,FALSE,Westvale,Merseyside,False
Knowsley,Stockbridge Village Tenants’ Association Forum,https://www.facebook.com/groups/2329631233847135/,253,8,FALSE,Stockbridge,Merseyside,False
Knowsley,"Help Find Juno, Prescot, Merseyside",https://www.facebook.com/groups/411130007908873/,250,2,FALSE,Prescot North,Merseyside,False
Knowsley,"Stockbridge Village Medical Centre Complaints Group | Get Heard, Be Seen!",https://www.facebook.com/groups/stockbridgevillagemedicalcentre/,188,10,FALSE,Stockbridge Village,Merseyside,False
Knowsley,KIRKBY residents against Cherryfield Drive  BARRATS Development,https://www.facebook.com/groups/224431686781619/,168,10,FALSE,Cherryfield,Merseyside,False
Knowsley,Cronton Community Centre,https://www.facebook.com/groups/830156651990736/,167,2,FALSE,Whiston and Cronton,Merseyside,False
Knowsley,Huyton Park Connie club,https://www.facebook.com/groups/903410950266216/,163,2,FALSE,Huyton Park,Merseyside,False
Knowsley,Northwood News,https://www.facebook.com/groups/677045633340558/,151,10,FALSE,Northwood,Staffordshire,False
Knowsley,Party supplies merseyside uk,https://www.facebook.com/groups/7569028829796262/,149,8,FALSE,Little Briton,Merseyside,False
Knowsley,St. Gabriel's Green Party,https://www.facebook.com/groups/689830518599654/,131,4,FALSE,St Gabriels,Merseyside,False
Knowsley,Stockbridge Village Anti Loo Roll Brigade,https://www.facebook.com/groups/2589370361201735/,124,,FALSE,Stockbridge Village,Merseyside,False
Knowsley,Pensby & Thingwall matters,https://www.facebook.com/groups/384672927615058/,111,6,FALSE,Merseyside,Merseyside,False
Knowsley,St. Gabriel's School - North Side,https://www.facebook.com/groups/142072792480243/,81,6,FALSE,St Gabriels,Merseyside,False
Knowsley,Bowring Park Dog Park,https://www.facebook.com/groups/1835621183308157/,67,10,FALSE,Bowring Park,Merseyside,False
Lincoln,parking like a twat in Lincolnshire,https://www.facebook.com/groups/877238672300043/,53000,8,FALSE,Lincolnshire,Lincolnshire,False
Lincoln,Lincolnite Breaking News,https://www.facebook.com/groups/lincolnitebreakingnews/,16000,8,FALSE,Lincolnshire,Lincolnshire,False
Lincoln,Jobs In Boston UK And All Lincolnshire Area’s,https://www.facebook.com/groups/1272689629531413/,15000,8,FALSE,Lincolnshire,Lincolnshire,False
Lincoln,Jobs in Lincolnshire [UK],https://www.facebook.com/groups/BostonUKJ/,12000,8,FALSE,Lincolnshire,Lincolnshire,False
Lincoln,Lincolnshire smallholders,https://www.facebook.com/groups/372067039486665/,12000,10,FALSE,Lincolnshire,Lincolnshire,False
Lincoln,BOSTON LINCOLNSHIRE MARKET,https://www.facebook.com/groups/213026902229401/,9600,10,FALSE,Lincolnshire,Lincolnshire,False
Lincoln,Society for Lincolnshire History and Archaeology,https://www.facebook.com/groups/560219713992553/,7000,6,FALSE,Lincolnshire,Lincolnshire,False
Lincoln,House exchanges within the lincolnshire area,https://www.facebook.com/groups/586259554726043/,6500,10,FALSE,Lincolnshire,Lincolnshire,False
Lincoln,Things to do with kids/ with the kids - Lincolnshire,https://www.facebook.com/groups/246187162501911/,5500,8,FALSE,Lincolnshire,Lincolnshire,False
Lincoln,"Heighington, Washingborough & Branston Community - BUSINESS POSTS ALLOWED",https://www.facebook.com/groups/1509545226128074/,4200,10,FALSE,Lincolnshire,Lincolnshire,False
Lincoln,All things Louth (Lincolnshire),https://www.facebook.com/groups/384164931021683/,3400,10,FALSE,Lincolnshire,Lincolnshire,False
Lincoln,Events with Stallholders in South Lincolnshire,https://www.facebook.com/groups/EventsAndStallholdersInSouthLincs/,2500,4,FALSE,Lincolnshire,Lincolnshire,False
Lincoln,LAND FOR RENT IN LINCOLNSHIRE.,https://www.facebook.com/groups/327324314026467/,2500,8,FALSE,Lincolnshire,Lincolnshire,False
Lincoln,Job in Lincolnshire,https://www.facebook.com/groups/648068425942008/,2400,4,FALSE,Lincolnshire,Lincolnshire,False
Lincoln,"Jobs in Lincolnshire - Lincoln, Gainsborough, Grimsby, Boston & surrounding",https://www.facebook.com/groups/jobinlincolnshire/,2000,3,FALSE,Lincolnshire,Lincolnshire,False
Lincoln,Fans of Lincolnshire Wildlife Park,https://www.facebook.com/groups/2391086047789518/,1700,8,FALSE,Lincolnshire,Lincolnshire,False
Lincoln,Jobs for Boston in Lincolnshire Uk,https://www.facebook.com/groups/1689411101282373/,1300,4,FALSE,Lincolnshire,Lincolnshire,False
Lincoln,Businesses in Lincolnshire,https://www.facebook.com/groups/Businesses.Linconshire/,1200,10,FALSE,Lincolnshire,Lincolnshire,False
Lincoln,Businesses and Tradesmen in Lincolnshire,https://www.facebook.com/groups/386751144679173/,1100,5,FALSE,Lincolnshire,Lincolnshire,False
Lincoln,"Graves Park Social Club, Kirton, Lincolnshire",https://www.facebook.com/groups/553833051491074/,1000,8,FALSE,Lincolnshire,Lincolnshire,False
Lincoln,Lincolnshire Sales,https://www.facebook.com/groups/820188378607194/,974,10,FALSE,Lincolnshire,Lincolnshire,False
Lincoln,South Lincolnshire Businesses and Events,https://www.facebook.com/groups/southlincsbusinesses/,913,8,FALSE,Lincolnshire,Lincolnshire,False
Lincoln,Washingborough Community Group,https://www.facebook.com/groups/672624846739346/,898,2,FALSE,Heighington and Washingborough,Lincolnshire,False
Lincoln,Family Fun In Lincolnshire,https://www.facebook.com/groups/509259175951140/,884,8,FALSE,Lincolnshire,Lincolnshire,False
Lincoln,"Birchwood Chat, No Rules",https://www.facebook.com/groups/1618244375135622/,877,2,FALSE,Warrington,Warrington,False
Lincoln,The Lincolnshire Nails & Beauty Community,https://www.facebook.com/groups/8056818564337464/,730,6,FALSE,Lincolnshire,Lincolnshire,False
Lincoln,Birchwood Community and Chat,https://www.facebook.com/groups/883353925393185/,680,,FALSE,Warrington,Warrington,False
Lincoln,Friends of Lincoln Minster School (FoLMS),https://www.facebook.com/groups/FriendsOfLMS/,459,20,FALSE,Minster,Lincolnshire,False
Lincoln,Lost & Found Dogs & Cats Burton Stather & villages in N. LINCOLNSHIRE 🐾,https://www.facebook.com/groups/754455121376580/,338,8,FALSE,Lincolnshire,Lincolnshire,False
Lincoln,"Jobs in Boston, Lincolnshire",https://www.facebook.com/groups/jobmoveinboston/,256,2,FALSE,Lincolnshire,Lincolnshire,False
Lincoln,Old Aquilians (Glebe House),https://www.facebook.com/groups/OldAquiliansGlebeHouseSchool/,251,20,FALSE,Glebe,Lincolnshire,False
Lincoln,spotted in boston lincolnshire,https://www.facebook.com/groups/621779774565558/,203,,FALSE,Lincolnshire,Lincolnshire,False
Lincoln,Ukrainian in Lincoln Lincolnshire,https://www.facebook.com/groups/780849299709575/,199,2,FALSE,"Lincoln, unparished area",Lincolnshire,False
Lincoln,St Catherine’s Breakwater User Group (Jersey),https://www.facebook.com/groups/952670888420926/,195,8,FALSE,St. Catherine's,Surrey,False
Lincoln,Moulton Park Lincolnshire,https://www.facebook.com/groups/1208122537648791/,173,,FALSE,Lincolnshire,Lincolnshire,False
Lincoln,Scarholme Cleveland Bays,https://www.facebook.com/groups/354799502901425/,156,8,FALSE,Carholme,Lincolnshire,False
Lincoln,"Deerfield, Northbook, Glenview, Highland Park, Bannockburn, Lincolnshire",https://www.facebook.com/groups/deerfield/,138,5,FALSE,Lincolnshire,Lincolnshire,False
Lincoln,Classifieds Lincolnshire,https://www.facebook.com/groups/179188280710725/,108,10,FALSE,Lincolnshire,Lincolnshire,False
Lincoln,break at the lakes tattershall lakes county park lincolnshire,https://www.facebook.com/groups/2577603365852851/,81,,FALSE,Lincolnshire,Lincolnshire,False
Livingston,East Lothian People,https://www.facebook.com/groups/331829747413519/,20000,10,FALSE,East Lothian,East Lothian,False
Livingston,What's on in East Lothian,https://www.facebook.com/groups/261133503933893/,19000,9,FALSE,East Lothian,East Lothian,False
Livingston,WEST LOTHIAN HISTORY HUB,https://www.facebook.com/groups/252082018200221/,10000,8,FALSE,West Lothian,West Lothian,False
Livingston,Bridgend Town News and Business,https://www.facebook.com/groups/bridgendbusiness/,9000,10,FALSE,Bridgend,Bridgend,False
Livingston,West Lothian Events,https://www.facebook.com/groups/westlothianevents/,8000,8,FALSE,West Lothian,West Lothian,False
Livingston,Free for all west lothian,https://www.facebook.com/groups/286477201491644/,7100,8,FALSE,West Lothian,West Lothian,False
Livingston,Explore West Lothian,https://www.facebook.com/groups/740814693286625/,5300,10,FALSE,West Lothian,West Lothian,False
Livingston,West Lothian Businesses,https://www.facebook.com/groups/755879967878044/,5200,10,FALSE,West Lothian,West Lothian,False
Livingston,Jobs In West Lothian,https://www.facebook.com/groups/341310236012772/,4900,2,FALSE,Addiewell,West Lothian,False
Livingston,All About West Lothian,https://www.facebook.com/groups/westlothiannews/,4200,5,FALSE,West Lothian,West Lothian,False
Livingston,Helping people in need West Lothian,https://www.facebook.com/groups/1386763985386172/,3600,2,FALSE,West Lothian,West Lothian,False
Livingston,West Lothian Businesses & Services,https://www.facebook.com/groups/901339126611621/,2200,10,FALSE,West Lothian,West Lothian,False
Livingston,West Lothian Business Page,https://www.facebook.com/groups/206791713252318/,2100,10,FALSE,West Lothian,West Lothian,False
Livingston,East Calder and District Community Council,https://www.facebook.com/groups/433296233535426/,1900,8,FALSE,East Calder,West Lothian,False
Livingston,West Lothian People's free advertising / local information,https://www.facebook.com/groups/616142385503211/,1800,10,FALSE,West Lothian,West Lothian,False
Livingston,West Lothian Billboard.,https://www.facebook.com/groups/517361983819907/,1700,10,FALSE,West Lothian,West Lothian,False
Livingston,West Lothian Transport News  ( WLTN ),https://www.facebook.com/groups/545153761022788/,1700,8,FALSE,West Lothian,West Lothian,False
Livingston,"Midlothian, Borders, West Lothian & East Lothian Diamond Networking Circle",https://www.facebook.com/groups/370673797215190/,1500,4,FALSE,East Lothian,East Lothian,False
Livingston,west lothian guinea pig rescue,https://www.facebook.com/groups/295485730807447/,1400,2,FALSE,Kirkliston,West Lothian,False
Livingston,Jobs in West Lothian,https://www.facebook.com/groups/841419079234340/,1400,20,FALSE,West Lothian,West Lothian,False
Livingston,Too Good To Go West Lothian,https://www.facebook.com/groups/442922577877885/,1200,10,FALSE,Eliburn,West Lothian,False
Livingston,Livingston Little and Local,https://www.facebook.com/groups/337867964158292/,1100,4,FALSE,Livingston North,West Lothian,False
Livingston,West Lothian Aquarist Society,https://www.facebook.com/groups/369850782983/,1000,7,FALSE,Craigshill,West Lothian,False
Livingston,Youth football for West Lothian,https://www.facebook.com/groups/536423148506212/,1000,4,FALSE,West Lothian,West Lothian,False
Livingston,West Lothian Cycle Circuit Association,https://www.facebook.com/groups/www.westlothiancyclecircuit.org.uk/,989,8,FALSE,Kirkliston,West Lothian,False
Livingston,WEST LOTHIAN FLY TIPPING !,https://www.facebook.com/groups/1872448723048253/,904,2,FALSE,Adambrae,West Lothian,False
Livingston,FACEBAY WEST LOTHIAN,https://www.facebook.com/groups/396551857086689/,757,2,FALSE,West Lothian,West Lothian,False
Livingston,blackburn academy west lothian Friends,https://www.facebook.com/groups/1506439072982526/,553,10,FALSE,West Lothian,West Lothian,False
Livingston,West Lothian Kids Clubs and Activities - Club Hub UK,https://www.facebook.com/groups/385783008695008/,466,8,FALSE,West Lothian,West Lothian,False
Livingston,west lothian weddings,https://www.facebook.com/groups/116018979118467/,363,2,FALSE,West Lothian,West Lothian,False
Livingston,Classifieds West Lothian,https://www.facebook.com/groups/3470853566352704/,351,2,FALSE,West Lothian,West Lothian,False
Livingston,Ratho Businesses,https://www.facebook.com/groups/rathoadvertising/,313,4,FALSE,Ratho,West Lothian,False
Livingston,West Lothian Churches Together,https://www.facebook.com/groups/276439789052502/,312,2,FALSE,West Lothian,West Lothian,False
Livingston,"Broxburn, Uphall, Winchburgh Nature & Environment (West Lothian)",https://www.facebook.com/groups/broxburnareanature/,291,3,FALSE,West Lothian,West Lothian,False
Livingston,West Calder & Harburn Virtual Christmas Market 2020,https://www.facebook.com/groups/1348504195500560/,270,8,FALSE,Harburn,West Lothian,False
Livingston,"Calder Nature & Environment (East & Mid Calder, Kirknewton)",https://www.facebook.com/groups/caldernature/,247,6,FALSE,East Calder,West Lothian,False
Livingston,West Lothian Community News,https://www.facebook.com/groups/328220305990304/,220,8,FALSE,West Lothian,West Lothian,False
Livingston,West Lothian news,https://www.facebook.com/groups/842696903054486/,172,2,FALSE,West Lothian,West Lothian,False
Livingston,West Lothian Fixture Finder,https://www.facebook.com/groups/769672703799365/,168,,FALSE,Carnwath,West Lothian,False
Livingston,"The James Young High School, Livingston, West Lothian",https://www.facebook.com/groups/95200957761/,127,,FALSE,Livingston North,West Lothian,False
Livingston,WestLinton Lions,https://www.facebook.com/groups/westlintonlions/,116,3,FALSE,Cumbria,Cumbria,False
Livingston,West Lothian Anti-cuts Campaign,https://www.facebook.com/groups/124261220965458/,92,,FALSE,Camps,West Lothian,False
Livingston,Jobs UK West Lothian,https://www.facebook.com/groups/jobsukwestlothian/,89,4,FALSE,West Lothian,West Lothian,False
Livingston,West Lothian Finders,https://www.facebook.com/groups/1527429091346572/,65,3,FALSE,West Lothian,West Lothian,False
Makerfield,"Manchester Housing, Room & Flat Share",https://www.facebook.com/groups/434593246717997/,36000,3,FALSE,Greater Manchester,Greater Manchester,False
Makerfield,Polacy w Manchester Salford Bolton Praca Ogłoszenia Uk,https://www.facebook.com/groups/bazar.manchester/,29000,10,FALSE,Greater Manchester,Greater Manchester,False
Makerfield,"Greater Manchester NHS, cost of living, politics and coronavirus news",https://www.facebook.com/groups/coronavirusnewsgreatermanchester/,25000,5,FALSE,Greater Manchester,Greater Manchester,False
Makerfield,Rooms & Flats/Studios To Rent in Greater Manchester,https://www.facebook.com/groups/Rooms2rentUpTo400gbpManchester/,21000,8,FALSE,Greater Manchester,Greater Manchester,False
Makerfield,Polacy w Manchester,https://www.facebook.com/groups/791207357612428/,19000,10,FALSE,Greater Manchester,Greater Manchester,False
Makerfield,☆RESCUED CATS FOR ADOPTION ☆ Greater Manchester ☆,https://www.facebook.com/groups/1406787079366071/,18000,8,FALSE,Greater Manchester,Greater Manchester,False
Makerfield,Ogłoszenia Manchester Bolton  Sprzedam Praca Polacy w  Uk,https://www.facebook.com/groups/polacywuk.preston.blackpool.manchester/,13000,10,FALSE,Greater Manchester,Greater Manchester,False
Makerfield,Pakistani Community in Greater Manchester UK,https://www.facebook.com/groups/433618819073841/,11000,10,FALSE,Greater Manchester,Greater Manchester,False
Makerfield,Manchester - For rent,https://www.facebook.com/groups/513973923968709/,10000,8,FALSE,New Houses,Greater Manchester,False
Makerfield,Polacy w Leeds i Manchester,https://www.facebook.com/groups/117339361636872/,10000,10,FALSE,Greater Manchester,Greater Manchester,False
Makerfield,Pakistani & Indian Community Bolton,https://www.facebook.com/groups/1309334303286768/,6100,10,FALSE,Greater Manchester,Greater Manchester,False
Makerfield,Characters of Platt Bridge,https://www.facebook.com/groups/431262883685613/,5700,2,FALSE,Greater Manchester,Greater Manchester,False
Makerfield,"Gt Manchester, Wigan, Hindley, Hindley Green Neighbourhood Watch Network",https://www.facebook.com/groups/190248352253617/,5400,6,FALSE,Greater Manchester,Greater Manchester,False
Makerfield,Worsley Village Community Association,https://www.facebook.com/groups/719122694929216/,4300,3,FALSE,Greater Manchester,Greater Manchester,False
Makerfield,Hindley and Hindley Green Community Action Group,https://www.facebook.com/groups/620908245110442/,2900,8,FALSE,Hindley Green,Greater Manchester,False
Makerfield,Manchester - Houses for rent | Flats Apartments Houses Rooms,https://www.facebook.com/groups/I5136/,2800,3,FALSE,Greater Manchester,Greater Manchester,False
Makerfield,Manchester - Houses to rent,https://www.facebook.com/groups/I2418/,2500,,FALSE,Greater Manchester,Greater Manchester,False
Makerfield,Greater Manchester County Netball Association,https://www.facebook.com/groups/GMCNA/,2000,8,FALSE,Greater Manchester,Greater Manchester,False
Makerfield,Property to rent - Manchester | Rent Flats Apartments Houses Rooms,https://www.facebook.com/groups/I8791/,1800,2,FALSE,Greater Manchester,Greater Manchester,False
Makerfield,Ashton-under-Lyne | Tameside Community Hub,https://www.facebook.com/groups/tchashtonunderlyne/,1600,6,FALSE,Greater Manchester,Greater Manchester,False
Makerfield,Manchester - Rooms for rent | Flats Apartments Houses Rooms,https://www.facebook.com/groups/I0763/,1300,,FALSE,New Houses,Greater Manchester,False
Makerfield,"Romani in Horwich, Bolton, Great Manchester",https://www.facebook.com/groups/1359063550786814/,1100,5,FALSE,Greater Manchester,Greater Manchester,False
Makerfield,Manchester - Rentals | Housing | Rooms,https://www.facebook.com/groups/manchesterrentals/,1000,2,FALSE,New Houses,Greater Manchester,False
Makerfield,Greater Manchester Jobs & Funded Training (JobSkilla),https://www.facebook.com/groups/1880929342186088/,941,8,FALSE,Greater Manchester,Greater Manchester,False
Makerfield,Greater Manchester Muslim Accomodation & Jobs,https://www.facebook.com/groups/277898002693037/,802,7,FALSE,Greater Manchester,Greater Manchester,False
Makerfield,Hindley and Hindley Green Community Book Club,https://www.facebook.com/groups/3971349746272619/,685,,FALSE,Hindley Green,Greater Manchester,False
Makerfield,Manchester Homes,https://www.facebook.com/groups/ManchesterHomes/,557,8,FALSE,Greater Manchester,Greater Manchester,False
Makerfield,The Greater Manchester Skeptics Society,https://www.facebook.com/groups/GMSkeptics/,422,2,FALSE,Greater Manchester,Greater Manchester,False
Makerfield,"UK Pole, Aerial and Burlesque Events in Greater Manchester & North West",https://www.facebook.com/groups/633517658702440/,314,10,FALSE,Greater Manchester,Greater Manchester,False
Makerfield,Houses To Rent In Manchester,https://www.facebook.com/groups/1445881142980551/,261,5,FALSE,New Houses,Greater Manchester,False
Makerfield,HINDLEY & HINDLEY GREEN SPEED WATCH GROUP,https://www.facebook.com/groups/944309996336893/,248,,FALSE,Hindley Green,Greater Manchester,False
Makerfield,"Low cost days out, recipes, money saving tips, and more. Greater Manchester",https://www.facebook.com/groups/949890815666149/,148,8,FALSE,Greater Manchester,Greater Manchester,False
Makerfield,Bull Breed dogs in Bolton and Greater manchester.,https://www.facebook.com/groups/195683690580136/,145,,FALSE,Greater Manchester,Greater Manchester,False
Makerfield,"RENT HIGHEST ROOMS, HOMES IN BOLTON, MANCHESTER",https://www.facebook.com/groups/1272769090319002/,141,3,FALSE,Bolton Houses,Lancashire,False
Makerfield,GREATER MANCHESTER SUMMER SUPER LEAGUE,https://www.facebook.com/groups/252826998165016/,138,,FALSE,Greater Manchester,Greater Manchester,False
Makerfield,Sweet Treats In Manchester on 851 Ashton New rd,https://www.facebook.com/groups/599613263425844/,125,,FALSE,Ashton,Greater Manchester,False
Makerfield,"Jobs in Bolton, Greater Manchester",https://www.facebook.com/groups/jobmoveinbolton/,113,2,FALSE,Greater Manchester,Greater Manchester,False
Makerfield,"Man In A Van 🚐 Greater Manchester,Smart Removals LTD.  WE COVER IT ALL✔️",https://www.facebook.com/groups/580014703650499/,112,10,FALSE,Dover,Greater Manchester,False
Makerfield,Stubshaw Cross Family Group (S.C.F.G),https://www.facebook.com/groups/270094433422907/,110,2,FALSE,Stubshaw Cross,Greater Manchester,False
Makerfield,The Greater Manchester Boutique,https://www.facebook.com/groups/341013971652856/,64,8,FALSE,Greater Manchester,Greater Manchester,False
Makerfield,Rooms Houses Manchester Eccles Swinton Wigan Bolton Liverpool Warrington,https://www.facebook.com/groups/propertiestorentmanchester/,54,10,FALSE,Greater Manchester,Greater Manchester,False
Manchester Central,We Grew Up in Manchester,https://www.facebook.com/groups/wegrewupinmanchester/,138000,8,FALSE,Greater Manchester,Greater Manchester,False
Manchester Central,Chorlton M21,https://www.facebook.com/groups/chorltonm21/,64000,10,FALSE,Greater Manchester,Greater Manchester,False
Manchester Central,Polacy w Manchester,https://www.facebook.com/groups/791207357612428/,19000,10,FALSE,Greater Manchester,Greater Manchester,False
Manchester Central,"M16 Whalley Range, Old Trafford & Firswood & A Big Chunk Of Moss Side",https://www.facebook.com/groups/426132117494763/,18000,10,FALSE,Greater Manchester,Greater Manchester,False
Manchester Central,Manchester Muslims Noticeboard,https://www.facebook.com/groups/218501989842801/,13000,3,FALSE,Greater Manchester,Greater Manchester,False
Manchester Central,"The Ardwick, Longsight, Levenshulme, Gorton & Chorlton-on-Medlock Clan",https://www.facebook.com/groups/767760306586622/,11000,8,FALSE,Chorlton upon Medlock,Greater Manchester,False
Manchester Central,Chorlton What's On,https://www.facebook.com/groups/chorltonwhatson/,11000,10,FALSE,Greater Manchester,Greater Manchester,False
Manchester Central,Manchester Indian Society,https://www.facebook.com/groups/1070025113051712/,11000,10,FALSE,Greater Manchester,Greater Manchester,False
Manchester Central,Pakistani Community in Greater Manchester UK,https://www.facebook.com/groups/433618819073841/,11000,10,FALSE,Greater Manchester,Greater Manchester,False
Manchester Central,GLAD TO BE IN CHORLTON,https://www.facebook.com/groups/glad.to.be.in.chorlton/,9600,10,FALSE,Greater Manchester,Greater Manchester,False
Manchester Central,Chorlton-cum-Hardy,https://www.facebook.com/groups/Chorlton.cum.hardy/,8500,10,FALSE,Greater Manchester,Greater Manchester,False
Manchester Central,Gorton m18 place of all places,https://www.facebook.com/groups/145768018816835/,5600,10,FALSE,Gorton & Abbey Hey,Greater Manchester,False
Manchester Central,Romani in Bradford Leeds Manchester,https://www.facebook.com/groups/1251615661538858/,5300,10,FALSE,Bradford,Greater Manchester,False
Manchester Central,"Culcheth, Glazebury and Croft Forum",https://www.facebook.com/groups/CulchethGlazeburyandCroft/,5000,5,FALSE,Warrington,Warrington,False
Manchester Central,Love Longsight,https://www.facebook.com/groups/lovelongsight/,2100,8,FALSE,Longsight,Greater Manchester,False
Manchester Central,new moston group,https://www.facebook.com/groups/47107911429/,2100,10,FALSE,Greater Manchester,Greater Manchester,False
Manchester Central,Moston community,https://www.facebook.com/groups/2965669407025353/,2000,,FALSE,Greater Manchester,Greater Manchester,False
Manchester Central,Friends of Philips Park Cemetery,https://www.facebook.com/groups/311153857279/,1500,8,FALSE,Philips Park,Greater Manchester,False
Manchester Central,Manchester St. George's Day Parade Committee Official Facebook page.,https://www.facebook.com/groups/1959706764266761/,1500,8,FALSE,St. George's,Greater Manchester,False
Manchester Central,"Acts of kindness - Gorton, Abbey Hey & Openshaw, Manchester",https://www.facebook.com/groups/3011055232290940/,1500,8,FALSE,Abbey Hey,Greater Manchester,False
Manchester Central,The Chorlton Social,https://www.facebook.com/groups/chorltonsingles/,1400,4,FALSE,Greater Manchester,Greater Manchester,False
Manchester Central,New Islington & Ancoats Planning,https://www.facebook.com/groups/NIAplanning/,1300,5,FALSE,Ancoats & Beswick,Greater Manchester,False
Manchester Central,Moss Side & Hulme Community Forum Voice,https://www.facebook.com/groups/362348264280242/,1300,3,FALSE,Merseyside,Merseyside,False
Manchester Central,"Mum and Baby Moston, Failsworth  & Surrounding areas",https://www.facebook.com/groups/808157525970134/,1200,7,FALSE,"Moston, New",Greater Manchester,False
Manchester Central,Clayton Vale Trails MTB Manchester Appreciation Group,https://www.facebook.com/groups/ClaytonValeMTBA/,1100,10,FALSE,Clayton Vale,Greater Manchester,False
Manchester Central,CLAYTON and OPENSHAW INDEPENDENT NEWS,https://www.facebook.com/groups/1551023791854514/,1000,,FALSE,Openshaw,Greater Manchester,False
Manchester Central,Manchester Mexican Society - Group,https://www.facebook.com/groups/mexsoc/,1000,2,FALSE,Collyhurst,Greater Manchester,False
Manchester Central,Miles platting on tour,https://www.facebook.com/groups/418356105801952/,1000,7,FALSE,Miles Platting & Newton Heath,Greater Manchester,False
Manchester Central,Clean & Green Castlefield,https://www.facebook.com/groups/cleangreencastlefield/,834,5,FALSE,Castle Field,Greater Manchester,False
Manchester Central,Leeds Bradford Manchester Kupię Sprzedam Zamienię Dam pracę,https://www.facebook.com/groups/555784071441893/,623,8,FALSE,Bradford,Greater Manchester,False
Manchester Central,miles platting community grocer,https://www.facebook.com/groups/933197616840348/,499,6,FALSE,Miles Platting & Newton Heath,Greater Manchester,False
Manchester Central,Greater Manchester Against Cuts,https://www.facebook.com/groups/gmagainstcuts/,476,8,FALSE,Greater Manchester,Greater Manchester,False
Manchester Central,miles platting,https://www.facebook.com/groups/34426967675/,412,,FALSE,Miles Platting,Greater Manchester,False
Manchester Central,Ancoats Visual Arts,https://www.facebook.com/groups/ancoatsvisualarts/,386,5,FALSE,Ancoats,Greater Manchester,False
Manchester Central,Miles Platting & Newton Heath Litter Pickers,https://www.facebook.com/groups/mpnhlitterpickers/,375,6,FALSE,Miles Platting & Newton Heath,Greater Manchester,False
Manchester Central,Friends of Ancoats Green,https://www.facebook.com/groups/friendsofkempstparkancoats/,358,4,FALSE,Ancoats,Greater Manchester,False
Manchester Central,"UK Pole, Aerial and Burlesque Events in Greater Manchester & North West",https://www.facebook.com/groups/633517658702440/,314,10,FALSE,Greater Manchester,Greater Manchester,False
Manchester Central,MANCHESTER...LONGSIGHT/LEVE/FALLOWFLD/WHALLY RANGE/MOSSIDE/RUSHOLME/WITHING,https://www.facebook.com/groups/2371092967/,310,8,FALSE,Greater Manchester,Greater Manchester,False
Manchester Central,Ancoats and miles Platting community keeping crime down keeping it safe,https://www.facebook.com/groups/1906498426284737/,283,,FALSE,Miles Platting & Newton Heath,Greater Manchester,False
Manchester Central,West gorton community partnership,https://www.facebook.com/groups/621972475899690/,261,8,FALSE,"Gorton, West",Greater Manchester,False
Manchester Central,Ancoats & Beswick Litter Pickers,https://www.facebook.com/groups/ancoatsbeswicklitterpickers/,236,4,FALSE,Ancoats & Beswick,Greater Manchester,False
Manchester Central,"All Saints C of E Primary School, Newton Heath, Manchester",https://www.facebook.com/groups/60195604864/,165,6,FALSE,Newton Heath,Greater Manchester,False
Manchester Central,Comunitatea Românilor Creștini Ortodocși - în Greater Manchester (GB),https://www.facebook.com/groups/1526502307645308/,165,,FALSE,Greater Manchester,Greater Manchester,False
Manchester Central,"Low cost days out, recipes, money saving tips, and more. Greater Manchester",https://www.facebook.com/groups/949890815666149/,148,8,FALSE,Greater Manchester,Greater Manchester,False
Manchester Central,"Jobs in Bolton, Greater Manchester",https://www.facebook.com/groups/jobmoveinbolton/,113,2,FALSE,Greater Manchester,Greater Manchester,False
Manchester Central,"Random act of kindness New Moston, Moston and Harpurhey",https://www.facebook.com/groups/942053739809213/,107,6,FALSE,"Moston, New",Greater Manchester,False
Manchester Central,Walk Ride Ancoats & New Islington,https://www.facebook.com/groups/walkrideancoats/,101,9,FALSE,Ancoats & Beswick,Greater Manchester,False
Manchester Central,Broadhurst Park Friends,https://www.facebook.com/groups/1218658142156024/,101,3,FALSE,Greater Manchester,Greater Manchester,False
Manchester Central,growing up in miles platting  and ancoats and collyhurst,https://www.facebook.com/groups/1406029483003687/,77,,FALSE,Miles Platting,Greater Manchester,False
Manchester Central,Mulligans of Deansgate (Manchester),https://www.facebook.com/groups/71735072232/,73,,FALSE,Deansgate,Greater Manchester,False
Manchester Central,Broadhurst Park SSCC,https://www.facebook.com/groups/241995149226273/,67,,FALSE,Broadhurst Park,Greater Manchester,False
Manchester Central,"Help Find Jordan Ratcliffe From Moston, Manchester",https://www.facebook.com/groups/770507706330109/,53,,FALSE,Moston,Greater Manchester,False
Manchester Central,West gorton community grocers,https://www.facebook.com/groups/388915542150902/,52,,FALSE,West Gorton,Greater Manchester,False
Mansfield,Pizza Brick Oven,https://www.facebook.com/groups/pizza.brick.oven/,151000,5,FALSE,Brick Kiln,Nottinghamshire,False
Mansfield,Nottingham Crimewatch Group,https://www.facebook.com/groups/nottinghamcrimewatch/,60000,8,FALSE,Nottinghamshire,Nottinghamshire,False
Mansfield,Equine Community Nottinghamshire,https://www.facebook.com/groups/256895031004719/,33000,10,FALSE,Nottinghamshire,Nottinghamshire,False
Mansfield,OFFICIAL NOTTINGHAM FOREST SUPPORTERS CLUB,https://www.facebook.com/groups/NFSC.admin/,24000,10,FALSE,Nottinghamshire,Nottinghamshire,False
Mansfield,"Free cycle Nottinghamshire (Mansfield, Sutton, Kirkby & surrounding areas)",https://www.facebook.com/groups/1851998491608516/,14000,7,FALSE,Nottinghamshire,Nottinghamshire,False
Mansfield,Nottinghamshire Jobs and Opportunities,https://www.facebook.com/groups/393573474025648/,12000,10,FALSE,Nottinghamshire,Nottinghamshire,False
Mansfield,Sherwood / Community Group in Nottingham,https://www.facebook.com/groups/120596331930125/,12000,8,FALSE,Nottinghamshire,Nottinghamshire,False
Mansfield,Nottingham Jobs in...,https://www.facebook.com/groups/1782356825331099/,10000,10,FALSE,Nottinghamshire,Nottinghamshire,False
Mansfield,Romani in Nottingham Nottinghamshire,https://www.facebook.com/groups/440779350495861/,9900,10,FALSE,Nottinghamshire,Nottinghamshire,False
Mansfield,Newark-On-Trent Nottinghamshire,https://www.facebook.com/groups/laurencegoffnewarknotts/,9900,10,FALSE,Nottinghamshire,Nottinghamshire,False
Mansfield,Friends of Gedling Country Park,https://www.facebook.com/groups/FriendsofGCP/,6900,3,FALSE,Nottinghamshire,Nottinghamshire,False
Mansfield,Brick Oven Builders,https://www.facebook.com/groups/6349162214/,6600,5,FALSE,Brick Kiln,Nottinghamshire,False
Mansfield,Mansfield woodhouse free 2 Recycle,https://www.facebook.com/groups/1360379964171294/,6600,3,FALSE,"Woodhouse, Mansfield",Nottinghamshire,False
Mansfield,Nottingham Forest Community Official Supporters Group,https://www.facebook.com/groups/nottinghamforestcommunity/,6300,4,FALSE,Ling Forest,Nottinghamshire,False
Mansfield,Ogłoszenia Nottinghamshire,https://www.facebook.com/groups/ogloszenianottinghamshire/,6300,9,FALSE,Nottinghamshire,Nottinghamshire,False
Mansfield,Nottingham and Nottinghamshire Walks,https://www.facebook.com/groups/146116497136270/,6000,4,FALSE,Nottinghamshire,Nottinghamshire,False
Mansfield,"Eating Out In & Around Derbyshire, Nottinghamshire & South Yorkshire",https://www.facebook.com/groups/stickybeakblog/,5900,6,FALSE,Nottinghamshire,Nottinghamshire,False
Mansfield,Nottingham Small Businesses,https://www.facebook.com/groups/249072217736033/,5900,10,FALSE,Nottinghamshire,Nottinghamshire,False
Mansfield,Cheap cars vans in nottinghamshire,https://www.facebook.com/groups/347512065438431/,5800,10,FALSE,Nottinghamshire,Nottinghamshire,False
Mansfield,LOVE NORTH NOTTS - Retford Worksop Sherwood Newark Mansfield Southwell...,https://www.facebook.com/groups/lovenorthnotts/,5800,10,FALSE,Nottinghamshire,Nottinghamshire,False
Mansfield,Horse lovers of Nottinghamshire and mansfield,https://www.facebook.com/groups/131651743711050/,5600,10,FALSE,Farnsfield,Nottinghamshire,False
Mansfield,Clipstone (Nottinghamshire) community news and whinging group,https://www.facebook.com/groups/546429042124167/,5600,10,FALSE,Nottinghamshire,Nottinghamshire,False
Mansfield,JOBS IN NOTTINGHAM / NEWARK / MANSFIELD,https://www.facebook.com/groups/5908856022541359/,5500,10,FALSE,Nottinghamshire,Nottinghamshire,False
Mansfield,Park Hall Community Association (Stoke on Trent),https://www.facebook.com/groups/1529085337331697/,5100,2,FALSE,Stoke-on-Trent,Stoke-on-Trent,False
Mansfield,Nottinghamshire Parents Network,https://www.facebook.com/groups/378947586261795/,5000,10,FALSE,Nottinghamshire,Nottinghamshire,False
Mansfield,Rehoming Fish Nottingham/Nottinghamshire,https://www.facebook.com/groups/299780615440734/,4700,9,FALSE,Fishpond,Nottinghamshire,False
Mansfield,Jobs in Nottingham,https://www.facebook.com/groups/522994128753419/,4700,10,FALSE,Nottinghamshire,Nottinghamshire,False
Mansfield,Horse Events( all levels ) in the South,https://www.facebook.com/groups/163556827156396/,4500,2,FALSE,Racecourse,Nottinghamshire,False
Mansfield,Peak District National Park Photography Group,https://www.facebook.com/groups/476806315797311/,4400,8,FALSE,Cotes Park,Derbyshire,False
Mansfield,Nottingham forest supporters group,https://www.facebook.com/groups/408928457792337/,4400,10,FALSE,Nottinghamshire,Nottinghamshire,False
Mansfield,WHAT'S ON WARSOP,https://www.facebook.com/groups/782575709275023/,4300,3,FALSE,Warsop ED,Nottinghamshire,False
Mansfield,Woodhouse Reborn,https://www.facebook.com/groups/woodhouserebirthofacommunity/,4200,8,FALSE,Nottinghamshire,Nottinghamshire,False
Mansfield,"Southlodgemeadows Dog Parks & Doggy dip""n""dive",https://www.facebook.com/groups/www.southlodgemeadows.co.uk/,3800,5,FALSE,"Park, The",Nottinghamshire,False
Mansfield,Farm Stuff Nottinghamshire/ Lincolnshire,https://www.facebook.com/groups/677060929011267/,3200,10,FALSE,Lincolnshire,Lincolnshire,False
Mansfield,Anything Horse Nottingham,https://www.facebook.com/groups/856849681124720/,3100,8,FALSE,Racecourse,Nottinghamshire,False
Mansfield,"Stanton Hill, Nottinghamshire, United Kingdom.",https://www.facebook.com/groups/11764920038/,2900,5,FALSE,Nottinghamshire,Nottinghamshire,False
Mansfield,Hornby Village Group,https://www.facebook.com/groups/822404751449191/,2600,2,FALSE,Hornby,Lancashire,False
Mansfield,Gigs in Nottinghamshire - Nottingham and surrounding areas,https://www.facebook.com/groups/751739308184209/,2500,10,FALSE,Nottinghamshire,Nottinghamshire,False
Mansfield,"Abbey Park Local, Nottingham",https://www.facebook.com/groups/1062065820663066/,2400,7,FALSE,Nottingham,Nottingham,False
Mansfield,Nottinghamshire Local Business Network,https://www.facebook.com/groups/588569138187929/,2400,10,FALSE,Nottinghamshire,Nottinghamshire,False
Mansfield,Center Parcs Sherwood Forest,https://www.facebook.com/groups/659045262130103/,2300,4,FALSE,Nottinghamshire,Nottinghamshire,False
Mansfield,UK Dating - NOTTINGHAM,https://www.facebook.com/groups/246934726424327/,2000,8,FALSE,Nottinghamshire,Nottinghamshire,False
Mansfield,Meden Vale Community Group,https://www.facebook.com/groups/4749297031755844/,1600,10,FALSE,Meden,Nottinghamshire,False
Mansfield,Nottingham Pike Fishing,https://www.facebook.com/groups/2014020958832615/,1500,8,FALSE,Fishpond,Nottinghamshire,False
Mansfield,Nottingham Forest News & Info Group,https://www.facebook.com/groups/781548066509648/,1500,8,FALSE,Nottinghamshire,Nottinghamshire,False
Mansfield,Friends Of Church Warsop,https://www.facebook.com/groups/1835823629970088/,1400,6,FALSE,Church Warsop,Nottinghamshire,False
Mansfield,Warsop vale memories,https://www.facebook.com/groups/427929343955354/,1300,20,FALSE,Warsop Vale,Nottinghamshire,False
Mansfield,Mansfield Woodhouse Turner Hall Craft Market,https://www.facebook.com/groups/3122699427944290/,1200,7,FALSE,"Woodhouse, Mansfield",Nottinghamshire,False
Mansfield,Stansted raceway drivers information and chit chat,https://www.facebook.com/groups/1893658330874702/,1100,10,FALSE,Racecourse,Nottinghamshire,False
Mansfield,Mansfield Nottinghamshire UK Lost and Found,https://www.facebook.com/groups/774815779200081/,1100,8,FALSE,Mansfield East ED,Nottinghamshire,False
Mansfield,Nottinghamshire Dog Walking Community,https://www.facebook.com/groups/nottinghamshiredogwalkingcommunity/,1000,4,FALSE,Kings Walk,Nottinghamshire,False
Mansfield,Askham Village Nottinghamshire Chat,https://www.facebook.com/groups/347732092780656/,976,8,FALSE,Nottinghamshire,Nottinghamshire,False
Mansfield,ParkHall community Trade Group,https://www.facebook.com/groups/2269599963174238/,800,2,FALSE,Park Hall,Nottinghamshire,False
Mansfield,Pimp Hall Park & Nature Reserve,https://www.facebook.com/groups/769482953104330/,800,7,FALSE,Lancashire,Lancashire,False
Mansfield,BUSINESSES & FACEBOOK GROUPS NOTTINGHAMSHIRE ONLY,https://www.facebook.com/groups/484267558318804/,772,2,FALSE,Nottinghamshire,Nottinghamshire,False
Mansfield,Nottingham Forest,https://www.facebook.com/groups/253825938984/,767,8,FALSE,Ling Forest,Nottinghamshire,False
Mansfield,Nottingham Part Time Jobs,https://www.facebook.com/groups/1771528909792574/,743,,FALSE,Penniment,Nottinghamshire,False
Mansfield,Nottingham what's on,https://www.facebook.com/groups/476581689028077/,704,7,FALSE,Nottinghamshire,Nottinghamshire,False
Mansfield,help find Gizmo Frenchie from Grange Farm MK8 07973836689,https://www.facebook.com/groups/928040754270718/,701,,FALSE,Grange Farm,Nottinghamshire,False
Mansfield,"The Place Community & Activity Centre, Sherwood",https://www.facebook.com/groups/theplacesherwood/,670,2,FALSE,Sherwood Rise,Nottinghamshire,False
Mansfield,Codnor Park Fishery Match Group,https://www.facebook.com/groups/codnorparkfishery/,650,8,FALSE,Codnor Park,Derbyshire,False
Mansfield,Nottingham Bazar,https://www.facebook.com/groups/1476436792644420/,596,2,FALSE,Nottinghamshire,Nottinghamshire,False
Mansfield,Nottinghamshire South Road Fed,https://www.facebook.com/groups/279183084254779/,591,8,FALSE,Nottinghamshire,Nottinghamshire,False
Mansfield,Midlands Youth Racing,https://www.facebook.com/groups/577708312385396/,575,5,FALSE,Racecourse,Nottinghamshire,False
Mansfield,SPION KOP SINGAPURA,https://www.facebook.com/groups/2439691279694335/,567,2,FALSE,Spion Kop,Nottinghamshire,False
Mansfield,NOTTINGHAMSHIRE PAST & PRESENT,https://www.facebook.com/groups/nottinghamshirepastandpresent/,548,8,FALSE,Nottinghamshire,Nottinghamshire,False
Mansfield,Walk and Talk King's Lynn,https://www.facebook.com/groups/2998760207117353/,544,4,FALSE,Kings Walk,Nottinghamshire,False
Mansfield,Nottingham Forest,https://www.facebook.com/groups/250819778064841/,510,6,FALSE,Ling Forest,Nottinghamshire,False
Mansfield,Kiln Refractory Brick,https://www.facebook.com/groups/2137597243168924/,504,4,FALSE,Brick Kiln,Nottinghamshire,False
Mansfield,Nottinghamshire Match Fishing,https://www.facebook.com/groups/441269289309123/,504,5,FALSE,Fishpond,Nottinghamshire,False
Mansfield,Bestwood and Sherwood PCN,https://www.facebook.com/groups/862140891560836/,483,2,FALSE,Nottingham,Nottingham,False
Mansfield,Nottinghamshire Pictures,https://www.facebook.com/groups/1953650021543543/,448,8,FALSE,Nottinghamshire,Nottinghamshire,False
Mansfield,Hatfield Main pit club - Paul Heaton Jacqui Abbott and joe solo 13/09/2018,https://www.facebook.com/groups/266761073946455/,415,7,FALSE,Abbott,Nottinghamshire,False
Mansfield,in loving memory of Dale abbott,https://www.facebook.com/groups/970810629787145/,411,3,FALSE,Abbott,Nottinghamshire,False
Mansfield,📷💛Holly’s personalised picture frames💛📷,https://www.facebook.com/groups/672652633231450/,399,,FALSE,Holly,Nottinghamshire,False
Mansfield,ravensdale middle school,https://www.facebook.com/groups/19229631260/,375,10,FALSE,Ravensdale,Nottinghamshire,False
Mansfield,Portland (UK) Notice Board,https://www.facebook.com/groups/portlanddorset/,355,8,FALSE,Portland,Nottinghamshire,False
Mansfield,Nottingham Forest Fans Club ☑,https://www.facebook.com/groups/nottinghamforestfansclub/,334,2,FALSE,Ling Forest,Nottinghamshire,False
Mansfield,Ling Forest Bears🧸,https://www.facebook.com/groups/2653819591521577/,314,,FALSE,Ling Forest,Nottinghamshire,False
Mansfield,Nottingham Farmers,https://www.facebook.com/groups/1391160374350986/,304,8,FALSE,Grange Farm,Nottinghamshire,False
Mansfield,The Arabian Emporium & Grange Farm Arabians,https://www.facebook.com/groups/101253463278819/,264,,FALSE,Grange Farm,Nottinghamshire,False
Mansfield,Nottinghamshire Kids Clubs and Activities - Club Hub UK,https://www.facebook.com/groups/643849879410883/,262,8,FALSE,Nottinghamshire,Nottinghamshire,False
Mansfield,"Dogs of Ashfield, Nottinghamshire! Walk, socialise and training",https://www.facebook.com/groups/1396265957806367/,187,8,FALSE,"Ashfield, unparished area",Nottinghamshire,False
Mansfield,The Meden,https://www.facebook.com/groups/829584471239929/,185,8,FALSE,Meden,Nottinghamshire,False
Mansfield,Grange Farm Park. Last Min Deals,https://www.facebook.com/groups/572595381868692/,184,4,FALSE,Grange Farm,Nottinghamshire,False
Mansfield,Unite Community Nottinghamshire,https://www.facebook.com/groups/173617186140092/,176,5,FALSE,Nottinghamshire,Nottinghamshire,False
Mansfield,Grange Farm Studio Hangout,https://www.facebook.com/groups/367880365919/,173,4,FALSE,Grange Farm,Nottinghamshire,False
Mansfield,Holly's Younique VIP's,https://www.facebook.com/groups/979146788793802/,166,,FALSE,Holly,Nottinghamshire,False
Mansfield,Friends of Newton Town FC,https://www.facebook.com/groups/NewtonTownFC/,166,,FALSE,Newton Town,Nottinghamshire,False
Mansfield,Park Hall,https://www.facebook.com/groups/2100830720306944/,164,3,FALSE,Park Hall,Derbyshire,False
Mansfield,holly’s wax melts🌸,https://www.facebook.com/groups/259795068865615/,158,,FALSE,Holly,Nottinghamshire,False
Mansfield,Holly wreaths 🌲🎁❄️☃️,https://www.facebook.com/groups/806674536431408/,150,,FALSE,Holly,Nottinghamshire,False
Mansfield,Drinks And Dice - The Nottinghamshire RPG's Gaming Nexus,https://www.facebook.com/groups/drinksanddicenottingham/,149,10,FALSE,Nottinghamshire,Nottinghamshire,False
Mansfield,FM Scents by Holly,https://www.facebook.com/groups/405076277323644/,130,,FALSE,Holly,Nottinghamshire,False
Mansfield,Classifieds Nottinghamshire,https://www.facebook.com/groups/156408869697545/,129,3,FALSE,Nottinghamshire,Nottinghamshire,False
Mansfield,Cash in Hand Jobs - Nottingham,https://www.facebook.com/groups/cashinhandjobsnottingham/,127,10,FALSE,Nottinghamshire,Nottinghamshire,False
Mansfield,Holly #cockapoo #hollypups #mummy,https://www.facebook.com/groups/560649667639831/,121,,FALSE,Holly,Nottinghamshire,False
Mansfield,"Methodist Church, Mansfield Woodhouse",https://www.facebook.com/groups/4644985515567763/,109,8,FALSE,Mansfield Woodhouse,Nottinghamshire,False
Mansfield,Newark & Sherwood Involved Tenants,https://www.facebook.com/groups/277442179431741/,106,8,FALSE,Nottinghamshire,Nottinghamshire,False
Mansfield,Radiance Beauty With Holly,https://www.facebook.com/groups/165819888480742/,101,,FALSE,Holly,Nottinghamshire,False
Mansfield,Nottingham Forest,https://www.facebook.com/groups/1549035655702600/,98,2,FALSE,Ling Forest,Nottinghamshire,False
Mansfield,Sherwood Street,https://www.facebook.com/groups/238610420543295/,95,4,FALSE,Sherwood Rise,Nottinghamshire,False
Mansfield,Nottingham Forest Fans,https://www.facebook.com/groups/492156479950868/,92,4,FALSE,Ling Forest,Nottinghamshire,False
Mansfield,Indians in Nottingham,https://www.facebook.com/groups/349479118218660/,88,5,FALSE,Penniment,Nottinghamshire,False
Mansfield,Nottingham Notice Board,https://www.facebook.com/groups/nottinghamnoticeboard/,83,3,FALSE,Nottinghamshire,Nottinghamshire,False
Mansfield,Nottinghamshire Farming and Wildlife,https://www.facebook.com/groups/671372462920806/,62,5,FALSE,Dorket Head Farm,Nottinghamshire,False
Mansfield,parking like a twat in Nottinghamshire,https://www.facebook.com/groups/669021929907846/,61,5,FALSE,"Park, The",Nottinghamshire,False
Mansfield,Stop Heydon Grange Wind Farm,https://www.facebook.com/groups/stopheydongrangewindfarm/,58,,FALSE,Grange Farm,Nottinghamshire,False
Mansfield,Northampton fish rehoming,https://www.facebook.com/groups/249396554722721/,56,8,FALSE,Fishpond,Nottinghamshire,False
Mansfield,Jobs in Nottingham,https://www.facebook.com/groups/jobsinottingham/,52,2,FALSE,Nottinghamshire,Nottinghamshire,False
Midlothian,This is Madeira Island,https://www.facebook.com/groups/ThisIsMadeiraIsland/,254000,10,FALSE,Fala Dam,Midlothian,False
Midlothian,Frida Kahlo,https://www.facebook.com/groups/fridakahlofanclub/,114000,10,FALSE,Fala Dam,Midlothian,False
Midlothian,dawssari,https://www.facebook.com/groups/1079557670173308/,39000,6,FALSE,Fala Dam,Midlothian,False
Midlothian,Midlothian Market,https://www.facebook.com/groups/704918999692493/,37000,10,FALSE,Midlothian South,Midlothian,False
Midlothian,Blackburn Noticeboard,https://www.facebook.com/groups/1363571007718763/,18000,10,FALSE,Blackburn with Darwen,Blackburn with Darwen,False
Midlothian,BirdLife Cyprus,https://www.facebook.com/groups/birdlifecyprus/,11000,7,FALSE,Cockpen,Midlothian,False
Midlothian,"Scotland East, Midlothian & Edinburgh",https://www.facebook.com/groups/SCOTLANDEASTADMINLOTHIANEDINBURGH/,11000,8,FALSE,Tranent,Midlothian,False
Midlothian,Edinburgh Fringe Accommodation,https://www.facebook.com/groups/193624720686313/,11000,4,FALSE,City of Edinburgh,City of Edinburgh,False
Midlothian,House exchanges east lothian and midlothian,https://www.facebook.com/groups/241186495962135/,11000,4,FALSE,Midlothian,Midlothian,False
Midlothian,Αγγελίες Κρήτης,https://www.facebook.com/groups/707330521106256/,11000,10,FALSE,Na h-Eileanan Siar,Na h-Eileanan Siar,False
Midlothian,Bristol Spiritual Events,https://www.facebook.com/groups/BristolSpiritualEvents/,7500,10,FALSE,Temple,Midlothian,False
Midlothian,Midlothian News,https://www.facebook.com/groups/542415093416156/,5300,8,FALSE,Midlothian East,Midlothian,False
Midlothian,All About West Lothian,https://www.facebook.com/groups/westlothiannews/,4200,5,FALSE,West Lothian,West Lothian,False
Midlothian,Job opportunities in Midlothian,https://www.facebook.com/groups/1222978691064736/,3500,8,FALSE,Cuiken,Midlothian,False
Midlothian,Poultry Breeders and Keepers In The Midlands,https://www.facebook.com/groups/559871027497374/,3400,8,FALSE,Cockpen,Midlothian,False
Midlothian,Whats Happening in Midlothian,https://www.facebook.com/groups/2456949844530611/,3300,10,FALSE,Midlothian East,Midlothian,False
Midlothian,"Edinburgh, Midlothian, Lothians & Borders Business Directory",https://www.facebook.com/groups/EdinburghLothianAndBordersBusinessDirectory/,2600,10,FALSE,Edinburgh,Midlothian,False
Midlothian,Midlothian lost/found stuff,https://www.facebook.com/groups/247160374276602/,2200,6,FALSE,Easthouses,Midlothian,False
Midlothian,Midlothian Virtual Fayre 🌼,https://www.facebook.com/groups/637937483758332/,1800,6,FALSE,Dalkeith,Midlothian,False
Midlothian,Midlothian Small Businesses,https://www.facebook.com/groups/192019427893167/,1600,10,FALSE,Dalkeith,Midlothian,True
Midlothian,Community Bulletinboard - Midlothian,https://www.facebook.com/groups/220676422307926/,1600,2,FALSE,Midlothian East,Midlothian,False
Midlothian,Newton's Christmas Village,https://www.facebook.com/groups/1489877771320318/,1400,10,FALSE,Newton Village,Midlothian,False
Midlothian,Memories of Poltonhall,https://www.facebook.com/groups/182493835214918/,1300,9,FALSE,Poltonhall,Midlothian,False
Midlothian,"Gorebridge, Midlothian Classified sales ads",https://www.facebook.com/groups/1331994794313409/,1000,2,FALSE,Dalkeith,Midlothian,True
Midlothian,Save Midlothian Music Tuition,https://www.facebook.com/groups/SaveMidGovMusic/,939,2,FALSE,Easthouses,Midlothian,False
Midlothian,MYLE- Midlothian Youth Learning & Employability,https://www.facebook.com/groups/1322884345272600/,751,8,FALSE,Easthouses,Midlothian,False
Midlothian,Midlothian Litter Pickers,https://www.facebook.com/groups/midlothianlitterpickers/,334,2,FALSE,Easthouses,Midlothian,False
Midlothian,Nine Mile Drivers,https://www.facebook.com/groups/189183514442068/,254,,FALSE,Nine Mile Burn,Midlothian,False
Midlothian,Amis qui aiment Damian Tirado,https://www.facebook.com/groups/1691563181113595/,208,2,FALSE,Fala Dam,Midlothian,False
Midlothian,9 Mile Smile,https://www.facebook.com/groups/376101769152972/,162,,FALSE,Nine Mile Burn,Midlothian,False
Midlothian,Sustainable West Linton & District,https://www.facebook.com/groups/622349002797539/,150,2,FALSE,Cumbria,Cumbria,False
Midlothian,West Linton Area Supports Ukraine,https://www.facebook.com/groups/525799572293265/,140,7,FALSE,West Linton,Midlothian,False
Midlothian,Nine mile point fire department misuse of funds Discussion,https://www.facebook.com/groups/855982978824522/,133,,FALSE,Nine Mile Burn,Midlothian,False
Midlothian,WestLinton Lions,https://www.facebook.com/groups/westlintonlions/,116,3,FALSE,Cumbria,Cumbria,False
Midlothian,The Nine Mile Players,https://www.facebook.com/groups/148989961783359/,72,,FALSE,Nine Mile Burn,Midlothian,False
Midlothian,Newton Village Academy PTA Fundraising Group,https://www.facebook.com/groups/206818148276763/,68,5,FALSE,Newton Village,Midlothian,False
Midlothian,West Linton Play Park,https://www.facebook.com/groups/3855278891398325/,64,10,FALSE,West Linton,Midlothian,False
Norwich North,"Philadelphia (PA) - Housing, Rooms, Apartments, Sublets",https://www.facebook.com/groups/apartmentsinphiladelphia/,54000,10,FALSE,Philadelphia,Norfolk,False
Norwich North,Compra/Venta Philadelphia,https://www.facebook.com/groups/compraventaphilly/,42000,10,FALSE,Philadelphia,Norfolk,False
Norwich North,Norwich and Norfolk History,https://www.facebook.com/groups/2907108732729748/,38000,7,FALSE,Norfolk,Norfolk,False
Norwich North,"Jobs in Philadelphia, Pennsylvania | Pennsylvania Jobs | Freelancers",https://www.facebook.com/groups/jobsinpennsylvaniagroup/,36000,10,FALSE,Philadelphia,Norfolk,False
Norwich North,Philadelphia,https://www.facebook.com/groups/198040633655439/,22000,10,FALSE,Philadelphia,Norfolk,False
Norwich North,"Philadelphia, Pennsylvania Friends and city lifestyles",https://www.facebook.com/groups/463478797171340/,16000,10,FALSE,Philadelphia,Norfolk,False
Norwich North,Northeast Philadelphia Residents,https://www.facebook.com/groups/280926815421463/,14000,10,FALSE,Philadelphia,Norfolk,False
Norwich North,Aylsham And Surrounding Areas Community Page (Norfolk),https://www.facebook.com/groups/740547789944327/,12000,10,FALSE,Norfolk,Norfolk,False
Norwich North,The Norwich & Near Community,https://www.facebook.com/groups/TheNorwichAndNearCommunity/,12000,10,FALSE,Norfolk,Norfolk,False
Norwich North,Norwich Notice Board,https://www.facebook.com/groups/norwichnoticeboard/,9000,8,FALSE,Norfolk,Norfolk,False
Norwich North,"Norfolk Events, UK",https://www.facebook.com/groups/334495700057844/,8800,9,FALSE,Norfolk,Norfolk,False
Norwich North,Philadelphia - The Heart of the Delaware Valley,https://www.facebook.com/groups/philadelphiatheheartofthedelawarevalley/,8600,6,FALSE,Philadelphia,Norfolk,False
Norwich North,What's On Today? Norfolk Parents,https://www.facebook.com/groups/1670649809824336/,7700,10,FALSE,Norfolk,Norfolk,False
Norwich North,Plumstead & Thamesmead & Abbey Wood,https://www.facebook.com/groups/567960867158840/,7400,4,FALSE,Outer London,Outer London,False
Norwich North,Norfolk & Norwich Small Businesses,https://www.facebook.com/groups/355327732193376/,6500,10,FALSE,Norfolk,Norfolk,False
Norwich North,Norfolk Business pages,https://www.facebook.com/groups/Localbusinessesfakenham/,5900,4,FALSE,Norfolk,Norfolk,False
Norwich North,Norwich/Norfolk  Tradeperson and Services recommends,https://www.facebook.com/groups/394043994465026/,5400,10,FALSE,Norfolk,Norfolk,False
Norwich North,"Rent Room,house , london, Belvedere Erith Plumstead Abbeywood Woolwich",https://www.facebook.com/groups/947614495269060/,5300,10,FALSE,Outer London,Outer London,False
Norwich North,Hike Norfolk,https://www.facebook.com/groups/hikenorfolk/,3400,8,FALSE,Norfolk,Norfolk,False
Norwich North,Plumstead London Uk,https://www.facebook.com/groups/1746544828822390/,3200,10,FALSE,Norfolk,Norfolk,False
Norwich North,Working For Woodside,https://www.facebook.com/groups/466963286655091/,3100,5,FALSE,Norfolk,Norfolk,False
Norwich North,Philadelphia Travel Tips & Hacks (Tours by Foot - Philadelphia),https://www.facebook.com/groups/1359252831325728/,2700,2,FALSE,Philadelphia,Norfolk,False
Norwich North,Philadelphia iklan jitu,https://www.facebook.com/groups/867486253999046/,2700,10,FALSE,Philadelphia,Norfolk,False
Norwich North,Real Plumstead People,https://www.facebook.com/groups/1020864624598639/,2600,7,FALSE,Norfolk,Norfolk,False
Norwich North,"All Norwich & Norfolk
Yoga & Wellbeing Classes, Workshops & Retreats",https://www.facebook.com/groups/1190439461939536/,2400,10,FALSE,Norfolk,Norfolk,False
Norwich North,Philadelphia,https://www.facebook.com/groups/361115840919887/,2300,6,FALSE,Philadelphia,Norfolk,False
Norwich North,North Norfolk Business Directory,https://www.facebook.com/groups/220276788072477/,1700,10,FALSE,Norfolk,Norfolk,False
Norwich North,"Local Businesses, Norfolk, UK 🇬🇧",https://www.facebook.com/groups/777169199436686/,1600,7,FALSE,Norfolk,Norfolk,False
Norwich North,Sprowstons Local Trades and Businesess NR7,https://www.facebook.com/groups/877131089304016/,1500,10,FALSE,New Sprowston,Norfolk,False
Norwich North,"Local Businesses Ads Taverham, Hellesdon, Great Witchingham, Lenwade",https://www.facebook.com/groups/224699056220079/,1400,10,FALSE,Great Witchingham,Norfolk,False
Norwich North,Old Catton - Given For Free or Kindness,https://www.facebook.com/groups/166851428542643/,1000,3,FALSE,Old Catton ED,Norfolk,False
Norwich North,West Norfolk.,https://www.facebook.com/groups/1831611027152041/,1000,8,FALSE,Norfolk,Norfolk,False
Norwich North,Norfolk Broads Community - Social - Events - Jobs - Clubs - Health Aware,https://www.facebook.com/groups/313586329094693/,839,8,FALSE,Norfolk,Norfolk,False
Norwich North,Norfolk-Norwich MAMYTES,https://www.facebook.com/groups/216626545114667/,665,3,FALSE,Norfolk,Norfolk,False
Norwich North,Norwich Mile Cross Salvation Army,https://www.facebook.com/groups/945899795538072/,475,8,FALSE,"Cross, Mile",Norfolk,False
Norwich North,Start-Rite crome road factory workers,https://www.facebook.com/groups/1511586215791421/,466,10,FALSE,Crome ED,Norfolk,False
Norwich North,"The George - Methwold, Norfolk",https://www.facebook.com/groups/35670510289/,410,2,FALSE,Norfolk,Norfolk,False
Norwich North,Paws of Sewell Park,https://www.facebook.com/groups/276706550237997/,386,4,FALSE,Sewell ED,Norfolk,False
Norwich North,Hellesdon Halloween Trail 2024,https://www.facebook.com/groups/2697410857220101/,291,10,FALSE,Hellesdon ED,Norfolk,False
Norwich North,"Hellesdon Rocks (Norfolk, UK)",https://www.facebook.com/groups/139574176664832/,261,,FALSE,Hellesdon ED,Norfolk,False
Norwich North,Old Catton Community Pantrys,https://www.facebook.com/groups/3333167016792072/,249,4,FALSE,Catton Grove,Norfolk,False
Norwich North,Hellesdon Allotment Holders Association,https://www.facebook.com/groups/469627576552794/,194,8,FALSE,Hellesdon ED,Norfolk,False
Norwich North,Hellesdon 'crew' in the 80's & 90's,https://www.facebook.com/groups/6553846774/,193,,FALSE,Hellesdon ED,Norfolk,False
Norwich North,Hellesdon Heart & Sole Run Club,https://www.facebook.com/groups/756892539757230/,189,3,FALSE,Hellesdon ED,Norfolk,False
Norwich North,"Lisa Gudgeon- OFSTED registered childminder in Thorpe-St-Andrew, Norwich.",https://www.facebook.com/groups/430115970373978/,160,,FALSE,Thorpe St. Andrew,Norfolk,False
Norwich North,Mile Cross Litterbusters,https://www.facebook.com/groups/milecrosslitterpickers/,150,5,FALSE,"Cross, Mile",Norfolk,False
Norwich North,Deer Park Action Group (Old Catton),https://www.facebook.com/groups/5077096945659764/,146,,FALSE,Old Catton,Norfolk,False
Norwich North,NorthEast Philadelphia,https://www.facebook.com/groups/862489031317499/,137,7,FALSE,Philadelphia,Norfolk,False
Norwich North,Catton and all areas trader,https://www.facebook.com/groups/904898169583401/,127,,FALSE,Catton Grove,Norfolk,False
Norwich North,hellesdon life and events but for people who like fireworks,https://www.facebook.com/groups/1163499381250862/,121,,FALSE,Hellesdon,Norfolk,False
Norwich North,Handmade In Hellesdon,https://www.facebook.com/groups/631978890769380/,120,5,FALSE,Hellesdon ED,Norfolk,False
Norwich North,Yoga in Catton Park,https://www.facebook.com/groups/yogaincattonparknorwich/,119,,FALSE,New Catton,Norfolk,False
Norwich North,Mousehold farm,https://www.facebook.com/groups/543860331475710/,109,6,FALSE,Mousehold,Norfolk,False
Norwich North,Catton Grove First/Middle/Primary School Staff,https://www.facebook.com/groups/5763173626/,99,,FALSE,Catton Grove ED,Norfolk,False
Norwich North,"Friends Of Busy Beavers Playgroup, Old Catton, Norwich",https://www.facebook.com/groups/104207363780107/,69,,FALSE,Old Catton,Norfolk,False
Norwich North,SAY NO TO SEWELL on SWINEMOOR LANE,https://www.facebook.com/groups/646076697912155/,63,2,FALSE,Sewell ED,Norfolk,False
Norwich North,Friday Cycle Club (Thorpe St Andrew),https://www.facebook.com/groups/380053826309223/,59,20,FALSE,Thorpe St Andrew,Norfolk,False
Norwich North,Thorpe St. Andrew & Dussindale Covid-19 Community Support,https://www.facebook.com/groups/813850909112652/,54,8,FALSE,Thorpe St. Andrew ED,Norfolk,False
Sittingbourne and Sheppey,Woodstock 1969,https://www.facebook.com/groups/1019681528074248/,155000,4,FALSE,Woodstock,Kent,False
Sittingbourne and Sheppey,"City of Marine City, Michigan",https://www.facebook.com/groups/61693444265/,30000,10,FALSE,Marine Town,Kent,False
Sittingbourne and Sheppey,Twickenham,https://www.facebook.com/groups/TwickenhamVillage/,23000,7,FALSE,Outer London,Outer London,False
Sittingbourne and Sheppey,Woodstock 1969 Fans,https://www.facebook.com/groups/1521159255496454/,17000,10,FALSE,Woodstock,Kent,False
Sittingbourne and Sheppey,Gossip Board - SWALE/ MEDWAY/KENT,https://www.facebook.com/groups/GossipBoard/,17000,10,FALSE,Kent,Kent,False
Sittingbourne and Sheppey,Culpeper Community Corner,https://www.facebook.com/groups/1414853095481318/,14000,10,FALSE,Harman's Corner,Kent,False
Sittingbourne and Sheppey,Isle of Sheppey Traffic and Travel,https://www.facebook.com/groups/209699283405744/,14000,3,FALSE,Sheppey Central,Kent,False
Sittingbourne and Sheppey,"Marine City, Michigan",https://www.facebook.com/groups/454563701297077/,13000,10,FALSE,Marine Town,Kent,False
Sittingbourne and Sheppey,Jobs In Stoke On Trent,https://www.facebook.com/groups/1097635343594906/,13000,8,FALSE,Stoke-on-Trent,Stoke-on-Trent,False
Sittingbourne and Sheppey,Crime In Kent,https://www.facebook.com/groups/CrimeInKent/,10000,8,FALSE,Kent,Kent,False
Sittingbourne and Sheppey,Surrey court and crime,https://www.facebook.com/groups/476005492855920/,9900,8,FALSE,Surrey,Surrey,False
Sittingbourne and Sheppey,Kent Transportation History,https://www.facebook.com/groups/1756215321182409/,8300,10,FALSE,Kent,Kent,False
Sittingbourne and Sheppey,Români în KENT - UK***,https://www.facebook.com/groups/RomaniinKENTUK/,7400,10,FALSE,Kent,Kent,False
Sittingbourne and Sheppey,west kent mutual exchange,https://www.facebook.com/groups/474879562612223/,6600,4,FALSE,Kent,Kent,False
Sittingbourne and Sheppey,Woodstock Community for Moms,https://www.facebook.com/groups/2378165425621599/,6400,10,FALSE,Woodstock,Kent,False
Sittingbourne and Sheppey,Hair and Beauty Ashford Kent,https://www.facebook.com/groups/308256589190982/,6400,10,FALSE,Kent,Kent,False
Sittingbourne and Sheppey,Woodstock Community UK,https://www.facebook.com/groups/1190407231115504/,5800,6,FALSE,Oxfordshire,Oxfordshire,False
Sittingbourne and Sheppey,NW Kent Parks Pubs Markets & things to do,https://www.facebook.com/groups/815000713096624/,5600,8,FALSE,Kent,Kent,False
Sittingbourne and Sheppey,Wall street silver,https://www.facebook.com/groups/772139937065595/,5000,8,FALSE,Silver Street,Somerset,False
Sittingbourne and Sheppey,Ogłoszenia Kent,https://www.facebook.com/groups/ogloszeniakent/,4900,8,FALSE,Kent,Kent,False
Sittingbourne and Sheppey,What's on for kids in Horsham,https://www.facebook.com/groups/whatsonforkidsinhorsham/,4300,8,FALSE,Horsham,Kent,False
Sittingbourne and Sheppey,swale housing exchange,https://www.facebook.com/groups/391183960959998/,3800,3,FALSE,"Swale, unparished area",Kent,False
Sittingbourne and Sheppey,"Properties To Rent In Maidstone, Medway & Swale",https://www.facebook.com/groups/1015888015235048/,3800,8,FALSE,Swale,Kent,False
Sittingbourne and Sheppey,LOCAL BUSINESS GROUP SITTINGBOURNE ONLY,https://www.facebook.com/groups/sittingbournebusiness/,3700,10,FALSE,Sittingbourne South ED,Kent,False
Sittingbourne and Sheppey,Facebay for teynham and murston,https://www.facebook.com/groups/217458765035454/,3600,10,FALSE,Teynham and Lynsted,Kent,False
Sittingbourne and Sheppey,I love Horsham,https://www.facebook.com/groups/horshamwestsussex/,3500,6,FALSE,Horsham,West Sussex,False
Sittingbourne and Sheppey,"Ash Village near Canterbury Kent. The Friendly, Fun and Helpful Group",https://www.facebook.com/groups/382116473125680/,3500,10,FALSE,Kent,Kent,False
Sittingbourne and Sheppey,"SHADOXHURST, A Kent village",https://www.facebook.com/groups/1721139798106705/,3500,4,FALSE,Kent,Kent,False
Sittingbourne and Sheppey,Kent & Essex Equestrian,https://www.facebook.com/groups/118110185211501/,3400,10,FALSE,Essex,Essex,False
Sittingbourne and Sheppey,Sittingbourne Jobs in...,https://www.facebook.com/groups/293152141032259/,3300,2,FALSE,Sittingbourne South ED,Kent,False
Sittingbourne and Sheppey,swale council exchange and rental properties,https://www.facebook.com/groups/1419529084952395/,3100,8,FALSE,"Swale, unparished area",Kent,False
Sittingbourne and Sheppey,Business Board- SWALE/ MEDWAY/ KENT,https://www.facebook.com/groups/367720306963435/,2900,10,FALSE,Kent,Kent,False
Sittingbourne and Sheppey,"4JobSeekers | Maidstone, Tunbridge Wells, Swale & Kent Jobs & Vacancies",https://www.facebook.com/groups/4JobSeekers.Kent/,2900,2,FALSE,Kent,Kent,False
Sittingbourne and Sheppey,Miles City Chatter 2.0,https://www.facebook.com/groups/509410961292189/,2800,10,FALSE,Mile Town,Kent,False
Sittingbourne and Sheppey,Jobs in Sittingbourne,https://www.facebook.com/groups/570544637066015/,2700,8,FALSE,Sittingbourne South ED,Kent,False
Sittingbourne and Sheppey,Sheppey Events and Business Listings,https://www.facebook.com/groups/sheppeyeventslistings/,2600,2,FALSE,Sheppey Central,Kent,False
Sittingbourne and Sheppey,WEST KENT WEDDING SHOP,https://www.facebook.com/groups/433517180061207/,2600,5,FALSE,Kent,Kent,False
Sittingbourne and Sheppey,"Swanton Morley, Norfolk - Community Group",https://www.facebook.com/groups/1036337833512850/,2500,3,FALSE,Norfolk,Norfolk,False
Sittingbourne and Sheppey,"Homewood School, Tenterden, Kent",https://www.facebook.com/groups/674168319303879/,2200,10,FALSE,Kent,Kent,False
Sittingbourne and Sheppey,"WHAT""S GOING ON IN WOODSTOCK AND SURROUNDING AREAS",https://www.facebook.com/groups/292621177429695/,2200,6,FALSE,Oxfordshire,Oxfordshire,False
Sittingbourne and Sheppey,Marine City News and Events,https://www.facebook.com/groups/257400349017420/,2100,2,FALSE,Marine Town,Kent,False
Sittingbourne and Sheppey,Knaphill Businesses,https://www.facebook.com/groups/KnaphillBusinessCommunity/,2000,10,FALSE,Surrey,Surrey,False
Sittingbourne and Sheppey,Kent Street Senior High School Alumni,https://www.facebook.com/groups/4788113252/,1900,8,FALSE,Kent,Kent,False
Sittingbourne and Sheppey,Heart's Delight-Islington Heritage Group,https://www.facebook.com/groups/1568911726559447/,1800,8,FALSE,Hearts Delight,Kent,False
Sittingbourne and Sheppey,Friends of RSPB Rye Meads (new),https://www.facebook.com/groups/380387270214935/,1800,8,FALSE,Inner London,Inner London,False
Sittingbourne and Sheppey,"Matfield, Kent",https://www.facebook.com/groups/matfieldvillage/,1600,7,FALSE,Kent,Kent,False
Sittingbourne and Sheppey,Stoke-on-Trent small business directory,https://www.facebook.com/groups/2663935233894108/,1600,10,FALSE,Stoke-on-Trent,Stoke-on-Trent,False
Sittingbourne and Sheppey,East and Mid Kent Small Businesses,https://www.facebook.com/groups/ssamso/,1600,10,FALSE,Kent,Kent,False
Sittingbourne and Sheppey,The Grove Residents and Neighbours ME10,https://www.facebook.com/groups/1352348388525219/,1500,6,FALSE,Kent,Kent,False
Sittingbourne and Sheppey,Missing and found pets in Kent & Sussex,https://www.facebook.com/groups/163335197208475/,1400,5,FALSE,Kent,Kent,False
Sittingbourne and Sheppey,Visit Sheppey,https://www.facebook.com/groups/sheppeycommunityevents/,1300,8,FALSE,Sheppey ED,Kent,False
Sittingbourne and Sheppey,Events in and around the Crown Finglesham,https://www.facebook.com/groups/842072593839662/,1300,8,FALSE,Kent,Kent,False
Sittingbourne and Sheppey,"South Kenton Village, Preston Road & Wembley",https://www.facebook.com/groups/713208145431348/,1300,5,FALSE,Kent,Kent,False
Sittingbourne and Sheppey,"POLACY W KENT Sheerness, Minster, Sittingborne,",https://www.facebook.com/groups/1063313697094251/,1300,3,FALSE,Kent,Kent,False
Sittingbourne and Sheppey,Swanton Morley Community Notice Board,https://www.facebook.com/groups/2571699239586350/,1300,4,FALSE,Norfolk,Norfolk,False
Sittingbourne and Sheppey,Chestnut Street - Kingston NY,https://www.facebook.com/groups/1512128439089043/,1200,5,FALSE,Chestnut Street,Kent,False
Sittingbourne and Sheppey,Queenborough & Rushenden Community Page,https://www.facebook.com/groups/579481885434939/,1200,8,FALSE,Rushenden,Kent,False
Sittingbourne and Sheppey,Marvellous Minster group,https://www.facebook.com/groups/337502247147864/,1200,8,FALSE,"Minster, West",Kent,False
Sittingbourne and Sheppey,Marine hobbie enthuiasts around kent by jamosreefs,https://www.facebook.com/groups/642124312479536/,1100,10,FALSE,Marine Town,Kent,False
Sittingbourne and Sheppey,The Meads Community Centre,https://www.facebook.com/groups/themeadscommunitycentre/,1100,4,FALSE,The Meads,Kent,False
Sittingbourne and Sheppey,"The Meads County Secondary School, Chertsey",https://www.facebook.com/groups/themeadscountysecondaryschool/,1100,3,FALSE,Surrey,Surrey,False
Sittingbourne and Sheppey,kent marine tropical fish and accessories for swaps,https://www.facebook.com/groups/154967008194951/,1000,10,FALSE,Marine Town,Kent,False
Sittingbourne and Sheppey,Gay Tonbridge & Tunbridge Wells (LGBT West Kent),https://www.facebook.com/groups/10843123741/,1000,8,FALSE,Kent,Kent,False
Sittingbourne and Sheppey,Kent Random Acts of Kindness,https://www.facebook.com/groups/920050675023720/,953,8,FALSE,Kent,Kent,False
Sittingbourne and Sheppey,Today in Hartlip,https://www.facebook.com/groups/1709503989334451/,915,8,FALSE,Hartlip Hill,Kent,False
Sittingbourne and Sheppey,Kent Bricklaying Jobs,https://www.facebook.com/groups/1092274268717816/,900,2,FALSE,Kent,Kent,False
Sittingbourne and Sheppey,Cycling West Kent,https://www.facebook.com/groups/westkentcycling/,896,8,FALSE,Kent,Kent,False
Sittingbourne and Sheppey,Thanet Greens,https://www.facebook.com/groups/535208279955767/,846,3,FALSE,Cambridgeshire,Cambridgeshire,False
Sittingbourne and Sheppey,Everything For Swale Sittingbourne,https://www.facebook.com/groups/124284567660664/,810,2,FALSE,Sittingbourne South ED,Kent,False
Sittingbourne and Sheppey,"Friends of The Grove Park, Carshalton",https://www.facebook.com/groups/8823706207703885/,758,8,FALSE,Kent,Kent,False
Sittingbourne and Sheppey,Friends of the Meads Bridgwater,https://www.facebook.com/groups/FriendsoftheMeads/,743,8,FALSE,The Meads,Kent,False
Sittingbourne and Sheppey,single girls for kent men,https://www.facebook.com/groups/804494369713379/,727,8,FALSE,Kent,Kent,False
Sittingbourne and Sheppey,Crown and sceptre events,https://www.facebook.com/groups/574094759455240/,709,7,FALSE,Crown Quay,Kent,False
Sittingbourne and Sheppey,"Animals Lost, Stolen, Found On The Isle Of Sheppey, Kent",https://www.facebook.com/groups/401368389989872/,652,10,FALSE,Kent,Kent,False
Sittingbourne and Sheppey,Hearts Delight Creations,https://www.facebook.com/groups/913681808829160/,614,20,FALSE,Hearts Delight,Kent,False
Sittingbourne and Sheppey,Kent marine Keepers,https://www.facebook.com/groups/298120342238692/,600,8,FALSE,Marine Town,Kent,False
Sittingbourne and Sheppey,Kent Together,https://www.facebook.com/groups/381267308556268/,573,8,FALSE,Kent,Kent,False
Sittingbourne and Sheppey,The Court Of Kent (Official page),https://www.facebook.com/groups/192744004123278/,564,8,FALSE,Kent,Kent,False
Sittingbourne and Sheppey,KENT NO RULES,https://www.facebook.com/groups/1666959117135666/,561,2,FALSE,Kent,Kent,False
Sittingbourne and Sheppey,The Rotary Club of Minster On Sea,https://www.facebook.com/groups/419888831390738/,558,8,FALSE,Minster-on-Sea,Kent,False
Sittingbourne and Sheppey,"Teynham Trampoline, Gymnastics",https://www.facebook.com/groups/431798512005946/,531,8,FALSE,Teynham and Lynsted,Kent,False
Sittingbourne and Sheppey,ORIGINAL SPRING PARK UPPER SCHOOL WEST WICKHAM KENT,https://www.facebook.com/groups/13046887566/,513,5,FALSE,Kent,Kent,False
Sittingbourne and Sheppey,Artisan Provender,https://www.facebook.com/groups/786934144712953/,489,,FALSE,Provender,Kent,False
Sittingbourne and Sheppey,Minster in Thanet Archive,https://www.facebook.com/groups/258223043375215/,458,3,FALSE,Kent,Kent,False
Sittingbourne and Sheppey,South Kent Corn Crew,https://www.facebook.com/groups/572529166125168/,425,3,FALSE,Kent,Kent,False
Sittingbourne and Sheppey,Kent Tree and Pond Wardens group,https://www.facebook.com/groups/Kenttreeandpondwardens/,414,8,FALSE,Kent,Kent,False
Sittingbourne and Sheppey,Cliffe Kent UNCENSORED,https://www.facebook.com/groups/820114748732637/,393,4,FALSE,Kent,Kent,False
Sittingbourne and Sheppey,Kent and Medway Sales Network,https://www.facebook.com/groups/1007484559282886/,367,8,FALSE,Kent,Kent,False
Sittingbourne and Sheppey,Businesses near Bexleyheath Kent,https://www.facebook.com/groups/254561681419023/,326,3,FALSE,Kent,Kent,False
Sittingbourne and Sheppey,Holy Trinity  Church Milton Regis,https://www.facebook.com/groups/238642939620996/,317,8,FALSE,Milton Regis,Kent,False
Sittingbourne and Sheppey,Heart's Delight Newfoundland Reid and Legge Families,https://www.facebook.com/groups/1411478469116769/,303,6,FALSE,Hearts Delight,Kent,False
Sittingbourne and Sheppey,Petts Woodstock,https://www.facebook.com/groups/560768033933614/,294,2,FALSE,Outer London,Outer London,False
Sittingbourne and Sheppey,Kent Street Community Church,https://www.facebook.com/groups/kentstreetcommunity/,293,8,FALSE,Kent,Kent,False
Sittingbourne and Sheppey,NORTH EAST ENGLAND TREFOIL GUILD,https://www.facebook.com/groups/627612812306233/,268,5,FALSE,The Trefoil,Kent,False
Sittingbourne and Sheppey,Eating in Kent,https://www.facebook.com/groups/1013471603170227/,265,6,FALSE,Kent,Kent,False
Sittingbourne and Sheppey,Hearts Delight,https://www.facebook.com/groups/681475672629669/,257,,FALSE,Hearts Delight,Kent,False
Sittingbourne and Sheppey,We Love Kent,https://www.facebook.com/groups/welovekent/,253,2,FALSE,Kent,Kent,False
Sittingbourne and Sheppey,Brew Town Blues - Milwaukee Blues Dancing,https://www.facebook.com/groups/1783105185287114/,240,5,FALSE,Blue Town,Kent,False
Sittingbourne and Sheppey,Kent Competitions - Group,https://www.facebook.com/groups/649820577572883/,211,3,FALSE,Queenborough and Halfway,Kent,False
Sittingbourne and Sheppey,Official Court Of Minster In Thanet,https://www.facebook.com/groups/575279744643291/,195,3,FALSE,Kent,Kent,False
Sittingbourne and Sheppey,Danaway Residents ME9,https://www.facebook.com/groups/304801671046926/,188,8,FALSE,Danaway,Kent,False
Sittingbourne and Sheppey,Four Oaks Badminton Club,https://www.facebook.com/groups/fouroaksbadmintonclub/,166,5,FALSE,Four Oaks,Kent,False
Sittingbourne and Sheppey,GRAVESEND AND KENT TOWNS HISTORY,https://www.facebook.com/groups/378076408431163/,163,8,FALSE,Kent,Kent,False
Sittingbourne and Sheppey,Combe Down & South Stoke Bath,https://www.facebook.com/groups/1950116985470884/,152,2,FALSE,Bath and North East Somerset,Bath and North East Somerset,False
Sittingbourne and Sheppey,West Kent Federation of WIs,https://www.facebook.com/groups/1213905583337428/,140,10,FALSE,Kent,Kent,False
Sittingbourne and Sheppey,Crown RestoBar Ayia Napa,https://www.facebook.com/groups/696091327089762/,136,,FALSE,Crown Quay,Kent,False
Sittingbourne and Sheppey,warners holiday camp 1975 minster on sea isle of sheppy,https://www.facebook.com/groups/26619810846/,135,8,FALSE,Minster-on-Sea,Kent,False
Sittingbourne and Sheppey,BERKSHIRE TREFOIL GUILD,https://www.facebook.com/groups/852373478449804/,135,8,FALSE,The Trefoil,Kent,False
Sittingbourne and Sheppey,Minster carnival Association,https://www.facebook.com/groups/739276924118793/,128,4,FALSE,"Minster, West",Kent,False
Sittingbourne and Sheppey,Hearts Delight Wood Products,https://www.facebook.com/groups/261637669225904/,126,5,FALSE,Hearts Delight,Kent,False
Sittingbourne and Sheppey,The Mum Club Horsham,https://www.facebook.com/groups/1528011618117130/,126,20,FALSE,Horsham,Kent,False
Sittingbourne and Sheppey,Swale Chess Club,https://www.facebook.com/groups/swalechessclub/,119,8,FALSE,Swale,Kent,False
Sittingbourne and Sheppey,Q Science with The Kent Crew,https://www.facebook.com/groups/1212792179153287/,115,,FALSE,Milstead,Kent,False
Sittingbourne and Sheppey,West Kent District NEU,https://www.facebook.com/groups/wkdistrict/,115,2,FALSE,Kent,Kent,False
Sittingbourne and Sheppey,East Kent Autism & ADHD Social,https://www.facebook.com/groups/1305979096986835/,115,4,FALSE,Kent,Kent,False
Sittingbourne and Sheppey,Marine enthusiasts in Kent,https://www.facebook.com/groups/498606556894878/,93,10,FALSE,Marine Town,Kent,False
Sittingbourne and Sheppey,NSW - Natural Seawater for Marine Tanks - The Kent Coast,https://www.facebook.com/groups/185136693299136/,93,2,FALSE,Marine Town,Kent,False
Sittingbourne and Sheppey,Streatham & Surrounding Towns ★ within 3 miles,https://www.facebook.com/groups/376072927759990/,90,,FALSE,Mile Town,Kent,False
Sittingbourne and Sheppey,West Kent Socialist History Group,https://www.facebook.com/groups/897279654419694/,87,4,FALSE,Kent,Kent,False
Sittingbourne and Sheppey,Kent and surrounding areas uk only chat and make new friends😊,https://www.facebook.com/groups/648307438513399/,86,,FALSE,Deans Bottom,Kent,False
Sittingbourne and Sheppey,"West Kingsdown,Kent Community Noticeboard",https://www.facebook.com/groups/595103763905799/,83,,FALSE,Kent,Kent,False
Sittingbourne and Sheppey,"Gingerbread Crafts Classes and Events - Minster on Sea, Kent",https://www.facebook.com/groups/463203600679425/,79,,FALSE,Kent,Kent,False
Sittingbourne and Sheppey,Kent University Liberty Quays (Medway) 2012 - 2013,https://www.facebook.com/groups/377153515675768/,75,,FALSE,Crown Quay,Kent,False
Sittingbourne and Sheppey,"WOODSTOCK OXFORDSHIRE LOCAL  NEWS, INFORMATION  & CHAT!",https://www.facebook.com/groups/1931389077222675/,57,5,FALSE,Oxfordshire,Oxfordshire,False
South Derbyshire,I Love Melbourne,https://www.facebook.com/groups/942865849839451/,311000,10,FALSE,Melbourne (South Derbyshire),Derbyshire,False
South Derbyshire,I ❤️ AMALFI COAST | Best Places and Travel Tips,https://www.facebook.com/groups/1290271338151975/,261000,9,FALSE,Ann Well Place,Derbyshire,False
South Derbyshire,New York New York USA,https://www.facebook.com/groups/2255223818160754/,59000,10,FALSE,New York,Lincolnshire,False
South Derbyshire,Melbourne Events & Festivals,https://www.facebook.com/groups/478309616272609/,57000,2,FALSE,Melbourne Common,Derbyshire,False
South Derbyshire,I ❤️ DOLOMITES | Best Places and Travel Tips,https://www.facebook.com/groups/806798357474249/,33000,2,FALSE,Ann Well Place,Derbyshire,False
South Derbyshire,Melbourne Labourer's,https://www.facebook.com/groups/1905868316318024/,22000,5,FALSE,Melbourne Common,Derbyshire,False
South Derbyshire,Derbyshire traffic and travel group,https://www.facebook.com/groups/142544453092014/,20000,4,FALSE,Derbyshire,Derbyshire,False
South Derbyshire,"Chat Belper, Derby & Ripley",https://www.facebook.com/groups/735530226498018/,20000,10,FALSE,Derbyshire,Derbyshire,False
South Derbyshire,New York City USA,https://www.facebook.com/groups/newyorkcityusaofficial/,11000,10,FALSE,New York,Derbyshire,False
South Derbyshire,Farm House Karachi,https://www.facebook.com/groups/546537389693748/,10000,10,FALSE,Arleston House Farm,Derbyshire,False
South Derbyshire,Burton and South Derbyshire crime watch group,https://www.facebook.com/groups/389789821561260/,10000,,FALSE,Derbyshire,Derbyshire,False
South Derbyshire,"The Pastures, Narborough",https://www.facebook.com/groups/thepastures/,10000,7,FALSE,Leicestershire,Leicestershire,False
South Derbyshire,Edgbaston Community,https://www.facebook.com/groups/397338030725894/,9800,2,FALSE,West Midlands,West Midlands,False
South Derbyshire,Houses/Apartment/Flat/Rooms for rent or lease in Derbyshire & Derby UK,https://www.facebook.com/groups/Derby.Room/,9800,10,FALSE,Derbyshire,Derbyshire,False
South Derbyshire,NYC - New York City,https://www.facebook.com/groups/1149143862787542/,9500,10,FALSE,New York,Derbyshire,False
South Derbyshire,York Small Businesses,https://www.facebook.com/groups/1387420071526611/,8100,10,FALSE,York,York,False
South Derbyshire,Aston/Shardlow/Weston Village,https://www.facebook.com/groups/1905369059576620/,7600,10,FALSE,Staffordshire,Staffordshire,False
South Derbyshire,ASTON VILLA TICKETS HUB 🎟,https://www.facebook.com/groups/2430019893856295/,7200,10,FALSE,Shropshire,Shropshire,False
South Derbyshire,"What’s occuring in Newhall (Derbyshire, UK)",https://www.facebook.com/groups/137021457161953/,6800,8,FALSE,Derbyshire,Derbyshire,False
South Derbyshire,Derbyshire Bikers,https://www.facebook.com/groups/343798949053818/,6800,6,FALSE,Derbyshire,Derbyshire,False
South Derbyshire,Best Things to do in York Group,https://www.facebook.com/groups/bestthingstodoinyork/,6600,5,FALSE,York,York,False
South Derbyshire,Derbyshire weddings,https://www.facebook.com/groups/derbyshireweddings/,6400,10,FALSE,Derbyshire,Derbyshire,False
South Derbyshire,Romani în Burton-Upon-Trent,https://www.facebook.com/groups/1155009081197084/,6300,10,FALSE,Derbyshire,Derbyshire,False
South Derbyshire,Jobs in New York | NYC Jobs,https://www.facebook.com/groups/480522161225116/,5600,10,FALSE,New York,South Yorkshire,False
South Derbyshire,Ogłoszenia Derbyshire,https://www.facebook.com/groups/ogloszeniaderbyshire/,5600,10,FALSE,Derbyshire,Derbyshire,False
South Derbyshire,The one and only Swadlincote,https://www.facebook.com/groups/351530121724050/,4900,10,FALSE,Swadlincote North ED,Derbyshire,False
South Derbyshire,Derbyshire Music And Arts Events,https://www.facebook.com/groups/DerbyshireMusicAndArtsEvents/,4600,10,FALSE,Derbyshire,Derbyshire,False
South Derbyshire,Coton Park Community Group,https://www.facebook.com/groups/176900130936255/,4500,10,FALSE,Derbyshire,Derbyshire,False
South Derbyshire,We love Derby!,https://www.facebook.com/groups/1912760378753629/,4500,4,FALSE,Derbyshire,Derbyshire,False
South Derbyshire,New York City Weddings,https://www.facebook.com/groups/newyorkcityweddings/,3700,10,FALSE,New York,Derbyshire,False
South Derbyshire,Private Landlord Rentals - Derbyshire & Notts,https://www.facebook.com/groups/privaterentals/,3700,10,FALSE,Oak Flat,Derbyshire,False
South Derbyshire,Derbyshire village of derwent now submerged beneath ladybower dam,https://www.facebook.com/groups/1931065907010921/,3700,8,FALSE,Derbyshire,Derbyshire,False
South Derbyshire,Melbourne Community Group,https://www.facebook.com/groups/melbournebuysale/,3300,10,FALSE,Hertfordshire,Hertfordshire,False
South Derbyshire,The Dukes Of Derbyshire Metal Detecting,https://www.facebook.com/groups/175056880786776/,2900,2,FALSE,Derbyshire,Derbyshire,False
South Derbyshire,Short Heath and New Invention Community News and Information,https://www.facebook.com/groups/929940941607610/,2700,8,FALSE,Shropshire,Shropshire,False
South Derbyshire,Collingham & Linton residents,https://www.facebook.com/groups/323531118644905/,2500,9,FALSE,Linton Heath,Derbyshire,False
South Derbyshire,Keep the High Peak in Derbyshire (Derbyshire and Proud),https://www.facebook.com/groups/derbyshireandproud/,2500,2,FALSE,Derbyshire,Derbyshire,False
South Derbyshire,Ashbourne (Derbyshire) and District online,https://www.facebook.com/groups/385138604444093/,2400,8,FALSE,Derbyshire,Derbyshire,False
South Derbyshire,Bamford In Derbyshire Community Forum,https://www.facebook.com/groups/1358845694133206/,2400,10,FALSE,Derbyshire,Derbyshire,False
South Derbyshire,Things to do in liverpool,https://www.facebook.com/groups/618087394888642/,2400,10,FALSE,Derbyshire,Derbyshire,False
South Derbyshire,Pictures of Sheffield & Derbyshire,https://www.facebook.com/groups/2301655136532485/,2200,8,FALSE,Derbyshire,Derbyshire,False
South Derbyshire,“The Derbyshire Cooking Group”,https://www.facebook.com/groups/1558184177661976/,1900,2,FALSE,Derbyshire,Derbyshire,False
South Derbyshire,Melbourne and Kings Newton Social,https://www.facebook.com/groups/MelbourneandKingsNewtonSocial/,1800,2,FALSE,King's Newton,Derbyshire,False
South Derbyshire,🔥✔️SANTA’S LITTLE HELPS X2 ILKESTON & DERBY & NOTTZ 💯✔️,https://www.facebook.com/groups/2292675690969400/,1800,10,FALSE,Nottinghamshire,Nottinghamshire,False
South Derbyshire,Derbyshire Wildlife Trust - Members Discussion,https://www.facebook.com/groups/88831104711/,1800,8,FALSE,Derbyshire,Derbyshire,False
South Derbyshire,FLEABAY DERBY / DERBYSHIRE,https://www.facebook.com/groups/SwopShopDerby/,1700,10,FALSE,Derbyshire,Derbyshire,False
South Derbyshire,Small Business Finder Derbyshire & Surrounding Counties,https://www.facebook.com/groups/1038424782901414/,1600,10,FALSE,Derbyshire,Derbyshire,False
South Derbyshire,"Newton, Derbyshire forum",https://www.facebook.com/groups/5326126467414469/,1600,4,FALSE,Derbyshire,Derbyshire,False
South Derbyshire,DerbyBiz - The Derbyshire Business Network,https://www.facebook.com/groups/derbybiz/,1600,10,FALSE,Derbyshire,Derbyshire,False
South Derbyshire,HMP NEWHALL GIRLS,https://www.facebook.com/groups/133989416622393/,1500,,FALSE,Newhall and Stanton,Derbyshire,False
South Derbyshire,Drakelow Residents,https://www.facebook.com/groups/drakelowresidents/,1100,8,FALSE,Drakelow,Worcestershire,False
South Derbyshire,Liverpool international friends,https://www.facebook.com/groups/408045662623668/,1100,5,FALSE,Little Liverpool,Derbyshire,False
South Derbyshire,Spotted Scropton,https://www.facebook.com/groups/945257326315705/,1100,8,FALSE,Foston and Scropton,Derbyshire,False
South Derbyshire,"NW, West Yorks & North Derbyshire Brass Band Deps",https://www.facebook.com/groups/178756922178928/,1100,2,FALSE,Derbyshire,Derbyshire,False
South Derbyshire,Derby Advice and Info,https://www.facebook.com/groups/275366357084021/,1000,7,FALSE,Derbyshire,Derbyshire,False
South Derbyshire,Derby Activities,https://www.facebook.com/groups/332400847981902/,1000,6,FALSE,Derbyshire,Derbyshire,False
South Derbyshire,What’s On in Trusthorpe,https://www.facebook.com/groups/1193459578326862/,1000,5,FALSE,Lincolnshire,Lincolnshire,False
South Derbyshire,THE RIPLEY DOG COMMUNITY. (Derbyshire).,https://www.facebook.com/groups/268435980540014/,993,3,FALSE,Derbyshire,Derbyshire,False
South Derbyshire,Derby & Derbyshire,https://www.facebook.com/groups/165704329772899/,964,8,FALSE,Derbyshire,Derbyshire,False
South Derbyshire,Melbourne and Kings Newton Action Group,https://www.facebook.com/groups/melbourneandkingsnewtonresidents/,963,10,FALSE,"Newton, Kings",Derbyshire,False
South Derbyshire,Donisthorpe Business Directory,https://www.facebook.com/groups/363337901393046/,940,9,FALSE,Oakthorpe and Donisthorpe,Leicestershire,False
South Derbyshire,Farm House Aradippou (ομάδα),https://www.facebook.com/groups/798442038982502/,905,8,FALSE,Arleston House Farm,Derbyshire,False
South Derbyshire,Chesterfield and NE Derbyshire Community and Voluntary groups,https://www.facebook.com/groups/511444426774728/,883,4,FALSE,Derbyshire,Derbyshire,False
South Derbyshire,Derbyshire Foraging,https://www.facebook.com/groups/1467854293299267/,735,6,FALSE,Derbyshire,Derbyshire,False
South Derbyshire,Derby's pubs clubs restaurants and party venues/offers/events,https://www.facebook.com/groups/383033655404458/,731,3,FALSE,Derbyshire,Derbyshire,False
South Derbyshire,The Derbyshire Rockin' Scene,https://www.facebook.com/groups/350026668414561/,724,8,FALSE,Derbyshire,Derbyshire,False
South Derbyshire,Midway Clover Farm,https://www.facebook.com/groups/1626833990915261/,717,10,FALSE,Midway Farm,Derbyshire,False
South Derbyshire,"Lost pets of Hilton, Derbyshire & Staffordshire",https://www.facebook.com/groups/1492071867486124/,630,5,FALSE,Derbyshire,Derbyshire,False
South Derbyshire,"Derbyshire Trials Club (+ ""A Bit On The Side"" )",https://www.facebook.com/groups/775197502614629/,618,8,FALSE,The Bent,Derbyshire,False
South Derbyshire,Radbourne Village Community Page,https://www.facebook.com/groups/1396397800405070/,532,8,FALSE,Radbourne Common,Derbyshire,False
South Derbyshire,Derbyshire Health & Wellness,https://www.facebook.com/groups/derbyshirehealthandwellness/,516,8,FALSE,Derbyshire,Derbyshire,False
South Derbyshire,North Derbyshire South Road Federation,https://www.facebook.com/groups/1344398106350442/,513,8,FALSE,Derbyshire,Derbyshire,False
South Derbyshire,The Derbyshire Redcap Club,https://www.facebook.com/groups/242964456391961/,512,7,FALSE,Derbyshire,Derbyshire,False
South Derbyshire,South Derbyshire Road Runners,https://www.facebook.com/groups/990531947663386/,471,3,FALSE,Derbyshire,Derbyshire,False
South Derbyshire,Derbyshire Job and Opportunities,https://www.facebook.com/groups/207554219372219/,466,8,FALSE,Derbyshire,Derbyshire,False
South Derbyshire,Short Heath Fields Trust,https://www.facebook.com/groups/653516225560701/,447,8,FALSE,Short Heath,Derbyshire,False
South Derbyshire,Derbyshire Kids Clubs and Activities - Club Hub UK,https://www.facebook.com/groups/367811183856498/,434,3,FALSE,Derbyshire,Derbyshire,False
South Derbyshire,Derbyshire Brides (UK),https://www.facebook.com/groups/204559716376247/,410,3,FALSE,Derbyshire,Derbyshire,False
South Derbyshire,Derbyshire Jobs,https://www.facebook.com/groups/423047627844728/,394,8,FALSE,Derbyshire,Derbyshire,False
South Derbyshire,Coton park community page,https://www.facebook.com/groups/277814427212787/,365,8,FALSE,Coton Park,Derbyshire,False
South Derbyshire,Friends of Newhall Social Club,https://www.facebook.com/groups/583801598422154/,354,10,FALSE,Newhall and Stanton,Derbyshire,False
South Derbyshire,STAVELEY WHATS ON (Derbyshire),https://www.facebook.com/groups/1464867984163083/,324,2,FALSE,Derbyshire,Derbyshire,False
South Derbyshire,School Activity Opportunities in South Derbyshire & The National Forest,https://www.facebook.com/groups/SchoolActivitiesSDerbys/,302,8,FALSE,Derbyshire,Derbyshire,False
South Derbyshire,Charleston House Finder,https://www.facebook.com/groups/728598353875101/,299,4,FALSE,Arleston House Farm,Derbyshire,False
South Derbyshire,"Jobs in Ashbourne, Derbyshire",https://www.facebook.com/groups/5347686811975353/,289,8,FALSE,Derbyshire,Derbyshire,False
South Derbyshire,New Life Church Ignite | North Derbyshire,https://www.facebook.com/groups/newlifechurchnd/,285,8,FALSE,Derbyshire,Derbyshire,False
South Derbyshire,Clubbercise® Hilton Repton Etwall Stapenhill with Jade,https://www.facebook.com/groups/2294898370775816/,269,10,FALSE,Etwall and Repton ED,Derbyshire,False
South Derbyshire,Spotted UK/Derbyshire,https://www.facebook.com/groups/1209156873570296/,265,8,FALSE,Derbyshire,Derbyshire,False
South Derbyshire,Psychic Derbyshire,https://www.facebook.com/groups/841543057464777/,258,8,FALSE,Derbyshire,Derbyshire,False
South Derbyshire,Charleston House Fan Club,https://www.facebook.com/groups/charleston.house/,255,6,FALSE,Arleston House Farm,Derbyshire,False
South Derbyshire,East Staffordshire and South Derbyshire Methodist Circuit,https://www.facebook.com/groups/4070061686353661/,253,8,FALSE,Derbyshire,Derbyshire,False
South Derbyshire,Derbyshire Blacksmiths,https://www.facebook.com/groups/1652859754931880/,240,6,FALSE,Derbyshire,Derbyshire,False
South Derbyshire,Random acts of Crochet Kindness - Nottingham & Derbyshire,https://www.facebook.com/groups/raocknottinghamandderby/,240,2,FALSE,Derbyshire,Derbyshire,False
South Derbyshire,Derbyshire Archaeological Society,https://www.facebook.com/groups/697218514773793/,238,10,FALSE,Derbyshire,Derbyshire,False
South Derbyshire,"Derbyshire Swifts, House Martins, Sand Martins and Swallows.",https://www.facebook.com/groups/589648005433860/,228,8,FALSE,Derbyshire,Derbyshire,False
South Derbyshire,North Derbyshire Deaf Forum,https://www.facebook.com/groups/1569648716589695/,219,8,FALSE,Derbyshire,Derbyshire,False
South Derbyshire,Derbyshire & High Peak Online Christmas Market 2021,https://www.facebook.com/groups/281936853879608/,213,,FALSE,Derbyshire,Derbyshire,False
South Derbyshire,Derbyshire Peaks and Dales,https://www.facebook.com/groups/205896854861853/,212,7,FALSE,Derbyshire,Derbyshire,False
South Derbyshire,Tutbury Community Chat,https://www.facebook.com/groups/tutburyengland/,199,8,FALSE,Tutbury and Outwoods,Staffordshire,False
South Derbyshire,6 DERBYSHIRE (Vendors & residents),https://www.facebook.com/groups/1834901270103661/,197,5,FALSE,Derbyshire,Derbyshire,False
South Derbyshire,Lowe's Boutique,https://www.facebook.com/groups/935777167194798/,188,5,FALSE,Derbyshire,Derbyshire,False
South Derbyshire,Melbourne Derbyshire Health & Wellbeing,https://www.facebook.com/groups/372159950658120/,178,8,FALSE,Melbourne Common,Derbyshire,False
South Derbyshire,short heath cafe,https://www.facebook.com/groups/1143099873852187/,176,4,FALSE,Staffordshire,Staffordshire,False
South Derbyshire,"The Peoples Republic of Smalldale, Derbyshire",https://www.facebook.com/groups/242299742178/,176,5,FALSE,Derbyshire,Derbyshire,False
South Derbyshire,Wim Hoff Group Derbyshire,https://www.facebook.com/groups/2528419557289027/,161,8,FALSE,Derbyshire,Derbyshire,False
South Derbyshire,Take a Break in Staffordshire & Derbyshire,https://www.facebook.com/groups/gorgeousstaffsandderbys/,161,8,FALSE,Derbyshire,Derbyshire,False
South Derbyshire,St Augustine's Church Derby,https://www.facebook.com/groups/113262952065247/,159,8,FALSE,Derbyshire,Derbyshire,False
South Derbyshire,4JobSeekers | Derby Swadlincote Chesterfield & Derbyshire Jobs & Vacancies,https://www.facebook.com/groups/4jobseekers.derbyshire/,143,8,FALSE,Derbyshire,Derbyshire,False
South Derbyshire,We Love Morley Retreat House in Derbyshire,https://www.facebook.com/groups/47590382667/,119,,FALSE,Derbyshire,Derbyshire,False
South Derbyshire,EVERY LITTLE THING IN DERBY UK 🇬🇧,https://www.facebook.com/groups/1140833433234238/,119,8,FALSE,Derbyshire,Derbyshire,False
South Derbyshire,Kirkcaldy Congregational Church,https://www.facebook.com/groups/kirkcaldycong/,118,5,FALSE,Churchbalk,Derbyshire,False
South Derbyshire,Deeper Life Bible Church Huddersfield,https://www.facebook.com/groups/170383899832808/,116,4,FALSE,Churchbalk,Derbyshire,False
South Derbyshire,Derbyshire County Bridge Association,https://www.facebook.com/groups/2892180084175840/,112,3,FALSE,Derbyshire,Derbyshire,False
South Derbyshire,"College of Charleston-CofC Looking Apartment, House Rental Sublease Housing",https://www.facebook.com/groups/542302195162544/,101,2,FALSE,Arleston House Farm,Derbyshire,False
South Derbyshire,Inner Wheel Club of Ashby de la Zouch,https://www.facebook.com/groups/604251420819348/,101,3,FALSE,Ashby-de-la-Zouch,Derbyshire,False
South Derbyshire,Classifieds Derbyshire,https://www.facebook.com/groups/431696148129991/,90,8,FALSE,Derbyshire,Derbyshire,False
South Derbyshire,Rainbow Trail High Peak / Derbyshire,https://www.facebook.com/groups/838473853305147/,74,,FALSE,Derbyshire,Derbyshire,False
South Derbyshire,Melbourne Youth  Centre South Derbyshire Remembered,https://www.facebook.com/groups/350722879121882/,67,,FALSE,Melbourne (South Derbyshire),Derbyshire,False
South Derbyshire,What's on Church Gresley Music and Events Advertising,https://www.facebook.com/groups/8216079641752968/,65,2,FALSE,"Gresley, Church",Derbyshire,False
South Derbyshire,tip runs/house&garden clearance/house removels in Derbyshire and Nottingham,https://www.facebook.com/groups/1780193805568033/,64,,FALSE,Arleston House Farm,Derbyshire,False
South Derbyshire,"Church Gresley, I need you!",https://www.facebook.com/groups/churchgresleybook/,62,4,FALSE,"Gresley, Church",Derbyshire,False
South Derbyshire,"Lee Hall, VA 411",https://www.facebook.com/groups/629459121252283/,58,5,FALSE,Lees Hall,Derbyshire,False
West Bromwich,Family Days Out in the Midlands,https://www.facebook.com/groups/familydaysoutinthemidlands/,140000,4,FALSE,West Midlands,West Midlands,False
West Bromwich,West Midlands Stolen Cars & Bikes U.K,https://www.facebook.com/groups/320643755016010/,120000,9,FALSE,West Midlands,West Midlands,False
West Bromwich,Before the tip Sandwell and West Midlands,https://www.facebook.com/groups/359294322844364/,48000,10,FALSE,Sandwell Park,West Midlands,True
West Bromwich,Luxury Real Estate Group,https://www.facebook.com/groups/LuxuryRealEstateGroup/,39000,10,FALSE,Grace Mary Estate,West Midlands,False
West Bromwich,Old Midland,https://www.facebook.com/groups/oldmidland/,35000,8,FALSE,West Midlands,West Midlands,False
West Bromwich,MARIE DE TOUTE GRÂCE,https://www.facebook.com/groups/1046477653033231/,24000,4,FALSE,Grace Mary Estate,West Midlands,False
West Bromwich,Dunelm Oldbury | Community Support,https://www.facebook.com/groups/DunelmOldburyCommunitySupport/,17000,5,FALSE,Oldbury,West Midlands,False
West Bromwich,Wednesbury People,https://www.facebook.com/groups/732915324742889/,17000,10,FALSE,Wednesbury North,West Midlands,False
West Bromwich,Wonderful Wednesbury,https://www.facebook.com/groups/1410149105860050/,14000,6,FALSE,Wednesbury North,West Midlands,False
West Bromwich,West Bloomfield Forum,https://www.facebook.com/groups/1617670911862978/,10000,10,FALSE,Bloomfield,West Midlands,False
West Bromwich,"Sandwell West Midlands Area, House Exchange & Other Midlands Areas.",https://www.facebook.com/groups/149587151882358/,9000,8,FALSE,Sandwell Park,West Midlands,False
West Bromwich,Jobs in Dudley,https://www.facebook.com/groups/jobsindudley/,7500,5,FALSE,West Midlands,West Midlands,False
West Bromwich,"Dudley ,Stourbridge, Tipton,West Bromwich lost found pets- West Midlands Uk",https://www.facebook.com/groups/517113618467159/,6500,6,FALSE,West Midlands,West Midlands,True
West Bromwich,Smethwick & Oldbury:  News and Views,https://www.facebook.com/groups/3512835888831434/,6300,6,FALSE,West Midlands,West Midlands,False
West Bromwich,Romani In Wolverhampton ( West-Midlands ),https://www.facebook.com/groups/2707895809242048/,6100,10,FALSE,Tividale,West Midlands,False
West Bromwich,I Live in Wednesbury,https://www.facebook.com/groups/524648232607183/,4900,10,FALSE,Wednesbury North,West Midlands,False
West Bromwich,HOUSE EXCHANGE WEST MIDLANDS,https://www.facebook.com/groups/1431389823948556/,4900,3,FALSE,West Midlands,West Midlands,False
West Bromwich,West Hampstead Ladies,https://www.facebook.com/groups/1783768775184064/,4500,7,FALSE,Hamstead,West Midlands,False
West Bromwich,West Midlands Palestine Solidarity Campaign,https://www.facebook.com/groups/wmpsc/,4000,3,FALSE,West Midlands,West Midlands,True
West Bromwich,Abandoned Places West Midlands,https://www.facebook.com/groups/186223272453869/,4000,8,FALSE,West Midlands,West Midlands,False
West Bromwich,West Bromwich,https://www.facebook.com/groups/westbromwich/,3600,10,FALSE,"Bromwich, Little",West Midlands,False
West Bromwich,Wednesbury Paranormal,https://www.facebook.com/groups/wednesburyparanormal/,3600,8,FALSE,Wednesbury North,West Midlands,False
West Bromwich,JOBS IN TIVIDALE BIRMINGHAM WESMIDLAND UNITED KINGDOM,https://www.facebook.com/groups/excelpartsjobs/,3500,8,FALSE,Tividale,West Midlands,False
West Bromwich,Spotted Wednesbury & Friar Park,https://www.facebook.com/groups/701416888171366/,3500,5,FALSE,Wednesbury North,West Midlands,False
West Bromwich,Oakham/Tividale Community Support Group,https://www.facebook.com/groups/296640457978873/,3000,3,FALSE,Tividale Hall,West Midlands,False
West Bromwich,Tropical Fish Chat Tipton & West Midlands,https://www.facebook.com/groups/1521616531398399/,3000,7,FALSE,Tipton Green,West Midlands,False
West Bromwich,West Bloomfield Social,https://www.facebook.com/groups/2530705890432621/,2700,10,FALSE,Bloomfield,West Midlands,False
West Bromwich,West Midlands Wedding Suppliers,https://www.facebook.com/groups/151829091653900/,2700,10,FALSE,Tividale,West Midlands,True
West Bromwich,A Mum's guide to The West Midlands,https://www.facebook.com/groups/237636730331077/,2600,5,FALSE,The Woods,West Midlands,True
West Bromwich,whats on in Oldbury Warley Brandhall Bearwood & Blackheath,https://www.facebook.com/groups/199785787165721/,2500,3,FALSE,West Midlands,West Midlands,False
West Bromwich,DUDLEY AND WEST MIDLANDS ENTERTAINERS LISTING GROUP,https://www.facebook.com/groups/321591377086/,1800,6,FALSE,West Midlands,West Midlands,True
West Bromwich,West Midlands Craft Network,https://www.facebook.com/groups/1013604988678424/,1800,8,FALSE,West Midlands,West Midlands,True
West Bromwich,Wassell grove carboot,https://www.facebook.com/groups/1645454589000094/,1700,8,FALSE,Charlemont with Grove Vale,West Midlands,False
West Bromwich,Spiritualist & Mediumship Events: West Midlands,https://www.facebook.com/groups/1709404042676653/,1700,4,FALSE,West Midlands,West Midlands,False
West Bromwich,West Midlands Business Posts,https://www.facebook.com/groups/1006246019437524/,1600,8,FALSE,West Midlands,West Midlands,True
West Bromwich,Free and cheap wood West Midlands,https://www.facebook.com/groups/1482163905965818/,1300,2,FALSE,West Midlands,West Midlands,False
West Bromwich,MIDLANDS VILLAGE,https://www.facebook.com/groups/276405275814355/,1200,8,FALSE,West Midlands,West Midlands,False
West Bromwich,ALBION ONLINE WEST AND EAST SERVER WORLD WIDE,https://www.facebook.com/groups/246184607760248/,681,5,FALSE,Albion,West Midlands,False
West Bromwich,Valley Grove - What’s Happening,https://www.facebook.com/groups/836100971388148/,608,3,FALSE,Charlemont with Grove Vale,West Midlands,False
West Bromwich,West Midlands Friends,https://www.facebook.com/groups/744950742509393/,559,8,FALSE,West Midlands,West Midlands,False
West Bromwich,Romani in Oldbury,https://www.facebook.com/groups/638405089682856/,473,8,FALSE,Oldbury,West Midlands,False
West Bromwich,All Things Horsey Midlands,https://www.facebook.com/groups/424904227602322/,337,2,FALSE,West Midlands,West Midlands,False
West Bromwich,Halfpenny Farm Speedy Trivia Quiz Nights Oldbury,https://www.facebook.com/groups/speedyhalfpennyfarm/,331,,FALSE,Oldbury,West Midlands,False
West Bromwich,Actors West Midlands,https://www.facebook.com/groups/187696237480/,291,7,FALSE,West Midlands,West Midlands,False
West Bromwich,Midlands Air Ambulance Charity Shop - West Bromwich,https://www.facebook.com/groups/maacwestbromwich/,274,3,FALSE,Little Bromwich,West Midlands,False
West Bromwich,"Kindness, Quizzes, Quotes, Jokes Wednesbury, West Midlands",https://www.facebook.com/groups/361407169512898/,261,9,FALSE,Wednesbury North,West Midlands,False
West Bromwich,Old fords west midlands,https://www.facebook.com/groups/603395246443531/,254,,FALSE,West Midlands,West Midlands,False
West Bromwich,Social Work Action Network (SWAN) West Midlands,https://www.facebook.com/groups/159610387402479/,224,4,FALSE,Swan Village,West Midlands,False
West Bromwich,"Flat Mutual Exchanges West Midlands, Solihull Sandwell & Surrounding Areas",https://www.facebook.com/groups/484147365283882/,187,7,FALSE,West Midlands,West Midlands,False
West Bromwich,Great Barr Home-made,https://www.facebook.com/groups/330151991963268/,109,9,FALSE,Great Barr,West Midlands,False
West Bromwich,Hamstead back in the day,https://www.facebook.com/groups/217906114968355/,109,8,FALSE,Hamstead,West Midlands,False
West Bromwich,Real Estate Agent West Midlands,https://www.facebook.com/groups/743953685712552/,99,,FALSE,Codsall Estate,West Midlands,False
West Bromwich,WEST BROMWICH ALBION Pride of the Midlands FC,https://www.facebook.com/groups/1426151844358923/,84,20,FALSE,West Midlands,West Midlands,False
West Bromwich,"Selly Oak, Ten Acres,Bournbook  Birmingham West Midlands lost found pets UK",https://www.facebook.com/groups/507608066621772/,55,20,FALSE,West Midlands,West Midlands,False
